episode,file,actions_taken,total_reward,epsilon,instrs_eliminated
0,tests/train_files/train_deep_few_dominated_has_large_v01.simpl,0,2634.6152,1.000,32
0,tests/train_files/train_deep_few_dominated_has_large_v02.simpl,0,2666.6667,1.000,30
0,tests/train_files/train_deep_few_dominated_has_large_v03.simpl,0,2397.4360,1.000,30
0,tests/train_files/train_deep_few_dominated_has_medium_v01.simpl,0,1714.2856,1.000,6
0,tests/train_files/train_deep_few_dominated_has_medium_v02.simpl,0,1428.5713,1.000,4
0,tests/train_files/train_deep_few_dominated_has_medium_v03.simpl,0,1374.9999,1.000,4
0,tests/train_files/train_deep_few_dominated_no_large_v01.simpl,0,2410.2563,1.000,28
0,tests/train_files/train_deep_few_dominated_no_large_v02.simpl,0,2000.0000,1.000,26
0,tests/train_files/train_deep_few_dominated_no_large_v03.simpl,0,2276.9231,1.000,28
0,tests/train_files/train_deep_few_dominated_no_medium_v01.simpl,0,642.8571,1.000,2
0,tests/train_files/train_deep_few_dominated_no_medium_v02.simpl,0,0.0000,1.000,0
0,tests/train_files/train_deep_few_dominated_no_medium_v03.simpl,0,624.9999,1.000,2
0,tests/train_files/train_deep_few_light_has_large_v01.simpl,0,2557.1428,1.000,34
0,tests/train_files/train_deep_few_light_has_large_v02.simpl,0,2634.6152,1.000,32
0,tests/train_files/train_deep_few_light_has_large_v03.simpl,0,2464.2856,1.000,32
0,tests/train_files/train_deep_few_light_has_medium_v01.simpl,0,1625.0000,1.000,6
0,tests/train_files/train_deep_few_light_has_medium_v02.simpl,0,1428.5713,1.000,4
0,tests/train_files/train_deep_few_light_has_medium_v03.simpl,0,1428.5713,1.000,4
0,tests/train_files/train_deep_few_light_no_large_v01.simpl,0,2480.7693,1.000,30
0,tests/train_files/train_deep_few_light_no_large_v02.simpl,0,2153.8462,1.000,28
0,tests/train_files/train_deep_few_light_no_large_v03.simpl,0,2666.6667,1.000,30
0,tests/train_files/train_deep_few_light_no_medium_v01.simpl,0,642.8571,1.000,2
0,tests/train_files/train_deep_few_light_no_medium_v02.simpl,0,0.0000,1.000,0
0,tests/train_files/train_deep_few_light_no_medium_v03.simpl,0,624.9999,1.000,2
0,tests/train_files/train_deep_few_none_has_large_v01.simpl,0,2942.3076,1.000,36
0,tests/train_files/train_deep_few_none_has_large_v02.simpl,0,3083.3333,1.000,34
0,tests/train_files/train_deep_few_none_has_large_v03.simpl,0,2557.1428,1.000,34
0,tests/train_files/train_deep_few_none_has_medium_v01.simpl,0,1714.2856,1.000,6
0,tests/train_files/train_deep_few_none_has_medium_v02.simpl,0,1374.9999,1.000,4
0,tests/train_files/train_deep_few_none_has_medium_v03.simpl,0,928.5714,1.000,4
0,tests/train_files/train_deep_few_none_no_large_v01.simpl,0,2634.6152,1.000,32
0,tests/train_files/train_deep_few_none_no_large_v02.simpl,0,2142.8572,1.000,30
0,tests/train_files/train_deep_few_none_no_large_v03.simpl,0,2270.8333,1.000,32
0,tests/train_files/train_deep_few_none_no_medium_v01.simpl,0,666.6666,1.000,2
0,tests/train_files/train_deep_few_none_no_medium_v02.simpl,0,0.0000,1.000,0
0,tests/train_files/train_deep_few_none_no_medium_v03.simpl,0,476.1905,1.000,2
0,tests/train_files/train_deep_many_dominated_has_large_v01.simpl,0,3212.1211,1.000,25
0,tests/train_files/train_deep_many_dominated_has_large_v02.simpl,0,3083.3335,1.000,22
0,tests/train_files/train_deep_many_dominated_has_large_v03.simpl,0,2976.1902,1.000,23
0,tests/train_files/train_deep_many_dominated_has_medium_v01.simpl,0,2066.6667,1.000,13
0,tests/train_files/train_deep_many_dominated_has_medium_v02.simpl,0,1613.6364,1.000,9
0,tests/train_files/train_deep_many_dominated_has_medium_v03.simpl,0,1600.0000,1.000,10
0,tests/train_files/train_deep_many_dominated_no_large_v01.simpl,0,3050.0000,1.000,24
0,tests/train_files/train_deep_many_dominated_no_large_v02.simpl,0,2166.6665,1.000,21
0,tests/train_files/train_deep_many_dominated_no_large_v03.simpl,0,2676.9231,1.000,22
0,tests/train_files/train_deep_many_dominated_no_medium_v01.simpl,0,2350.0000,1.000,10
0,tests/train_files/train_deep_many_dominated_no_medium_v02.simpl,0,1749.9999,1.000,7
0,tests/train_files/train_deep_many_dominated_no_medium_v03.simpl,0,1600.0000,1.000,8
0,tests/train_files/train_deep_many_light_has_large_v01.simpl,0,3419.2307,1.000,31
0,tests/train_files/train_deep_many_light_has_large_v02.simpl,0,3050.0000,1.000,28
0,tests/train_files/train_deep_many_light_has_large_v03.simpl,0,2971.4285,1.000,29
0,tests/train_files/train_deep_many_light_has_medium_v01.simpl,0,2249.9998,1.000,8
0,tests/train_files/train_deep_many_light_has_medium_v02.simpl,0,2250.0000,1.000,6
0,tests/train_files/train_deep_many_light_has_medium_v03.simpl,0,2499.9998,1.000,7
0,tests/train_files/train_deep_many_light_no_large_v01.simpl,0,3550.0000,1.000,30
0,tests/train_files/train_deep_many_light_no_large_v02.simpl,0,2828.5713,1.000,27
0,tests/train_files/train_deep_many_light_no_large_v03.simpl,0,2761.9048,1.000,28
0,tests/train_files/train_deep_many_light_no_medium_v01.simpl,0,3125.0000,1.000,10
0,tests/train_files/train_deep_many_light_no_medium_v02.simpl,0,1749.9999,1.000,7
0,tests/train_files/train_deep_many_light_no_medium_v03.simpl,0,1600.0000,1.000,8
0,tests/train_files/train_deep_many_none_has_large_v01.simpl,0,3683.3333,1.000,33
0,tests/train_files/train_deep_many_none_has_large_v02.simpl,0,2766.6665,1.000,30
0,tests/train_files/train_deep_many_none_has_large_v03.simpl,0,3296.1538,1.000,31
0,tests/train_files/train_deep_many_none_has_medium_v01.simpl,0,2249.9998,1.000,8
0,tests/train_files/train_deep_many_none_has_medium_v02.simpl,0,2166.6665,1.000,6
0,tests/train_files/train_deep_many_none_has_medium_v03.simpl,0,1999.9999,1.000,7
0,tests/train_files/train_deep_many_none_no_large_v01.simpl,0,3269.2307,1.000,32
0,tests/train_files/train_deep_many_none_no_large_v02.simpl,0,2971.4285,1.000,29
0,tests/train_files/train_deep_many_none_no_large_v03.simpl,0,2800.0000,1.000,30
0,tests/train_files/train_deep_many_none_no_medium_v01.simpl,0,2361.1111,1.000,10
0,tests/train_files/train_deep_many_none_no_medium_v02.simpl,0,1749.9999,1.000,7
0,tests/train_files/train_deep_many_none_no_medium_v03.simpl,0,1999.9999,1.000,8
0,tests/train_files/train_deep_none_dominated_no_large_v01.simpl,0,2916.6667,1.000,35
0,tests/train_files/train_deep_none_dominated_no_large_v02.simpl,0,3500.0000,1.000,35
0,tests/train_files/train_deep_none_dominated_no_large_v03.simpl,0,2916.6667,1.000,35
0,tests/train_files/train_deep_none_dominated_no_medium_v01.simpl,0,333.3333,1.000,1
0,tests/train_files/train_deep_none_dominated_no_medium_v02.simpl,0,250.0000,1.000,1
0,tests/train_files/train_deep_none_dominated_no_medium_v03.simpl,0,250.0000,1.000,1
0,tests/train_files/train_deep_none_none_no_large_v01.simpl,0,2500.0000,1.000,35
0,tests/train_files/train_deep_none_none_no_large_v02.simpl,0,2916.6667,1.000,35
0,tests/train_files/train_deep_none_none_no_large_v03.simpl,0,2333.3335,1.000,35
0,tests/train_files/train_deep_none_none_no_medium_v01.simpl,0,0.0000,1.000,0
0,tests/train_files/train_deep_none_none_no_medium_v02.simpl,0,0.0000,1.000,0
0,tests/train_files/train_deep_none_none_no_medium_v03.simpl,0,0.0000,1.000,0
0,tests/train_files/train_none_few_dominated_has_large_v01.simpl,0,4583.3335,1.000,51
0,tests/train_files/train_none_few_dominated_has_large_v02.simpl,0,4939.3940,1.000,51
0,tests/train_files/train_none_few_dominated_has_large_v03.simpl,0,5500.0000,1.000,51
0,tests/train_files/train_none_few_dominated_has_medium_v01.simpl,0,10999.9990,1.000,11
0,tests/train_files/train_none_few_dominated_has_medium_v02.simpl,0,7499.9995,1.000,11
0,tests/train_files/train_none_few_dominated_has_medium_v03.simpl,0,6333.3330,1.000,11
0,tests/train_files/train_none_few_dominated_no_large_v01.simpl,0,5271.4287,1.000,51
0,tests/train_files/train_none_few_dominated_no_large_v02.simpl,0,5700.0000,1.000,53
0,tests/train_files/train_none_few_dominated_no_large_v03.simpl,0,5366.6665,1.000,51
0,tests/train_files/train_none_few_dominated_no_medium_v01.simpl,0,7499.9995,1.000,11
0,tests/train_files/train_none_few_dominated_no_medium_v02.simpl,0,9499.9990,1.000,13
0,tests/train_files/train_none_few_dominated_no_medium_v03.simpl,0,8999.9990,1.000,11
0,tests/train_files/train_none_few_light_has_large_v01.simpl,0,4435.8975,1.000,53
0,tests/train_files/train_none_few_light_has_large_v02.simpl,0,4750.0000,1.000,53
0,tests/train_files/train_none_few_light_has_large_v03.simpl,0,4654.7617,1.000,53
0,tests/train_files/train_none_few_light_has_medium_v01.simpl,0,11999.9990,1.000,12
0,tests/train_files/train_none_few_light_has_medium_v02.simpl,0,7999.9995,1.000,12
0,tests/train_files/train_none_few_light_has_medium_v03.simpl,0,7999.9995,1.000,12
0,tests/train_files/train_none_few_light_has_tiny_v01.simpl,0,10999.9990,1.000,11
0,tests/train_files/train_none_few_light_has_tiny_v02.simpl,0,7499.9995,1.000,11
0,tests/train_files/train_none_few_light_has_tiny_v03.simpl,0,7499.9995,1.000,11
0,tests/train_files/train_none_few_light_no_large_v01.simpl,0,5121.2119,1.000,53
0,tests/train_files/train_none_few_light_no_large_v02.simpl,0,5083.3330,1.000,55
0,tests/train_files/train_none_few_light_no_large_v03.simpl,0,5025.9741,1.000,53
0,tests/train_files/train_none_few_light_no_medium_v01.simpl,0,11999.9990,1.000,12
0,tests/train_files/train_none_few_light_no_medium_v02.simpl,0,10999.9990,1.000,14
0,tests/train_files/train_none_few_light_no_medium_v03.simpl,0,7999.9995,1.000,12
0,tests/train_files/train_none_few_light_no_tiny_v01.simpl,0,7499.9995,1.000,11
0,tests/train_files/train_none_few_light_no_tiny_v02.simpl,0,9499.9990,1.000,13
0,tests/train_files/train_none_few_light_no_tiny_v03.simpl,0,7499.9995,1.000,11
0,tests/train_files/train_none_few_none_has_large_v01.simpl,0,4750.0000,1.000,55
0,tests/train_files/train_none_few_none_has_large_v02.simpl,0,4821.4287,1.000,55
0,tests/train_files/train_none_few_none_has_large_v03.simpl,0,5303.0303,1.000,55
0,tests/train_files/train_none_few_none_has_medium_v01.simpl,0,12000.0000,1.000,14
0,tests/train_files/train_none_few_none_has_medium_v02.simpl,0,9000.0000,1.000,14
0,tests/train_files/train_none_few_none_has_medium_v03.simpl,0,7000.0000,1.000,14
0,tests/train_files/train_none_few_none_has_tiny_v01.simpl,0,7499.9995,1.000,11
0,tests/train_files/train_none_few_none_has_tiny_v02.simpl,0,7499.9995,1.000,11
0,tests/train_files/train_none_few_none_has_tiny_v03.simpl,0,7499.9995,1.000,11
0,tests/train_files/train_none_few_none_no_large_v01.simpl,0,4214.2856,1.000,55
0,tests/train_files/train_none_few_none_no_large_v02.simpl,0,5493.5068,1.000,57
0,tests/train_files/train_none_few_none_no_large_v03.simpl,0,5303.0303,1.000,55
0,tests/train_files/train_none_few_none_no_medium_v01.simpl,0,6333.3335,1.000,14
0,tests/train_files/train_none_few_none_no_medium_v02.simpl,0,8000.0000,1.000,16
0,tests/train_files/train_none_few_none_no_medium_v03.simpl,0,9000.0000,1.000,14
0,tests/train_files/train_none_few_none_no_tiny_v01.simpl,0,7499.9995,1.000,11
0,tests/train_files/train_none_few_none_no_tiny_v02.simpl,0,12999.9990,1.000,13
0,tests/train_files/train_none_few_none_no_tiny_v03.simpl,0,10999.9990,1.000,11
0,tests/train_files/train_none_many_dominated_has_large_v01.simpl,0,5777.7778,1.000,48
0,tests/train_files/train_none_many_dominated_has_large_v02.simpl,0,6377.7778,1.000,51
0,tests/train_files/train_none_many_dominated_has_large_v03.simpl,0,5977.7778,1.000,49
0,tests/train_files/train_none_many_dominated_has_medium_v01.simpl,0,12500.0000,1.000,20
0,tests/train_files/train_none_many_dominated_has_medium_v02.simpl,0,13000.0000,1.000,23
0,tests/train_files/train_none_many_dominated_has_medium_v03.simpl,0,8000.0000,1.000,21
0,tests/train_files/train_none_many_dominated_no_large_v01.simpl,0,4480.5195,1.000,47
0,tests/train_files/train_none_many_dominated_no_large_v02.simpl,0,6774.9995,1.000,50
0,tests/train_files/train_none_many_dominated_no_large_v03.simpl,0,5777.7778,1.000,48
0,tests/train_files/train_none_many_dominated_no_medium_v01.simpl,0,9000.0000,1.000,19
0,tests/train_files/train_none_many_dominated_no_medium_v02.simpl,0,7249.9995,1.000,22
0,tests/train_files/train_none_many_dominated_no_medium_v03.simpl,0,10000.0000,1.000,20
0,tests/train_files/train_none_many_light_has_large_v01.simpl,0,5168.8311,1.000,54
0,tests/train_files/train_none_many_light_has_large_v02.simpl,0,5787.8789,1.000,57
0,tests/train_files/train_none_many_light_has_large_v03.simpl,0,6100.0000,1.000,55
0,tests/train_files/train_none_many_light_has_medium_v01.simpl,0,10000.0000,1.000,20
0,tests/train_files/train_none_many_light_has_medium_v02.simpl,0,15499.9990,1.000,23
0,tests/train_files/train_none_many_light_has_medium_v03.simpl,0,11000.0000,1.000,21
0,tests/train_files/train_none_many_light_no_large_v01.simpl,0,4654.7617,1.000,53
0,tests/train_files/train_none_many_light_no_large_v02.simpl,0,5454.5454,1.000,56
0,tests/train_files/train_none_many_light_no_large_v03.simpl,0,6150.0000,1.000,54
0,tests/train_files/train_none_many_light_no_medium_v01.simpl,0,9000.0000,1.000,19
0,tests/train_files/train_none_many_light_no_medium_v02.simpl,0,12000.0000,1.000,22
0,tests/train_files/train_none_many_light_no_medium_v03.simpl,0,12500.0000,1.000,20
0,tests/train_files/train_none_many_none_has_large_v01.simpl,0,5350.6494,1.000,56
0,tests/train_files/train_none_many_none_has_large_v02.simpl,0,5583.3335,1.000,59
0,tests/train_files/train_none_many_none_has_large_v03.simpl,0,5250.0000,1.000,57
0,tests/train_files/train_none_many_none_has_medium_v01.simpl,0,10000.0000,1.000,20
0,tests/train_files/train_none_many_none_has_medium_v02.simpl,0,9000.0000,1.000,23
0,tests/train_files/train_none_many_none_has_medium_v03.simpl,0,10499.9990,1.000,21
0,tests/train_files/train_none_many_none_no_large_v01.simpl,0,5207.7925,1.000,55
0,tests/train_files/train_none_many_none_no_large_v02.simpl,0,5636.3638,1.000,58
0,tests/train_files/train_none_many_none_no_large_v03.simpl,0,5469.6973,1.000,56
0,tests/train_files/train_none_many_none_no_medium_v01.simpl,0,9000.0000,1.000,19
0,tests/train_files/train_none_many_none_no_medium_v02.simpl,0,12000.0000,1.000,22
0,tests/train_files/train_none_many_none_no_medium_v03.simpl,0,12500.0000,1.000,20
0,tests/train_files/train_none_none_dominated_no_large_v01.simpl,0,4454.5454,1.000,49
0,tests/train_files/train_none_none_dominated_no_large_v02.simpl,0,3769.2307,1.000,49
0,tests/train_files/train_none_none_dominated_no_large_v03.simpl,0,4454.5454,1.000,49
0,tests/train_files/train_none_none_dominated_no_medium_v01.simpl,0,7999.9995,1.000,8
0,tests/train_files/train_none_none_dominated_no_medium_v02.simpl,0,7999.9995,1.000,8
0,tests/train_files/train_none_none_dominated_no_medium_v03.simpl,0,3999.9998,1.000,8
0,tests/train_files/train_none_none_dominated_no_tiny_v01.simpl,0,500.0000,1.000,1
0,tests/train_files/train_none_none_dominated_no_tiny_v02.simpl,0,999.9999,1.000,1
0,tests/train_files/train_none_none_dominated_no_tiny_v03.simpl,0,999.9999,1.000,1
0,tests/train_files/train_none_none_none_no_large_v01.simpl,0,4226.1904,1.000,50
0,tests/train_files/train_none_none_none_no_large_v02.simpl,0,3666.6667,1.000,50
0,tests/train_files/train_none_none_none_no_large_v03.simpl,0,3935.8975,1.000,50
0,tests/train_files/train_none_none_none_no_medium_v01.simpl,0,4999.9995,1.000,9
0,tests/train_files/train_none_none_none_no_medium_v02.simpl,0,4999.9995,1.000,9
0,tests/train_files/train_none_none_none_no_medium_v03.simpl,0,4999.9995,1.000,9
0,tests/train_files/train_none_none_none_no_tiny_v01.simpl,0,1999.9999,1.000,2
0,tests/train_files/train_none_none_none_no_tiny_v02.simpl,0,1999.9999,1.000,2
0,tests/train_files/train_none_none_none_no_tiny_v03.simpl,0,1999.9999,1.000,2
0,tests/train_files/train_shallow_few_dominated_has_large_v01.simpl,0,3123.0769,1.000,39
0,tests/train_files/train_shallow_few_dominated_has_large_v02.simpl,0,3850.0000,1.000,37
0,tests/train_files/train_shallow_few_dominated_has_large_v03.simpl,0,3019.2307,1.000,37
0,tests/train_files/train_shallow_few_dominated_has_medium_v01.simpl,0,2000.0000,1.000,6
0,tests/train_files/train_shallow_few_dominated_has_medium_v02.simpl,0,1249.9999,1.000,4
0,tests/train_files/train_shallow_few_dominated_has_medium_v03.simpl,0,1749.9999,1.000,4
0,tests/train_files/train_shallow_few_dominated_no_large_v01.simpl,0,2865.3845,1.000,35
0,tests/train_files/train_shallow_few_dominated_no_large_v02.simpl,0,3300.0000,1.000,33
0,tests/train_files/train_shallow_few_dominated_no_large_v03.simpl,0,2865.3845,1.000,35
0,tests/train_files/train_shallow_few_dominated_no_medium_v01.simpl,0,749.9999,1.000,2
0,tests/train_files/train_shallow_few_dominated_no_medium_v02.simpl,0,0.0000,1.000,0
0,tests/train_files/train_shallow_few_dominated_no_medium_v03.simpl,0,749.9999,1.000,2
0,tests/train_files/train_shallow_few_light_has_large_v01.simpl,0,3500.0000,1.000,41
0,tests/train_files/train_shallow_few_light_has_large_v02.simpl,0,4050.0000,1.000,39
0,tests/train_files/train_shallow_few_light_has_large_v03.simpl,0,3123.0769,1.000,39
0,tests/train_files/train_shallow_few_light_has_medium_v01.simpl,0,2000.0000,1.000,6
0,tests/train_files/train_shallow_few_light_has_medium_v02.simpl,0,1749.9999,1.000,4
0,tests/train_files/train_shallow_few_light_has_medium_v03.simpl,0,1600.0000,1.000,4
0,tests/train_files/train_shallow_few_light_no_large_v01.simpl,0,3522.7273,1.000,37
0,tests/train_files/train_shallow_few_light_no_large_v02.simpl,0,3181.8181,1.000,35
0,tests/train_files/train_shallow_few_light_no_large_v03.simpl,0,2821.4285,1.000,37
0,tests/train_files/train_shallow_few_light_no_medium_v01.simpl,0,700.0000,1.000,2
0,tests/train_files/train_shallow_few_light_no_medium_v02.simpl,0,0.0000,1.000,0
0,tests/train_files/train_shallow_few_light_no_medium_v03.simpl,0,583.3333,1.000,2
0,tests/train_files/train_shallow_few_none_has_large_v01.simpl,0,3430.7690,1.000,43
0,tests/train_files/train_shallow_few_none_has_large_v02.simpl,0,3886.3638,1.000,41
0,tests/train_files/train_shallow_few_none_has_large_v03.simpl,0,3276.9231,1.000,41
0,tests/train_files/train_shallow_few_none_has_medium_v01.simpl,0,2250.0000,1.000,6
0,tests/train_files/train_shallow_few_none_has_medium_v02.simpl,0,1600.0000,1.000,4
0,tests/train_files/train_shallow_few_none_has_medium_v03.simpl,0,1600.0000,1.000,4
0,tests/train_files/train_shallow_few_none_no_large_v01.simpl,0,3416.6667,1.000,39
0,tests/train_files/train_shallow_few_none_no_large_v02.simpl,0,3363.6365,1.000,37
0,tests/train_files/train_shallow_few_none_no_large_v03.simpl,0,3256.4102,1.000,39
0,tests/train_files/train_shallow_few_none_no_medium_v01.simpl,0,1249.9999,1.000,2
0,tests/train_files/train_shallow_few_none_no_medium_v02.simpl,0,0.0000,1.000,0
0,tests/train_files/train_shallow_few_none_no_medium_v03.simpl,0,1249.9999,1.000,2
0,tests/train_files/train_shallow_many_dominated_has_large_v01.simpl,0,3931.8179,1.000,31
0,tests/train_files/train_shallow_many_dominated_has_large_v02.simpl,0,3090.9092,1.000,28
0,tests/train_files/train_shallow_many_dominated_has_large_v03.simpl,0,3290.9092,1.000,29
0,tests/train_files/train_shallow_many_dominated_has_medium_v01.simpl,0,3833.3333,1.000,11
0,tests/train_files/train_shallow_many_dominated_has_medium_v02.simpl,0,2952.3809,1.000,8
0,tests/train_files/train_shallow_many_dominated_has_medium_v03.simpl,0,3250.0000,1.000,9
0,tests/train_files/train_shallow_many_dominated_no_large_v01.simpl,0,4000.0000,1.000,31
0,tests/train_files/train_shallow_many_dominated_no_large_v02.simpl,0,3266.6665,1.000,28
0,tests/train_files/train_shallow_many_dominated_no_large_v03.simpl,0,3350.0000,1.000,29
0,tests/train_files/train_shallow_many_dominated_no_medium_v01.simpl,0,2416.6667,1.000,10
0,tests/train_files/train_shallow_many_dominated_no_medium_v02.simpl,0,1749.9999,1.000,7
0,tests/train_files/train_shallow_many_dominated_no_medium_v03.simpl,0,1999.9999,1.000,8
0,tests/train_files/train_shallow_many_light_has_large_v01.simpl,0,4250.0000,1.000,37
0,tests/train_files/train_shallow_many_light_has_large_v02.simpl,0,3636.3638,1.000,34
0,tests/train_files/train_shallow_many_light_has_large_v03.simpl,0,3430.7693,1.000,35
0,tests/train_files/train_shallow_many_light_has_medium_v01.simpl,0,2933.3333,1.000,10
0,tests/train_files/train_shallow_many_light_has_medium_v02.simpl,0,1952.3809,1.000,7
0,tests/train_files/train_shallow_many_light_has_medium_v03.simpl,0,2285.7144,1.000,8
0,tests/train_files/train_shallow_many_light_no_large_v01.simpl,0,4583.3330,1.000,37
0,tests/train_files/train_shallow_many_light_no_large_v02.simpl,0,3650.0000,1.000,34
0,tests/train_files/train_shallow_many_light_no_large_v03.simpl,0,3400.0000,1.000,35
0,tests/train_files/train_shallow_many_light_no_medium_v01.simpl,0,3142.8572,1.000,10
0,tests/train_files/train_shallow_many_light_no_medium_v02.simpl,0,2333.3333,1.000,7
0,tests/train_files/train_shallow_many_light_no_medium_v03.simpl,0,2666.6667,1.000,8
0,tests/train_files/train_shallow_many_none_has_large_v01.simpl,0,4033.3335,1.000,40
0,tests/train_files/train_shallow_many_none_has_large_v02.simpl,0,4350.0000,1.000,37
0,tests/train_files/train_shallow_many_none_has_large_v03.simpl,0,3664.2856,1.000,38
0,tests/train_files/train_shallow_many_none_has_medium_v01.simpl,0,3833.3333,1.000,11
0,tests/train_files/train_shallow_many_none_has_medium_v02.simpl,0,3833.3333,1.000,8
0,tests/train_files/train_shallow_many_none_has_medium_v03.simpl,0,3333.3333,1.000,9
0,tests/train_files/train_shallow_many_none_no_large_v01.simpl,0,4527.2725,1.000,39
0,tests/train_files/train_shallow_many_none_no_large_v02.simpl,0,4166.6665,1.000,36
0,tests/train_files/train_shallow_many_none_no_large_v03.simpl,0,3830.7693,1.000,37
0,tests/train_files/train_shallow_many_none_no_medium_v01.simpl,0,3166.6667,1.000,10
0,tests/train_files/train_shallow_many_none_no_medium_v02.simpl,0,2333.3333,1.000,7
0,tests/train_files/train_shallow_many_none_no_medium_v03.simpl,0,2666.6667,1.000,8
0,tests/train_files/train_shallow_none_dominated_no_large_v01.simpl,0,4200.0000,1.000,42
0,tests/train_files/train_shallow_none_dominated_no_large_v02.simpl,0,4200.0000,1.000,42
0,tests/train_files/train_shallow_none_dominated_no_large_v03.simpl,0,3500.0000,1.000,42
0,tests/train_files/train_shallow_none_dominated_no_medium_v01.simpl,0,500.0000,1.000,1
0,tests/train_files/train_shallow_none_dominated_no_medium_v02.simpl,0,500.0000,1.000,1
0,tests/train_files/train_shallow_none_dominated_no_medium_v03.simpl,0,250.0000,1.000,1
0,tests/train_files/train_shallow_none_none_no_large_v01.simpl,0,3818.1819,1.000,42
0,tests/train_files/train_shallow_none_none_no_large_v02.simpl,0,3500.0000,1.000,42
0,tests/train_files/train_shallow_none_none_no_large_v03.simpl,0,2624.9998,1.000,42
0,tests/train_files/train_shallow_none_none_no_medium_v01.simpl,0,333.3333,1.000,1
0,tests/train_files/train_shallow_none_none_no_medium_v02.simpl,0,333.3333,1.000,1
0,tests/train_files/train_shallow_none_none_no_medium_v03.simpl,0,250.0000,1.000,1
0,tests/train_files/train_shallow_none_none_no_tiny_v01.simpl,0,0.0000,1.000,0
0,tests/train_files/train_shallow_none_none_no_tiny_v02.simpl,0,0.0000,1.000,0
0,tests/train_files/train_shallow_none_none_no_tiny_v03.simpl,0,0.0000,1.000,0
6886,tests/train_files/train_deep_few_dominated_has_large_v01.simpl,5,1676.1906,0.225,32
6887,tests/train_files/train_deep_few_dominated_has_large_v02.simpl,5,1547.6190,0.225,30
6888,tests/train_files/train_deep_few_dominated_has_large_v03.simpl,5,1460.8695,0.225,30
6889,tests/train_files/train_deep_few_dominated_has_medium_v01.simpl,5,666.6667,0.225,6
6890,tests/train_files/train_deep_few_dominated_has_medium_v02.simpl,5,676.4706,0.225,4
6891,tests/train_files/train_deep_few_dominated_has_medium_v03.simpl,5,687.4999,0.225,4
6892,tests/train_files/train_deep_few_dominated_no_large_v01.simpl,5,1535.7144,0.225,28
6893,tests/train_files/train_deep_few_dominated_no_large_v02.simpl,5,1238.0952,0.225,26
6894,tests/train_files/train_deep_few_dominated_no_large_v03.simpl,5,1325.0000,0.225,28
6895,tests/train_files/train_deep_few_dominated_no_medium_v01.simpl,5,400.0000,0.224,2
6896,tests/train_files/train_deep_few_dominated_no_medium_v02.simpl,5,0.0000,0.224,0
6897,tests/train_files/train_deep_few_dominated_no_medium_v03.simpl,5,388.8889,0.224,2
6898,tests/train_files/train_deep_few_light_has_large_v01.simpl,5,1700.0000,0.224,34
6899,tests/train_files/train_deep_few_light_has_large_v02.simpl,5,1726.1906,0.224,32
6900,tests/train_files/train_deep_few_light_has_large_v03.simpl,5,1609.0909,0.224,32
6901,tests/train_files/train_deep_few_light_has_medium_v01.simpl,5,857.1428,0.224,6
6902,tests/train_files/train_deep_few_light_has_medium_v02.simpl,5,700.0000,0.224,4
6903,tests/train_files/train_deep_few_light_has_medium_v03.simpl,5,1187.4999,0.224,4
6904,tests/train_files/train_deep_few_light_no_large_v01.simpl,5,1630.9524,0.223,30
6905,tests/train_files/train_deep_few_light_no_large_v02.simpl,5,1272.7273,0.223,28
6906,tests/train_files/train_deep_few_light_no_large_v03.simpl,5,1518.1819,0.223,30
6907,tests/train_files/train_deep_few_light_no_medium_v01.simpl,5,566.6666,0.223,2
6908,tests/train_files/train_deep_few_light_no_medium_v02.simpl,5,0.0000,0.223,0
6909,tests/train_files/train_deep_few_light_no_medium_v03.simpl,5,562.4999,0.223,2
6910,tests/train_files/train_deep_few_none_has_large_v01.simpl,5,1790.9091,0.223,36
6911,tests/train_files/train_deep_few_none_has_large_v02.simpl,5,1435.8973,0.223,34
6912,tests/train_files/train_deep_few_none_has_large_v03.simpl,5,1517.8572,0.223,34
6913,tests/train_files/train_deep_few_none_has_medium_v01.simpl,5,1333.3333,0.222,6
6914,tests/train_files/train_deep_few_none_has_medium_v02.simpl,5,1187.4999,0.222,4
6915,tests/train_files/train_deep_few_none_has_medium_v03.simpl,5,1187.4999,0.222,4
6916,tests/train_files/train_deep_few_none_no_large_v01.simpl,5,1676.1906,0.222,32
6917,tests/train_files/train_deep_few_none_no_large_v02.simpl,5,1200.0000,0.222,30
6918,tests/train_files/train_deep_few_none_no_large_v03.simpl,5,1659.0909,0.222,32
6919,tests/train_files/train_deep_few_none_no_medium_v01.simpl,5,562.4999,0.222,2
6920,tests/train_files/train_deep_few_none_no_medium_v02.simpl,5,0.0000,0.222,0
6921,tests/train_files/train_deep_few_none_no_medium_v03.simpl,5,400.0000,0.222,2
6922,tests/train_files/train_deep_many_dominated_has_large_v01.simpl,5,2339.1304,0.221,25
6923,tests/train_files/train_deep_many_dominated_has_large_v02.simpl,5,1810.6060,0.221,22
6924,tests/train_files/train_deep_many_dominated_has_large_v03.simpl,5,1977.2727,0.221,23
6925,tests/train_files/train_deep_many_dominated_has_medium_v01.simpl,5,2252.9412,0.221,14
6926,tests/train_files/train_deep_many_dominated_has_medium_v02.simpl,5,1710.5264,0.221,10
6927,tests/train_files/train_deep_many_dominated_has_medium_v03.simpl,5,1715.1515,0.221,11
6928,tests/train_files/train_deep_many_dominated_no_large_v01.simpl,5,2214.2856,0.221,24
6929,tests/train_files/train_deep_many_dominated_no_large_v02.simpl,5,2036.3636,0.221,21
6930,tests/train_files/train_deep_many_dominated_no_large_v03.simpl,5,1969.6970,0.220,22
6931,tests/train_files/train_deep_many_dominated_no_medium_v01.simpl,5,1862.5000,0.220,10
6932,tests/train_files/train_deep_many_dominated_no_medium_v02.simpl,5,1749.9999,0.220,7
6933,tests/train_files/train_deep_many_dominated_no_medium_v03.simpl,5,1999.9999,0.220,8
6934,tests/train_files/train_deep_many_light_has_large_v01.simpl,5,2695.4546,0.220,31
6935,tests/train_files/train_deep_many_light_has_large_v02.simpl,5,2289.8550,0.220,28
6936,tests/train_files/train_deep_many_light_has_large_v03.simpl,5,2366.6667,0.220,29
6937,tests/train_files/train_deep_many_light_has_medium_v01.simpl,5,2624.9998,0.220,14
6938,tests/train_files/train_deep_many_light_has_medium_v02.simpl,5,1710.5264,0.220,10
6939,tests/train_files/train_deep_many_light_has_medium_v03.simpl,5,1755.5557,0.219,11
6940,tests/train_files/train_deep_many_light_no_large_v01.simpl,5,2454.5454,0.219,30
6941,tests/train_files/train_deep_many_light_no_large_v02.simpl,5,2000.0000,0.219,27
6942,tests/train_files/train_deep_many_light_no_large_v03.simpl,5,2012.4222,0.219,28
6943,tests/train_files/train_deep_many_light_no_medium_v01.simpl,5,3058.8235,0.219,10
6944,tests/train_files/train_deep_many_light_no_medium_v02.simpl,5,1400.0000,0.219,7
6945,tests/train_files/train_deep_many_light_no_medium_v03.simpl,5,1999.9999,0.219,8
6946,tests/train_files/train_deep_many_none_has_large_v01.simpl,5,2840.4761,0.219,33
6947,tests/train_files/train_deep_many_none_has_large_v02.simpl,5,2340.9092,0.219,30
6948,tests/train_files/train_deep_many_none_has_large_v03.simpl,5,2493.4783,0.218,31
6949,tests/train_files/train_deep_many_none_has_medium_v01.simpl,5,2624.9998,0.218,14
6950,tests/train_files/train_deep_many_none_has_medium_v02.simpl,5,1735.2941,0.218,10
6951,tests/train_files/train_deep_many_none_has_medium_v03.simpl,5,2055.5554,0.218,11
6952,tests/train_files/train_deep_many_none_no_large_v01.simpl,5,2595.2383,0.218,32
6953,tests/train_files/train_deep_many_none_no_large_v02.simpl,5,2046.6666,0.218,29
6954,tests/train_files/train_deep_many_none_no_large_v03.simpl,5,2385.7144,0.218,30
6955,tests/train_files/train_deep_many_none_no_medium_v01.simpl,5,2308.8235,0.218,10
6956,tests/train_files/train_deep_many_none_no_medium_v02.simpl,5,2333.3333,0.218,7
6957,tests/train_files/train_deep_many_none_no_medium_v03.simpl,5,1999.9999,0.217,8
6958,tests/train_files/train_deep_none_dominated_no_large_v01.simpl,5,1842.1053,0.217,35
6959,tests/train_files/train_deep_none_dominated_no_large_v02.simpl,5,1944.4446,0.217,35
6960,tests/train_files/train_deep_none_dominated_no_large_v03.simpl,5,1590.9091,0.217,35
6961,tests/train_files/train_deep_none_dominated_no_medium_v01.simpl,5,90.9091,0.217,1
6962,tests/train_files/train_deep_none_dominated_no_medium_v02.simpl,5,90.9091,0.217,1
6963,tests/train_files/train_deep_none_dominated_no_medium_v03.simpl,5,83.3333,0.217,1
6964,tests/train_files/train_deep_none_none_no_large_v01.simpl,5,1750.0000,0.217,35
6965,tests/train_files/train_deep_none_none_no_large_v02.simpl,5,1750.0000,0.217,35
6966,tests/train_files/train_deep_none_none_no_large_v03.simpl,5,1458.3334,0.216,35
6967,tests/train_files/train_deep_none_none_no_medium_v01.simpl,5,0.0000,0.216,0
6968,tests/train_files/train_deep_none_none_no_medium_v02.simpl,5,0.0000,0.216,0
6969,tests/train_files/train_deep_none_none_no_medium_v03.simpl,5,0.0000,0.216,0
6970,tests/train_files/train_none_few_dominated_has_large_v01.simpl,5,4186.8130,0.216,51
6971,tests/train_files/train_none_few_dominated_has_large_v02.simpl,5,3704.7620,0.216,51
6972,tests/train_files/train_none_few_dominated_has_large_v03.simpl,5,3508.9282,0.216,51
6973,tests/train_files/train_none_few_dominated_has_medium_v01.simpl,5,4833.3330,0.216,11
6974,tests/train_files/train_none_few_dominated_has_medium_v02.simpl,5,6333.3330,0.216,11
6975,tests/train_files/train_none_few_dominated_has_medium_v03.simpl,5,6333.3330,0.215,11
6976,tests/train_files/train_none_few_dominated_no_large_v01.simpl,5,3857.1428,0.215,51
6977,tests/train_files/train_none_few_dominated_no_large_v02.simpl,5,4282.0513,0.215,53
6978,tests/train_files/train_none_few_dominated_no_large_v03.simpl,5,3704.7620,0.215,51
6979,tests/train_files/train_none_few_dominated_no_medium_v01.simpl,5,3166.6665,0.215,11
6980,tests/train_files/train_none_few_dominated_no_medium_v02.simpl,5,7749.9995,0.215,13
6981,tests/train_files/train_none_few_dominated_no_medium_v03.simpl,5,6333.3330,0.215,11
6982,tests/train_files/train_none_few_light_has_large_v01.simpl,5,3633.9282,0.215,53
6983,tests/train_files/train_none_few_light_has_large_v02.simpl,5,4213.6753,0.215,53
6984,tests/train_files/train_none_few_light_has_large_v03.simpl,5,3453.7812,0.214,53
6985,tests/train_files/train_none_few_light_has_medium_v01.simpl,5,3333.3333,0.214,12
6986,tests/train_files/train_none_few_light_has_medium_v02.simpl,5,5333.3330,0.214,12
6987,tests/train_files/train_none_few_light_has_medium_v03.simpl,5,3333.3333,0.214,12
6988,tests/train_files/train_none_few_light_has_tiny_v01.simpl,5,5166.6665,0.214,11
6989,tests/train_files/train_none_few_light_has_tiny_v02.simpl,5,6333.3330,0.214,11
6990,tests/train_files/train_none_few_light_has_tiny_v03.simpl,5,3749.9998,0.214,11
6991,tests/train_files/train_none_few_light_no_large_v01.simpl,5,3766.6667,0.214,53
6992,tests/train_files/train_none_few_light_no_large_v02.simpl,5,3200.0000,0.214,55
6993,tests/train_files/train_none_few_light_no_large_v03.simpl,5,4340.6592,0.213,53
6994,tests/train_files/train_none_few_light_no_medium_v01.simpl,5,3999.9998,0.213,12
6995,tests/train_files/train_none_few_light_no_medium_v02.simpl,5,8666.6660,0.213,14
6996,tests/train_files/train_none_few_light_no_medium_v03.simpl,5,5999.9995,0.213,12
6997,tests/train_files/train_none_few_light_no_tiny_v01.simpl,5,6333.3330,0.213,11
6998,tests/train_files/train_none_few_light_no_tiny_v02.simpl,5,8333.3330,0.213,13
6999,tests/train_files/train_none_few_light_no_tiny_v03.simpl,5,6333.3330,0.213,11
7000,tests/train_files/train_none_few_none_has_large_v01.simpl,5,3631.9443,0.213,55
7001,tests/train_files/train_none_few_none_has_large_v02.simpl,5,4087.3013,0.213,55
7002,tests/train_files/train_none_few_none_has_large_v03.simpl,5,4494.5054,0.212,55
7003,tests/train_files/train_none_few_none_has_medium_v01.simpl,5,6500.0000,0.212,14
7004,tests/train_files/train_none_few_none_has_medium_v02.simpl,5,6500.0000,0.212,14
7005,tests/train_files/train_none_few_none_has_medium_v03.simpl,5,4000.0000,0.212,14
7006,tests/train_files/train_none_few_none_has_tiny_v01.simpl,5,3749.9998,0.212,11
7007,tests/train_files/train_none_few_none_has_tiny_v02.simpl,5,5749.9995,0.212,11
7008,tests/train_files/train_none_few_none_has_tiny_v03.simpl,5,6333.3330,0.212,11
7009,tests/train_files/train_none_few_none_no_large_v01.simpl,5,3900.0000,0.212,55
7010,tests/train_files/train_none_few_none_no_large_v02.simpl,5,4150.0000,0.211,57
7011,tests/train_files/train_none_few_none_no_large_v03.simpl,5,3571.4282,0.211,55
7012,tests/train_files/train_none_few_none_no_medium_v01.simpl,5,5333.3330,0.211,14
7013,tests/train_files/train_none_few_none_no_medium_v02.simpl,5,6333.3330,0.211,16
7014,tests/train_files/train_none_few_none_no_medium_v03.simpl,5,3833.3335,0.211,14
7015,tests/train_files/train_none_few_none_no_tiny_v01.simpl,5,6333.3330,0.211,11
7016,tests/train_files/train_none_few_none_no_tiny_v02.simpl,5,8333.3330,0.211,13
7017,tests/train_files/train_none_few_none_no_tiny_v03.simpl,5,6333.3330,0.211,11
7018,tests/train_files/train_none_many_dominated_has_large_v01.simpl,5,4416.6665,0.211,48
7019,tests/train_files/train_none_many_dominated_has_large_v02.simpl,5,4726.1904,0.210,51
7020,tests/train_files/train_none_many_dominated_has_large_v03.simpl,5,3866.6667,0.210,49
7021,tests/train_files/train_none_many_dominated_has_medium_v01.simpl,5,4000.0000,0.210,20
7022,tests/train_files/train_none_many_dominated_has_medium_v02.simpl,5,7000.0000,0.210,23
7023,tests/train_files/train_none_many_dominated_has_medium_v03.simpl,5,6000.0000,0.210,21
7024,tests/train_files/train_none_many_dominated_no_large_v01.simpl,5,4480.5195,0.210,47
7025,tests/train_files/train_none_many_dominated_no_large_v02.simpl,5,5075.7573,0.210,50
7026,tests/train_files/train_none_many_dominated_no_large_v03.simpl,5,4583.3330,0.210,48
7027,tests/train_files/train_none_many_dominated_no_medium_v01.simpl,5,4333.3335,0.210,19
7028,tests/train_files/train_none_many_dominated_no_medium_v02.simpl,5,7249.9995,0.209,22
7029,tests/train_files/train_none_many_dominated_no_medium_v03.simpl,5,5500.0000,0.209,20
7030,tests/train_files/train_none_many_light_has_large_v01.simpl,5,4214.2856,0.209,54
7031,tests/train_files/train_none_many_light_has_large_v02.simpl,5,4912.0879,0.209,57
7032,tests/train_files/train_none_many_light_has_large_v03.simpl,5,4626.3735,0.209,55
7033,tests/train_files/train_none_many_light_has_medium_v01.simpl,5,4666.6665,0.209,20
7034,tests/train_files/train_none_many_light_has_medium_v02.simpl,5,7749.9995,0.209,23
7035,tests/train_files/train_none_many_light_has_medium_v03.simpl,5,6000.0000,0.209,21
7036,tests/train_files/train_none_many_light_no_large_v01.simpl,5,4000.0000,0.209,53
7037,tests/train_files/train_none_many_light_no_large_v02.simpl,5,4769.2305,0.208,56
7038,tests/train_files/train_none_many_light_no_large_v03.simpl,5,4333.3335,0.208,54
7039,tests/train_files/train_none_many_light_no_medium_v01.simpl,5,6333.3335,0.208,19
7040,tests/train_files/train_none_many_light_no_medium_v02.simpl,5,7249.9995,0.208,22
7041,tests/train_files/train_none_many_light_no_medium_v03.simpl,5,6250.0000,0.208,20
7042,tests/train_files/train_none_many_none_has_large_v01.simpl,5,4267.8569,0.208,56
7043,tests/train_files/train_none_many_none_has_large_v02.simpl,5,4142.8569,0.208,59
7044,tests/train_files/train_none_many_none_has_large_v03.simpl,5,4780.2197,0.208,57
7045,tests/train_files/train_none_many_none_has_medium_v01.simpl,5,5500.0000,0.208,20
7046,tests/train_files/train_none_many_none_has_medium_v02.simpl,5,9000.0000,0.207,23
7047,tests/train_files/train_none_many_none_has_medium_v03.simpl,5,5750.0000,0.207,21
7048,tests/train_files/train_none_many_none_no_large_v01.simpl,5,3900.0000,0.207,55
7049,tests/train_files/train_none_many_none_no_large_v02.simpl,5,4642.8569,0.207,58
7050,tests/train_files/train_none_many_none_no_large_v03.simpl,5,3833.3330,0.207,56
7051,tests/train_files/train_none_many_none_no_medium_v01.simpl,5,5749.9995,0.207,19
7052,tests/train_files/train_none_many_none_no_medium_v02.simpl,5,6083.3330,0.207,22
7053,tests/train_files/train_none_many_none_no_medium_v03.simpl,5,6250.0000,0.207,20
7054,tests/train_files/train_none_none_dominated_no_large_v01.simpl,5,2722.2224,0.207,49
7055,tests/train_files/train_none_none_dominated_no_large_v02.simpl,5,3062.4998,0.206,49
7056,tests/train_files/train_none_none_dominated_no_large_v03.simpl,5,3062.4998,0.206,49
7057,tests/train_files/train_none_none_dominated_no_medium_v01.simpl,5,999.9999,0.206,8
7058,tests/train_files/train_none_none_dominated_no_medium_v02.simpl,5,1999.9999,0.206,8
7059,tests/train_files/train_none_none_dominated_no_medium_v03.simpl,5,2666.6667,0.206,8
7060,tests/train_files/train_none_none_dominated_no_tiny_v01.simpl,5,333.3333,0.206,1
7061,tests/train_files/train_none_none_dominated_no_tiny_v02.simpl,5,500.0000,0.206,1
7062,tests/train_files/train_none_none_dominated_no_tiny_v03.simpl,5,500.0000,0.206,1
7063,tests/train_files/train_none_none_none_no_large_v01.simpl,5,3642.8572,0.206,50
7064,tests/train_files/train_none_none_none_no_large_v02.simpl,5,3625.0000,0.205,50
7065,tests/train_files/train_none_none_none_no_large_v03.simpl,5,2592.8572,0.205,50
7066,tests/train_files/train_none_none_none_no_medium_v01.simpl,5,3666.6667,0.205,9
7067,tests/train_files/train_none_none_none_no_medium_v02.simpl,5,3666.6667,0.205,9
7068,tests/train_files/train_none_none_none_no_medium_v03.simpl,5,2333.3333,0.205,9
7069,tests/train_files/train_none_none_none_no_tiny_v01.simpl,5,1499.9999,0.205,2
7070,tests/train_files/train_none_none_none_no_tiny_v02.simpl,5,1333.3333,0.205,2
7071,tests/train_files/train_none_none_none_no_tiny_v03.simpl,5,999.9999,0.205,2
7072,tests/train_files/train_shallow_few_dominated_has_large_v01.simpl,5,2277.7778,0.205,39
7073,tests/train_files/train_shallow_few_dominated_has_large_v02.simpl,5,2284.3137,0.204,37
7074,tests/train_files/train_shallow_few_dominated_has_large_v03.simpl,5,1731.8840,0.204,37
7075,tests/train_files/train_shallow_few_dominated_has_medium_v01.simpl,5,1055.5555,0.204,6
7076,tests/train_files/train_shallow_few_dominated_has_medium_v02.simpl,5,772.7272,0.204,4
7077,tests/train_files/train_shallow_few_dominated_has_medium_v03.simpl,5,547.6190,0.204,4
7078,tests/train_files/train_shallow_few_dominated_no_large_v01.simpl,5,2138.8889,0.204,35
7079,tests/train_files/train_shallow_few_dominated_no_large_v02.simpl,5,1833.3334,0.204,33
7080,tests/train_files/train_shallow_few_dominated_no_large_v03.simpl,5,1950.0000,0.204,35
7081,tests/train_files/train_shallow_few_dominated_no_medium_v01.simpl,5,611.1111,0.204,2
7082,tests/train_files/train_shallow_few_dominated_no_medium_v02.simpl,5,0.0000,0.203,0
7083,tests/train_files/train_shallow_few_dominated_no_medium_v03.simpl,5,424.2424,0.203,2
7084,tests/train_files/train_shallow_few_light_has_large_v01.simpl,5,2271.9299,0.203,41
7085,tests/train_files/train_shallow_few_light_has_large_v02.simpl,5,2311.1111,0.203,39
7086,tests/train_files/train_shallow_few_light_has_large_v03.simpl,5,1976.1904,0.203,39
7087,tests/train_files/train_shallow_few_light_has_medium_v01.simpl,5,1555.5555,0.203,6
7088,tests/train_files/train_shallow_few_light_has_medium_v02.simpl,5,1333.3333,0.203,4
7089,tests/train_files/train_shallow_few_light_has_medium_v03.simpl,5,730.7692,0.203,4
7090,tests/train_files/train_shallow_few_light_no_large_v01.simpl,5,1886.3636,0.202,37
7091,tests/train_files/train_shallow_few_light_no_large_v02.simpl,5,1666.6667,0.202,35
7092,tests/train_files/train_shallow_few_light_no_large_v03.simpl,5,2050.0000,0.202,37
7093,tests/train_files/train_shallow_few_light_no_medium_v01.simpl,5,611.1111,0.202,2
7094,tests/train_files/train_shallow_few_light_no_medium_v02.simpl,5,0.0000,0.202,0
7095,tests/train_files/train_shallow_few_light_no_medium_v03.simpl,5,583.3333,0.202,2
7096,tests/train_files/train_shallow_few_none_has_large_v01.simpl,5,2242.8572,0.202,43
7097,tests/train_files/train_shallow_few_none_has_large_v02.simpl,5,2104.7620,0.202,41
7098,tests/train_files/train_shallow_few_none_has_large_v03.simpl,5,2166.6667,0.202,41
7099,tests/train_files/train_shallow_few_none_has_medium_v01.simpl,5,1555.5555,0.201,6
7100,tests/train_files/train_shallow_few_none_has_medium_v02.simpl,5,1300.0000,0.201,4
7101,tests/train_files/train_shallow_few_none_has_medium_v03.simpl,5,800.0000,0.201,4
7102,tests/train_files/train_shallow_few_none_no_large_v01.simpl,5,2250.0000,0.201,39
7103,tests/train_files/train_shallow_few_none_no_large_v02.simpl,5,1850.0000,0.201,37
7104,tests/train_files/train_shallow_few_none_no_large_v03.simpl,5,2059.5237,0.201,39
7105,tests/train_files/train_shallow_few_none_no_medium_v01.simpl,5,1100.0000,0.201,2
7106,tests/train_files/train_shallow_few_none_no_medium_v02.simpl,5,0.0000,0.201,0
7107,tests/train_files/train_shallow_few_none_no_medium_v03.simpl,5,611.1111,0.201,2
7108,tests/train_files/train_shallow_many_dominated_has_large_v01.simpl,5,2749.9998,0.200,32
7109,tests/train_files/train_shallow_many_dominated_has_large_v02.simpl,5,2233.3333,0.200,29
7110,tests/train_files/train_shallow_many_dominated_has_large_v03.simpl,5,2602.9412,0.200,30
7111,tests/train_files/train_shallow_many_dominated_has_medium_v01.simpl,5,2999.9998,0.200,11
7112,tests/train_files/train_shallow_many_dominated_has_medium_v02.simpl,5,2309.5237,0.200,8
7113,tests/train_files/train_shallow_many_dominated_has_medium_v03.simpl,5,2142.8569,0.200,9
7114,tests/train_files/train_shallow_many_dominated_no_large_v01.simpl,5,2957.8948,0.200,31
7115,tests/train_files/train_shallow_many_dominated_no_large_v02.simpl,5,2400.0000,0.200,28
7116,tests/train_files/train_shallow_many_dominated_no_large_v03.simpl,5,2333.3335,0.200,29
7117,tests/train_files/train_shallow_many_dominated_no_medium_v01.simpl,5,2340.9092,0.199,10
7118,tests/train_files/train_shallow_many_dominated_no_medium_v02.simpl,5,1749.9999,0.199,7
7119,tests/train_files/train_shallow_many_dominated_no_medium_v03.simpl,5,1999.9999,0.199,8
7120,tests/train_files/train_shallow_many_light_has_large_v01.simpl,5,3414.7058,0.199,38
7121,tests/train_files/train_shallow_many_light_has_large_v02.simpl,5,2955.8823,0.199,35
7122,tests/train_files/train_shallow_many_light_has_large_v03.simpl,5,2850.0000,0.199,36
7123,tests/train_files/train_shallow_many_light_has_medium_v01.simpl,5,3583.3333,0.199,11
7124,tests/train_files/train_shallow_many_light_has_medium_v02.simpl,5,2820.5127,0.199,8
7125,tests/train_files/train_shallow_many_light_has_medium_v03.simpl,5,2166.6665,0.199,9
7126,tests/train_files/train_shallow_many_light_no_large_v01.simpl,5,3355.5557,0.198,37
7127,tests/train_files/train_shallow_many_light_no_large_v02.simpl,5,2685.7144,0.198,34
7128,tests/train_files/train_shallow_many_light_no_large_v03.simpl,5,2683.3335,0.198,35
7129,tests/train_files/train_shallow_many_light_no_medium_v01.simpl,5,3083.3333,0.198,10
7130,tests/train_files/train_shallow_many_light_no_medium_v02.simpl,5,1749.9999,0.198,7
7131,tests/train_files/train_shallow_many_light_no_medium_v03.simpl,5,2666.6667,0.198,8
7132,tests/train_files/train_shallow_many_none_has_large_v01.simpl,5,3377.7778,0.198,40
7133,tests/train_files/train_shallow_many_none_has_large_v02.simpl,5,2881.5791,0.198,37
7134,tests/train_files/train_shallow_many_none_has_large_v03.simpl,5,2950.0000,0.198,38
7135,tests/train_files/train_shallow_many_none_has_medium_v01.simpl,5,3606.0605,0.197,11
7136,tests/train_files/train_shallow_many_none_has_medium_v02.simpl,5,2320.5127,0.197,8
7137,tests/train_files/train_shallow_many_none_has_medium_v03.simpl,5,2642.8572,0.197,9
7138,tests/train_files/train_shallow_many_none_no_large_v01.simpl,5,3564.7058,0.197,39
7139,tests/train_files/train_shallow_many_none_no_large_v02.simpl,5,2926.3159,0.197,36
7140,tests/train_files/train_shallow_many_none_no_large_v03.simpl,5,3126.3159,0.197,37
7141,tests/train_files/train_shallow_many_none_no_medium_v01.simpl,5,1883.3334,0.197,10
7142,tests/train_files/train_shallow_many_none_no_medium_v02.simpl,5,2333.3333,0.197,7
7143,tests/train_files/train_shallow_many_none_no_medium_v03.simpl,5,1999.9999,0.197,8
7144,tests/train_files/train_shallow_none_dominated_no_large_v01.simpl,5,1909.0909,0.196,42
7145,tests/train_files/train_shallow_none_dominated_no_large_v02.simpl,5,2470.5881,0.196,42
7146,tests/train_files/train_shallow_none_dominated_no_large_v03.simpl,5,575.3425,0.196,42
7147,tests/train_files/train_shallow_none_dominated_no_medium_v01.simpl,5,40.0000,0.196,1
7148,tests/train_files/train_shallow_none_dominated_no_medium_v02.simpl,5,100.0000,0.196,1
7149,tests/train_files/train_shallow_none_dominated_no_medium_v03.simpl,5,111.1111,0.196,1
7150,tests/train_files/train_shallow_none_none_no_large_v01.simpl,5,2210.5264,0.196,42
7151,tests/train_files/train_shallow_none_none_no_large_v02.simpl,5,2210.5264,0.196,42
7152,tests/train_files/train_shallow_none_none_no_large_v03.simpl,5,1909.0909,0.196,42
7153,tests/train_files/train_shallow_none_none_no_medium_v01.simpl,5,100.0000,0.195,1
7154,tests/train_files/train_shallow_none_none_no_medium_v02.simpl,5,111.1111,0.195,1
7155,tests/train_files/train_shallow_none_none_no_medium_v03.simpl,5,111.1111,0.195,1
7156,tests/train_files/train_shallow_none_none_no_tiny_v01.simpl,5,0.0000,0.195,0
7157,tests/train_files/train_shallow_none_none_no_tiny_v02.simpl,5,0.0000,0.195,0
7158,tests/train_files/train_shallow_none_none_no_tiny_v03.simpl,5,0.0000,0.195,0
7159,tests/train_files/train_deep_few_dominated_has_large_v01.simpl,5,1440.0000,0.195,32
7160,tests/train_files/train_deep_few_dominated_has_large_v02.simpl,5,1326.6666,0.195,30
7161,tests/train_files/train_deep_few_dominated_has_large_v03.simpl,5,1360.0000,0.195,30
7162,tests/train_files/train_deep_few_dominated_has_medium_v01.simpl,5,1312.5000,0.194,6
7163,tests/train_files/train_deep_few_dominated_has_medium_v02.simpl,5,657.8947,0.194,4
7164,tests/train_files/train_deep_few_dominated_has_medium_v03.simpl,5,687.4999,0.194,4
7165,tests/train_files/train_deep_few_dominated_no_large_v01.simpl,5,1485.7144,0.194,28
7166,tests/train_files/train_deep_few_dominated_no_large_v02.simpl,5,1181.8182,0.194,26
7167,tests/train_files/train_deep_few_dominated_no_large_v03.simpl,5,690.9091,0.194,28
7168,tests/train_files/train_deep_few_dominated_no_medium_v01.simpl,5,562.4999,0.194,2
7169,tests/train_files/train_deep_few_dominated_no_medium_v02.simpl,5,0.0000,0.194,0
7170,tests/train_files/train_deep_few_dominated_no_medium_v03.simpl,5,562.4999,0.193,2
7171,tests/train_files/train_deep_few_light_has_large_v01.simpl,5,1666.6666,0.193,34
7172,tests/train_files/train_deep_few_light_has_large_v02.simpl,5,1490.0000,0.193,32
7173,tests/train_files/train_deep_few_light_has_large_v03.simpl,5,1491.6666,0.193,32
7174,tests/train_files/train_deep_few_light_has_medium_v01.simpl,5,833.3333,0.193,6
7175,tests/train_files/train_deep_few_light_has_medium_v02.simpl,5,666.6666,0.193,4
7176,tests/train_files/train_deep_few_light_has_medium_v03.simpl,5,1200.0000,0.193,4
7177,tests/train_files/train_deep_few_light_no_large_v01.simpl,5,1568.1819,0.193,30
7178,tests/train_files/train_deep_few_light_no_large_v02.simpl,5,1217.3914,0.193,28
7179,tests/train_files/train_deep_few_light_no_large_v03.simpl,5,1568.1819,0.192,30
7180,tests/train_files/train_deep_few_light_no_medium_v01.simpl,5,566.6666,0.192,2
7181,tests/train_files/train_deep_few_light_no_medium_v02.simpl,5,0.0000,0.192,0
7182,tests/train_files/train_deep_few_light_no_medium_v03.simpl,5,566.6666,0.192,2
7183,tests/train_files/train_deep_few_none_has_large_v01.simpl,5,1790.9091,0.192,36
7184,tests/train_files/train_deep_few_none_has_large_v02.simpl,5,1575.0000,0.192,34
7185,tests/train_files/train_deep_few_none_has_large_v03.simpl,5,1700.0000,0.192,34
7186,tests/train_files/train_deep_few_none_has_medium_v01.simpl,5,857.1428,0.192,6
7187,tests/train_files/train_deep_few_none_has_medium_v02.simpl,5,1200.0000,0.192,4
7188,tests/train_files/train_deep_few_none_has_medium_v03.simpl,5,676.4706,0.191,4
7189,tests/train_files/train_deep_few_none_no_large_v01.simpl,5,1541.6666,0.191,32
7190,tests/train_files/train_deep_few_none_no_large_v02.simpl,5,1363.6364,0.191,30
7191,tests/train_files/train_deep_few_none_no_large_v03.simpl,5,1490.0000,0.191,32
7192,tests/train_files/train_deep_few_none_no_medium_v01.simpl,5,395.8333,0.191,2
7193,tests/train_files/train_deep_few_none_no_medium_v02.simpl,5,0.0000,0.191,0
7194,tests/train_files/train_deep_few_none_no_medium_v03.simpl,5,566.6666,0.191,2
7195,tests/train_files/train_deep_many_dominated_has_large_v01.simpl,5,2628.0701,0.191,25
7196,tests/train_files/train_deep_many_dominated_has_large_v02.simpl,5,1893.9393,0.191,22
7197,tests/train_files/train_deep_many_dominated_has_large_v03.simpl,5,1977.2727,0.190,23
7198,tests/train_files/train_deep_many_dominated_has_medium_v01.simpl,5,2233.3333,0.190,14
7199,tests/train_files/train_deep_many_dominated_has_medium_v02.simpl,5,1710.5264,0.190,10
7200,tests/train_files/train_deep_many_dominated_has_medium_v03.simpl,5,1743.8597,0.190,11
7201,tests/train_files/train_deep_many_dominated_no_large_v01.simpl,5,2152.1738,0.190,24
7202,tests/train_files/train_deep_many_dominated_no_large_v02.simpl,5,2066.6667,0.190,21
7203,tests/train_files/train_deep_many_dominated_no_large_v03.simpl,5,1726.1904,0.190,22
7204,tests/train_files/train_deep_many_dominated_no_medium_v01.simpl,5,1858.8235,0.190,10
7205,tests/train_files/train_deep_many_dominated_no_medium_v02.simpl,5,1749.9999,0.190,7
7206,tests/train_files/train_deep_many_dominated_no_medium_v03.simpl,5,1600.0000,0.189,8
7207,tests/train_files/train_deep_many_light_has_large_v01.simpl,5,3045.2380,0.189,31
7208,tests/train_files/train_deep_many_light_has_large_v02.simpl,5,2206.5217,0.189,28
7209,tests/train_files/train_deep_many_light_has_large_v03.simpl,5,2400.0000,0.189,29
7210,tests/train_files/train_deep_many_light_has_medium_v01.simpl,5,2252.9412,0.189,14
7211,tests/train_files/train_deep_many_light_has_medium_v02.simpl,5,1710.5264,0.189,10
7212,tests/train_files/train_deep_many_light_has_medium_v03.simpl,5,2222.2222,0.189,11
7213,tests/train_files/train_deep_many_light_no_large_v01.simpl,5,2500.0000,0.189,30
7214,tests/train_files/train_deep_many_light_no_large_v02.simpl,5,2119.0476,0.189,27
7215,tests/train_files/train_deep_many_light_no_large_v03.simpl,5,2202.8984,0.188,28
7216,tests/train_files/train_deep_many_light_no_medium_v01.simpl,5,1862.5000,0.188,10
7217,tests/train_files/train_deep_many_light_no_medium_v02.simpl,5,2333.3333,0.188,7
7218,tests/train_files/train_deep_many_light_no_medium_v03.simpl,5,1333.3334,0.188,8
7219,tests/train_files/train_deep_many_none_has_large_v01.simpl,5,3190.4761,0.188,33
7220,tests/train_files/train_deep_many_none_has_large_v02.simpl,5,2293.4783,0.188,30
7221,tests/train_files/train_deep_many_none_has_large_v03.simpl,5,2410.0000,0.188,31
7222,tests/train_files/train_deep_many_none_has_medium_v01.simpl,5,2602.9409,0.188,14
7223,tests/train_files/train_deep_many_none_has_medium_v02.simpl,5,1735.2941,0.188,10
7224,tests/train_files/train_deep_many_none_has_medium_v03.simpl,5,2222.2222,0.187,11
7225,tests/train_files/train_deep_many_none_no_large_v01.simpl,5,2758.3333,0.187,32
7226,tests/train_files/train_deep_many_none_no_large_v02.simpl,5,2000.0000,0.187,29
7227,tests/train_files/train_deep_many_none_no_large_v03.simpl,5,2213.3335,0.187,30
7228,tests/train_files/train_deep_many_none_no_medium_v01.simpl,5,3050.0000,0.187,10
7229,tests/train_files/train_deep_many_none_no_medium_v02.simpl,5,1749.9999,0.187,7
7230,tests/train_files/train_deep_many_none_no_medium_v03.simpl,5,1999.9999,0.187,8
7231,tests/train_files/train_deep_none_dominated_no_large_v01.simpl,5,1590.9091,0.187,35
7232,tests/train_files/train_deep_none_dominated_no_large_v02.simpl,5,1750.0000,0.187,35
7233,tests/train_files/train_deep_none_dominated_no_large_v03.simpl,5,1750.0000,0.186,35
7234,tests/train_files/train_deep_none_dominated_no_medium_v01.simpl,5,100.0000,0.186,1
7235,tests/train_files/train_deep_none_dominated_no_medium_v02.simpl,5,83.3333,0.186,1
7236,tests/train_files/train_deep_none_dominated_no_medium_v03.simpl,5,100.0000,0.186,1
7237,tests/train_files/train_deep_none_none_no_large_v01.simpl,5,1750.0000,0.186,35
7238,tests/train_files/train_deep_none_none_no_large_v02.simpl,5,1750.0000,0.186,35
7239,tests/train_files/train_deep_none_none_no_large_v03.simpl,5,1400.0000,0.186,35
7240,tests/train_files/train_deep_none_none_no_medium_v01.simpl,5,0.0000,0.186,0
7241,tests/train_files/train_deep_none_none_no_medium_v02.simpl,5,0.0000,0.186,0
7242,tests/train_files/train_deep_none_none_no_medium_v03.simpl,5,0.0000,0.185,0
7243,tests/train_files/train_none_few_dominated_has_large_v01.simpl,5,4115.3843,0.185,51
7244,tests/train_files/train_none_few_dominated_has_large_v02.simpl,5,3336.1343,0.185,51
7245,tests/train_files/train_none_few_dominated_has_large_v03.simpl,5,4186.8130,0.185,51
7246,tests/train_files/train_none_few_dominated_has_medium_v01.simpl,5,4833.3330,0.185,11
7247,tests/train_files/train_none_few_dominated_has_medium_v02.simpl,5,4333.3330,0.185,11
7248,tests/train_files/train_none_few_dominated_has_medium_v03.simpl,5,3749.9998,0.185,11
7249,tests/train_files/train_none_few_dominated_no_large_v01.simpl,5,4186.8130,0.185,51
7250,tests/train_files/train_none_few_dominated_no_large_v02.simpl,5,4472.5273,0.184,53
7251,tests/train_files/train_none_few_dominated_no_large_v03.simpl,5,3800.0002,0.184,51
7252,tests/train_files/train_none_few_dominated_no_medium_v01.simpl,5,6333.3330,0.184,11
7253,tests/train_files/train_none_few_dominated_no_medium_v02.simpl,5,5333.3330,0.184,13
7254,tests/train_files/train_none_few_dominated_no_medium_v03.simpl,5,3749.9998,0.184,11
7255,tests/train_files/train_none_few_light_has_large_v01.simpl,5,3838.0952,0.184,53
7256,tests/train_files/train_none_few_light_has_large_v02.simpl,5,4269.2305,0.184,53
7257,tests/train_files/train_none_few_light_has_large_v03.simpl,5,3382.3528,0.184,53
7258,tests/train_files/train_none_few_light_has_medium_v01.simpl,5,3600.0000,0.184,12
7259,tests/train_files/train_none_few_light_has_medium_v02.simpl,5,7999.9995,0.183,12
7260,tests/train_files/train_none_few_light_has_medium_v03.simpl,5,5999.9995,0.183,12
7261,tests/train_files/train_none_few_light_has_tiny_v01.simpl,5,6333.3330,0.183,11
7262,tests/train_files/train_none_few_light_has_tiny_v02.simpl,5,3666.6665,0.183,11
7263,tests/train_files/train_none_few_light_has_tiny_v03.simpl,5,6333.3330,0.183,11
7264,tests/train_files/train_none_few_light_no_large_v01.simpl,5,3633.9282,0.183,53
7265,tests/train_files/train_none_few_light_no_large_v02.simpl,5,4519.2305,0.183,55
7266,tests/train_files/train_none_few_light_no_large_v03.simpl,5,4340.6592,0.183,53
7267,tests/train_files/train_none_few_light_no_medium_v01.simpl,5,3999.9998,0.183,12
7268,tests/train_files/train_none_few_light_no_medium_v02.simpl,5,4600.0000,0.182,14
7269,tests/train_files/train_none_few_light_no_medium_v03.simpl,5,3999.9998,0.182,12
7270,tests/train_files/train_none_few_light_no_tiny_v01.simpl,5,5749.9995,0.182,11
7271,tests/train_files/train_none_few_light_no_tiny_v02.simpl,5,8333.3330,0.182,13
7272,tests/train_files/train_none_few_light_no_tiny_v03.simpl,5,4333.3330,0.182,11
7273,tests/train_files/train_none_few_none_has_large_v01.simpl,5,3571.4282,0.182,55
7274,tests/train_files/train_none_few_none_has_large_v02.simpl,5,4142.8569,0.182,55
7275,tests/train_files/train_none_few_none_has_large_v03.simpl,5,3971.4285,0.182,55
7276,tests/train_files/train_none_few_none_has_medium_v01.simpl,5,6500.0000,0.182,14
7277,tests/train_files/train_none_few_none_has_medium_v02.simpl,5,6500.0000,0.181,14
7278,tests/train_files/train_none_few_none_has_medium_v03.simpl,5,5333.3330,0.181,14
7279,tests/train_files/train_none_few_none_has_tiny_v01.simpl,5,6333.3330,0.181,11
7280,tests/train_files/train_none_few_none_has_tiny_v02.simpl,5,6333.3330,0.181,11
7281,tests/train_files/train_none_few_none_has_tiny_v03.simpl,5,3666.6665,0.181,11
7282,tests/train_files/train_none_few_none_no_large_v01.simpl,5,3687.4998,0.181,55
7283,tests/train_files/train_none_few_none_no_large_v02.simpl,5,4392.8569,0.181,57
7284,tests/train_files/train_none_few_none_no_large_v03.simpl,5,3758.9282,0.181,55
7285,tests/train_files/train_none_few_none_no_medium_v01.simpl,5,7000.0000,0.181,14
7286,tests/train_files/train_none_few_none_no_medium_v02.simpl,5,8500.0000,0.180,16
7287,tests/train_files/train_none_few_none_no_medium_v03.simpl,5,6500.0000,0.180,14
7288,tests/train_files/train_none_few_none_no_tiny_v01.simpl,5,6333.3330,0.180,11
7289,tests/train_files/train_none_few_none_no_tiny_v02.simpl,5,4749.9995,0.180,13
7290,tests/train_files/train_none_few_none_no_tiny_v03.simpl,5,6333.3330,0.180,11
7291,tests/train_files/train_none_many_dominated_has_large_v01.simpl,5,4742.4243,0.180,48
7292,tests/train_files/train_none_many_dominated_has_large_v02.simpl,5,4916.6665,0.180,51
7293,tests/train_files/train_none_many_dominated_has_large_v03.simpl,5,4783.3330,0.180,49
7294,tests/train_files/train_none_many_dominated_has_medium_v01.simpl,5,8000.0000,0.180,20
7295,tests/train_files/train_none_many_dominated_has_medium_v02.simpl,5,7000.0000,0.179,23
7296,tests/train_files/train_none_many_dominated_has_medium_v03.simpl,5,6000.0000,0.179,21
7297,tests/train_files/train_none_many_dominated_no_large_v01.simpl,5,3974.3589,0.179,47
7298,tests/train_files/train_none_many_dominated_no_large_v02.simpl,5,5075.7573,0.179,50
7299,tests/train_files/train_none_many_dominated_no_large_v03.simpl,5,4307.6924,0.179,48
7300,tests/train_files/train_none_many_dominated_no_medium_v01.simpl,5,5000.0000,0.179,19
7301,tests/train_files/train_none_many_dominated_no_medium_v02.simpl,5,6500.0000,0.179,22
7302,tests/train_files/train_none_many_dominated_no_medium_v03.simpl,5,5500.0000,0.179,20
7303,tests/train_files/train_none_many_light_has_large_v01.simpl,5,4125.0000,0.179,54
7304,tests/train_files/train_none_many_light_has_large_v02.simpl,5,4500.0000,0.178,57
7305,tests/train_files/train_none_many_light_has_large_v03.simpl,5,4500.0000,0.178,55
7306,tests/train_files/train_none_many_light_has_medium_v01.simpl,5,5500.0000,0.178,20
7307,tests/train_files/train_none_many_light_has_medium_v02.simpl,5,7749.9995,0.178,23
7308,tests/train_files/train_none_many_light_has_medium_v03.simpl,5,6749.9995,0.178,21
7309,tests/train_files/train_none_many_light_no_large_v01.simpl,5,3838.0952,0.178,53
7310,tests/train_files/train_none_many_light_no_large_v02.simpl,5,4062.4998,0.178,56
7311,tests/train_files/train_none_many_light_no_large_v03.simpl,5,4916.6665,0.178,54
7312,tests/train_files/train_none_many_light_no_medium_v01.simpl,5,5000.0000,0.178,19
7313,tests/train_files/train_none_many_light_no_medium_v02.simpl,5,6500.0000,0.177,22
7314,tests/train_files/train_none_many_light_no_medium_v03.simpl,5,6250.0000,0.177,20
7315,tests/train_files/train_none_many_none_has_large_v01.simpl,5,4198.4126,0.177,56
7316,tests/train_files/train_none_many_none_has_large_v02.simpl,5,4330.3569,0.177,59
7317,tests/train_files/train_none_many_none_has_large_v03.simpl,5,4780.2197,0.177,57
7318,tests/train_files/train_none_many_none_has_medium_v01.simpl,5,6250.0000,0.177,20
7319,tests/train_files/train_none_many_none_has_medium_v02.simpl,5,7749.9995,0.177,23
7320,tests/train_files/train_none_many_none_has_medium_v03.simpl,5,7000.0000,0.177,21
7321,tests/train_files/train_none_many_none_no_large_v01.simpl,5,3571.4282,0.177,55
7322,tests/train_files/train_none_many_none_no_large_v02.simpl,5,4187.4995,0.176,58
7323,tests/train_files/train_none_many_none_no_large_v03.simpl,5,4476.1904,0.176,56
7324,tests/train_files/train_none_many_none_no_medium_v01.simpl,5,5000.0000,0.176,19
7325,tests/train_files/train_none_many_none_no_medium_v02.simpl,5,5642.8569,0.176,22
7326,tests/train_files/train_none_many_none_no_medium_v03.simpl,5,4642.8574,0.176,20
7327,tests/train_files/train_none_none_dominated_no_large_v01.simpl,5,3769.2307,0.176,49
7328,tests/train_files/train_none_none_dominated_no_large_v02.simpl,5,3769.2307,0.176,49
7329,tests/train_files/train_none_none_dominated_no_large_v03.simpl,5,3062.4998,0.176,49
7330,tests/train_files/train_none_none_dominated_no_medium_v01.simpl,5,2666.6667,0.175,8
7331,tests/train_files/train_none_none_dominated_no_medium_v02.simpl,5,2666.6667,0.175,8
7332,tests/train_files/train_none_none_dominated_no_medium_v03.simpl,5,2666.6667,0.175,8
7333,tests/train_files/train_none_none_dominated_no_tiny_v01.simpl,5,500.0000,0.175,1
7334,tests/train_files/train_none_none_dominated_no_tiny_v02.simpl,5,500.0000,0.175,1
7335,tests/train_files/train_none_none_dominated_no_tiny_v03.simpl,5,333.3333,0.175,1
7336,tests/train_files/train_none_none_none_no_large_v01.simpl,5,3391.6667,0.175,50
7337,tests/train_files/train_none_none_none_no_large_v02.simpl,5,3409.5239,0.175,50
7338,tests/train_files/train_none_none_none_no_large_v03.simpl,5,3912.0879,0.175,50
7339,tests/train_files/train_none_none_none_no_medium_v01.simpl,5,2142.8569,0.174,9
7340,tests/train_files/train_none_none_none_no_medium_v02.simpl,5,2999.9998,0.174,9
7341,tests/train_files/train_none_none_none_no_medium_v03.simpl,5,2142.8569,0.174,9
7342,tests/train_files/train_none_none_none_no_tiny_v01.simpl,5,1333.3333,0.174,2
7343,tests/train_files/train_none_none_none_no_tiny_v02.simpl,5,1499.9999,0.174,2
7344,tests/train_files/train_none_none_none_no_tiny_v03.simpl,5,1499.9999,0.174,2
7345,tests/train_files/train_shallow_few_dominated_has_large_v01.simpl,5,2142.8572,0.174,39
7346,tests/train_files/train_shallow_few_dominated_has_large_v02.simpl,5,2094.7368,0.174,37
7347,tests/train_files/train_shallow_few_dominated_has_large_v03.simpl,5,1914.2858,0.174,37
7348,tests/train_files/train_shallow_few_dominated_has_medium_v01.simpl,5,1500.0000,0.173,6
7349,tests/train_files/train_shallow_few_dominated_has_medium_v02.simpl,5,1272.7272,0.173,4
7350,tests/train_files/train_shallow_few_dominated_has_medium_v03.simpl,5,1300.0000,0.173,4
7351,tests/train_files/train_shallow_few_dominated_no_large_v01.simpl,5,2249.9998,0.173,35
7352,tests/train_files/train_shallow_few_dominated_no_large_v02.simpl,5,1434.7826,0.173,33
7353,tests/train_files/train_shallow_few_dominated_no_large_v03.simpl,5,2138.8889,0.173,35
7354,tests/train_files/train_shallow_few_dominated_no_medium_v01.simpl,5,600.0000,0.173,2
7355,tests/train_files/train_shallow_few_dominated_no_medium_v02.simpl,5,0.0000,0.173,0
7356,tests/train_files/train_shallow_few_dominated_no_medium_v03.simpl,5,576.9230,0.173,2
7357,tests/train_files/train_shallow_few_light_has_large_v01.simpl,5,2519.6079,0.172,41
7358,tests/train_files/train_shallow_few_light_has_large_v02.simpl,5,2435.2939,0.172,39
7359,tests/train_files/train_shallow_few_light_has_large_v03.simpl,5,1976.1904,0.172,39
7360,tests/train_files/train_shallow_few_light_has_medium_v01.simpl,5,884.6154,0.172,6
7361,tests/train_files/train_shallow_few_light_has_medium_v02.simpl,5,800.0000,0.172,4
7362,tests/train_files/train_shallow_few_light_has_medium_v03.simpl,5,800.0000,0.172,4
7363,tests/train_files/train_shallow_few_light_no_large_v01.simpl,5,2050.0000,0.172,37
7364,tests/train_files/train_shallow_few_light_no_large_v02.simpl,5,1944.4446,0.172,35
7365,tests/train_files/train_shallow_few_light_no_large_v03.simpl,5,1750.0000,0.172,37
7366,tests/train_files/train_shallow_few_light_no_medium_v01.simpl,5,433.3333,0.171,2
7367,tests/train_files/train_shallow_few_light_no_medium_v02.simpl,5,0.0000,0.171,0
7368,tests/train_files/train_shallow_few_light_no_medium_v03.simpl,5,600.0000,0.171,2
7369,tests/train_files/train_shallow_few_none_has_large_v01.simpl,5,2377.1931,0.171,43
7370,tests/train_files/train_shallow_few_none_has_large_v02.simpl,5,2422.2224,0.171,41
7371,tests/train_files/train_shallow_few_none_has_large_v03.simpl,5,2200.0000,0.171,41
7372,tests/train_files/train_shallow_few_none_has_medium_v01.simpl,5,1500.0000,0.171,6
7373,tests/train_files/train_shallow_few_none_has_medium_v02.simpl,5,800.0000,0.171,4
7374,tests/train_files/train_shallow_few_none_has_medium_v03.simpl,5,1300.0000,0.171,4
7375,tests/train_files/train_shallow_few_none_no_large_v01.simpl,5,2311.1111,0.170,39
7376,tests/train_files/train_shallow_few_none_no_large_v02.simpl,5,2055.5557,0.170,37
7377,tests/train_files/train_shallow_few_none_no_large_v03.simpl,5,2150.0000,0.170,39
7378,tests/train_files/train_shallow_few_none_no_medium_v01.simpl,5,600.0000,0.170,2
7379,tests/train_files/train_shallow_few_none_no_medium_v02.simpl,5,0.0000,0.170,0
7380,tests/train_files/train_shallow_few_none_no_medium_v03.simpl,5,444.4445,0.170,2
7381,tests/train_files/train_shallow_many_dominated_has_large_v01.simpl,5,2750.0000,0.170,32
7382,tests/train_files/train_shallow_many_dominated_has_large_v02.simpl,5,2377.1929,0.170,29
7383,tests/train_files/train_shallow_many_dominated_has_large_v03.simpl,5,2600.0000,0.170,30
7384,tests/train_files/train_shallow_many_dominated_has_medium_v01.simpl,5,2314.1023,0.169,11
7385,tests/train_files/train_shallow_many_dominated_has_medium_v02.simpl,5,2333.3333,0.169,8
7386,tests/train_files/train_shallow_many_dominated_has_medium_v03.simpl,5,2642.8572,0.169,9
7387,tests/train_files/train_shallow_many_dominated_no_large_v01.simpl,5,3175.0000,0.169,31
7388,tests/train_files/train_shallow_many_dominated_no_large_v02.simpl,5,2333.3335,0.169,28
7389,tests/train_files/train_shallow_many_dominated_no_large_v03.simpl,5,2766.6667,0.169,29
7390,tests/train_files/train_shallow_many_dominated_no_medium_v01.simpl,5,2333.3333,0.169,10
7391,tests/train_files/train_shallow_many_dominated_no_medium_v02.simpl,5,2333.3333,0.169,7
7392,tests/train_files/train_shallow_many_dominated_no_medium_v03.simpl,5,1999.9999,0.169,8
7393,tests/train_files/train_shallow_many_light_has_large_v01.simpl,5,3100.0000,0.168,38
7394,tests/train_files/train_shallow_many_light_has_large_v02.simpl,5,2811.1113,0.168,35
7395,tests/train_files/train_shallow_many_light_has_large_v03.simpl,5,2926.3159,0.168,36
7396,tests/train_files/train_shallow_many_light_has_medium_v01.simpl,5,3606.0605,0.168,11
7397,tests/train_files/train_shallow_many_light_has_medium_v02.simpl,5,1633.3334,0.168,8
7398,tests/train_files/train_shallow_many_light_has_medium_v03.simpl,5,3166.6667,0.168,9
7399,tests/train_files/train_shallow_many_light_no_large_v01.simpl,5,3055.5557,0.168,37
7400,tests/train_files/train_shallow_many_light_no_large_v02.simpl,5,2666.6667,0.168,34
7401,tests/train_files/train_shallow_many_light_no_large_v03.simpl,5,2827.2727,0.168,35
7402,tests/train_files/train_shallow_many_light_no_medium_v01.simpl,5,3090.9092,0.167,10
7403,tests/train_files/train_shallow_many_light_no_medium_v02.simpl,5,2333.3333,0.167,7
7404,tests/train_files/train_shallow_many_light_no_medium_v03.simpl,5,1999.9999,0.167,8
7405,tests/train_files/train_shallow_many_none_has_large_v01.simpl,5,3516.6667,0.167,40
7406,tests/train_files/train_shallow_many_none_has_large_v02.simpl,5,2831.5791,0.167,37
7407,tests/train_files/train_shallow_many_none_has_large_v03.simpl,5,2775.7576,0.167,38
7408,tests/train_files/train_shallow_many_none_has_medium_v01.simpl,5,3583.3333,0.167,11
7409,tests/train_files/train_shallow_many_none_has_medium_v02.simpl,5,2800.0000,0.167,8
7410,tests/train_files/train_shallow_many_none_has_medium_v03.simpl,5,2633.3333,0.166,9
7411,tests/train_files/train_shallow_many_none_no_large_v01.simpl,5,3564.7058,0.166,39
7412,tests/train_files/train_shallow_many_none_no_large_v02.simpl,5,2380.9524,0.166,36
7413,tests/train_files/train_shallow_many_none_no_large_v03.simpl,5,3050.0000,0.166,37
7414,tests/train_files/train_shallow_many_none_no_medium_v01.simpl,5,3090.9092,0.166,10
7415,tests/train_files/train_shallow_many_none_no_medium_v02.simpl,5,2333.3333,0.166,7
7416,tests/train_files/train_shallow_many_none_no_medium_v03.simpl,5,1999.9999,0.166,8
7417,tests/train_files/train_shallow_none_dominated_no_large_v01.simpl,5,2470.5881,0.166,42
7418,tests/train_files/train_shallow_none_dominated_no_large_v02.simpl,5,2210.5264,0.166,42
7419,tests/train_files/train_shallow_none_dominated_no_large_v03.simpl,5,2470.5881,0.165,42
7420,tests/train_files/train_shallow_none_dominated_no_medium_v01.simpl,5,166.6667,0.165,1
7421,tests/train_files/train_shallow_none_dominated_no_medium_v02.simpl,5,142.8571,0.165,1
7422,tests/train_files/train_shallow_none_dominated_no_medium_v03.simpl,5,90.9091,0.165,1
7423,tests/train_files/train_shallow_none_none_no_large_v01.simpl,5,2470.5881,0.165,42
7424,tests/train_files/train_shallow_none_none_no_large_v02.simpl,5,2624.9998,0.165,42
7425,tests/train_files/train_shallow_none_none_no_large_v03.simpl,5,2100.0000,0.165,42
7426,tests/train_files/train_shallow_none_none_no_medium_v01.simpl,5,142.8571,0.165,1
7427,tests/train_files/train_shallow_none_none_no_medium_v02.simpl,5,142.8571,0.165,1
7428,tests/train_files/train_shallow_none_none_no_medium_v03.simpl,5,125.0000,0.164,1
7429,tests/train_files/train_shallow_none_none_no_tiny_v01.simpl,5,0.0000,0.164,0
7430,tests/train_files/train_shallow_none_none_no_tiny_v02.simpl,5,0.0000,0.164,0
7431,tests/train_files/train_shallow_none_none_no_tiny_v03.simpl,5,0.0000,0.164,0
7432,tests/train_files/train_deep_few_dominated_has_large_v01.simpl,5,1642.8572,0.164,32
7433,tests/train_files/train_deep_few_dominated_has_large_v02.simpl,5,1630.9524,0.164,30
7434,tests/train_files/train_deep_few_dominated_has_large_v03.simpl,5,1518.1819,0.164,30
7435,tests/train_files/train_deep_few_dominated_has_medium_v01.simpl,5,1333.3333,0.164,6
7436,tests/train_files/train_deep_few_dominated_has_medium_v02.simpl,5,687.4999,0.164,4
7437,tests/train_files/train_deep_few_dominated_has_medium_v03.simpl,5,533.3334,0.163,4
7438,tests/train_files/train_deep_few_dominated_no_large_v01.simpl,5,1516.6666,0.163,28
7439,tests/train_files/train_deep_few_dominated_no_large_v02.simpl,5,1238.0952,0.163,26
7440,tests/train_files/train_deep_few_dominated_no_large_v03.simpl,5,1325.0000,0.163,28
7441,tests/train_files/train_deep_few_dominated_no_medium_v01.simpl,5,395.8333,0.163,2
7442,tests/train_files/train_deep_few_dominated_no_medium_v02.simpl,5,0.0000,0.163,0
7443,tests/train_files/train_deep_few_dominated_no_medium_v03.simpl,5,395.8333,0.163,2
7444,tests/train_files/train_deep_few_light_has_large_v01.simpl,5,1601.4492,0.163,34
7445,tests/train_files/train_deep_few_light_has_large_v02.simpl,5,1676.1906,0.163,32
7446,tests/train_files/train_deep_few_light_has_large_v03.simpl,5,1800.0000,0.162,32
7447,tests/train_files/train_deep_few_light_has_medium_v01.simpl,5,627.4510,0.162,6
7448,tests/train_files/train_deep_few_light_has_medium_v02.simpl,5,714.2856,0.162,4
7449,tests/train_files/train_deep_few_light_has_medium_v03.simpl,5,1176.4705,0.162,4
7450,tests/train_files/train_deep_few_light_no_large_v01.simpl,5,1510.8695,0.162,30
7451,tests/train_files/train_deep_few_light_no_large_v02.simpl,5,1272.7273,0.162,28
7452,tests/train_files/train_deep_few_light_no_large_v03.simpl,5,1568.1819,0.162,30
7453,tests/train_files/train_deep_few_light_no_medium_v01.simpl,5,571.4285,0.162,2
7454,tests/train_files/train_deep_few_light_no_medium_v02.simpl,5,0.0000,0.162,0
7455,tests/train_files/train_deep_few_light_no_medium_v03.simpl,5,316.6667,0.161,2
7456,tests/train_files/train_deep_few_none_has_large_v01.simpl,5,1790.9091,0.161,36
7457,tests/train_files/train_deep_few_none_has_large_v02.simpl,5,1771.4286,0.161,34
7458,tests/train_files/train_deep_few_none_has_large_v03.simpl,5,1700.0000,0.161,34
7459,tests/train_files/train_deep_few_none_has_medium_v01.simpl,5,833.3333,0.161,6
7460,tests/train_files/train_deep_few_none_has_medium_v02.simpl,5,700.0000,0.161,4
7461,tests/train_files/train_deep_few_none_has_medium_v03.simpl,5,700.0000,0.161,4
7462,tests/train_files/train_deep_few_none_no_large_v01.simpl,5,1597.8260,0.161,32
7463,tests/train_files/train_deep_few_none_no_large_v02.simpl,5,1304.3478,0.161,30
7464,tests/train_files/train_deep_few_none_no_large_v03.simpl,5,1442.3076,0.160,32
7465,tests/train_files/train_deep_few_none_no_medium_v01.simpl,5,566.6666,0.160,2
7466,tests/train_files/train_deep_few_none_no_medium_v02.simpl,5,0.0000,0.160,0
7467,tests/train_files/train_deep_few_none_no_medium_v03.simpl,5,566.6666,0.160,2
7468,tests/train_files/train_deep_many_dominated_has_large_v01.simpl,5,2106.0605,0.160,25
7469,tests/train_files/train_deep_many_dominated_has_large_v02.simpl,5,1862.3188,0.160,22
7470,tests/train_files/train_deep_many_dominated_has_large_v03.simpl,5,2211.9048,0.160,23
7471,tests/train_files/train_deep_many_dominated_has_medium_v01.simpl,5,2233.3333,0.160,14
7472,tests/train_files/train_deep_many_dominated_has_medium_v02.simpl,5,1700.0000,0.160,10
7473,tests/train_files/train_deep_many_dominated_has_medium_v03.simpl,5,1910.5264,0.159,11
7474,tests/train_files/train_deep_many_dominated_no_large_v01.simpl,5,2214.2856,0.159,24
7475,tests/train_files/train_deep_many_dominated_no_large_v02.simpl,5,1750.0000,0.159,21
7476,tests/train_files/train_deep_many_dominated_no_large_v03.simpl,5,2000.0000,0.159,22
7477,tests/train_files/train_deep_many_dominated_no_medium_v01.simpl,5,1852.6316,0.159,10
7478,tests/train_files/train_deep_many_dominated_no_medium_v02.simpl,5,1749.9999,0.159,7
7479,tests/train_files/train_deep_many_dominated_no_medium_v03.simpl,5,1600.0000,0.159,8
7480,tests/train_files/train_deep_many_light_has_large_v01.simpl,5,2570.0000,0.159,31
7481,tests/train_files/train_deep_many_light_has_large_v02.simpl,5,2250.0000,0.159,28
7482,tests/train_files/train_deep_many_light_has_large_v03.simpl,5,2096.1538,0.158,29
7483,tests/train_files/train_deep_many_light_has_medium_v01.simpl,5,2252.9412,0.158,14
7484,tests/train_files/train_deep_many_light_has_medium_v02.simpl,5,1818.6274,0.158,10
7485,tests/train_files/train_deep_many_light_has_medium_v03.simpl,5,2222.2222,0.158,11
7486,tests/train_files/train_deep_many_light_no_large_v01.simpl,5,2500.0000,0.158,30
7487,tests/train_files/train_deep_many_light_no_large_v02.simpl,5,2269.5652,0.158,27
7488,tests/train_files/train_deep_many_light_no_large_v03.simpl,5,2102.5642,0.158,28
7489,tests/train_files/train_deep_many_light_no_medium_v01.simpl,5,2308.8235,0.158,10
7490,tests/train_files/train_deep_many_light_no_medium_v02.simpl,5,1400.0000,0.157,7
7491,tests/train_files/train_deep_many_light_no_medium_v03.simpl,5,1600.0000,0.157,8
7492,tests/train_files/train_deep_many_none_has_large_v01.simpl,5,2840.4761,0.157,33
7493,tests/train_files/train_deep_many_none_has_large_v02.simpl,5,2007.7639,0.157,30
7494,tests/train_files/train_deep_many_none_has_large_v03.simpl,5,2493.4783,0.157,31
7495,tests/train_files/train_deep_many_none_has_medium_v01.simpl,5,2624.9998,0.157,14
7496,tests/train_files/train_deep_many_none_has_medium_v02.simpl,5,1710.5264,0.157,10
7497,tests/train_files/train_deep_many_none_has_medium_v03.simpl,5,1860.0000,0.157,11
7498,tests/train_files/train_deep_many_none_no_large_v01.simpl,5,2895.2383,0.157,32
7499,tests/train_files/train_deep_many_none_no_large_v02.simpl,5,2123.1885,0.156,29
7500,tests/train_files/train_deep_many_none_no_large_v03.simpl,5,2516.6667,0.156,30
7501,tests/train_files/train_deep_many_none_no_medium_v01.simpl,5,2312.5000,0.156,10
7502,tests/train_files/train_deep_many_none_no_medium_v02.simpl,5,1749.9999,0.156,7
7503,tests/train_files/train_deep_many_none_no_medium_v03.simpl,5,1600.0000,0.156,8
7504,tests/train_files/train_deep_none_dominated_no_large_v01.simpl,5,1842.1053,0.156,35
7505,tests/train_files/train_deep_none_dominated_no_large_v02.simpl,5,2058.8235,0.156,35
7506,tests/train_files/train_deep_none_dominated_no_large_v03.simpl,5,1750.0000,0.156,35
7507,tests/train_files/train_deep_none_dominated_no_medium_v01.simpl,5,71.4286,0.156,1
7508,tests/train_files/train_deep_none_dominated_no_medium_v02.simpl,5,100.0000,0.155,1
7509,tests/train_files/train_deep_none_dominated_no_medium_v03.simpl,5,76.9231,0.155,1
7510,tests/train_files/train_deep_none_none_no_large_v01.simpl,5,1666.6667,0.155,35
7511,tests/train_files/train_deep_none_none_no_large_v02.simpl,5,1750.0000,0.155,35
7512,tests/train_files/train_deep_none_none_no_large_v03.simpl,5,1346.1538,0.155,35
7513,tests/train_files/train_deep_none_none_no_medium_v01.simpl,5,0.0000,0.155,0
7514,tests/train_files/train_deep_none_none_no_medium_v02.simpl,5,0.0000,0.155,0
7515,tests/train_files/train_deep_none_none_no_medium_v03.simpl,5,0.0000,0.155,0
7516,tests/train_files/train_none_few_dominated_has_large_v01.simpl,5,3857.1428,0.155,51
7517,tests/train_files/train_none_few_dominated_has_large_v02.simpl,5,4488.0952,0.154,51
7518,tests/train_files/train_none_few_dominated_has_large_v03.simpl,5,4186.8130,0.154,51
7519,tests/train_files/train_none_few_dominated_has_medium_v01.simpl,5,4333.3330,0.154,11
7520,tests/train_files/train_none_few_dominated_has_medium_v02.simpl,5,5749.9995,0.154,11
7521,tests/train_files/train_none_few_dominated_has_medium_v03.simpl,5,5400.0000,0.154,11
7522,tests/train_files/train_none_few_dominated_no_large_v01.simpl,5,3336.1343,0.154,51
7523,tests/train_files/train_none_few_dominated_no_large_v02.simpl,5,3990.4763,0.154,53
7524,tests/train_files/train_none_few_dominated_no_large_v03.simpl,5,4282.0513,0.154,51
7525,tests/train_files/train_none_few_dominated_no_medium_v01.simpl,5,3083.3333,0.154,11
7526,tests/train_files/train_none_few_dominated_no_medium_v02.simpl,5,4333.3330,0.153,13
7527,tests/train_files/train_none_few_dominated_no_medium_v03.simpl,5,5749.9995,0.153,11
7528,tests/train_files/train_none_few_light_has_large_v01.simpl,5,4340.6592,0.153,53
7529,tests/train_files/train_none_few_light_has_large_v02.simpl,5,4071.4285,0.153,53
7530,tests/train_files/train_none_few_light_has_large_v03.simpl,5,4340.6592,0.153,53
7531,tests/train_files/train_none_few_light_has_medium_v01.simpl,5,4888.8887,0.153,12
7532,tests/train_files/train_none_few_light_has_medium_v02.simpl,5,3999.9998,0.153,12
7533,tests/train_files/train_none_few_light_has_medium_v03.simpl,5,3999.9998,0.153,12
7534,tests/train_files/train_none_few_light_has_tiny_v01.simpl,5,3749.9998,0.153,11
7535,tests/train_files/train_none_few_light_has_tiny_v02.simpl,5,3749.9998,0.152,11
7536,tests/train_files/train_none_few_light_has_tiny_v03.simpl,5,6333.3330,0.152,11
7537,tests/train_files/train_none_few_light_no_large_v01.simpl,5,4000.0000,0.152,53
7538,tests/train_files/train_none_few_light_no_large_v02.simpl,5,4626.3735,0.152,55
7539,tests/train_files/train_none_few_light_no_large_v03.simpl,5,3562.4998,0.152,53
7540,tests/train_files/train_none_few_light_no_medium_v01.simpl,5,4666.6665,0.152,12
7541,tests/train_files/train_none_few_light_no_medium_v02.simpl,5,4999.9995,0.152,14
7542,tests/train_files/train_none_few_light_no_medium_v03.simpl,5,4666.6665,0.152,12
7543,tests/train_files/train_none_few_light_no_tiny_v01.simpl,5,4333.3330,0.152,11
7544,tests/train_files/train_none_few_light_no_tiny_v02.simpl,5,5333.3330,0.151,13
7545,tests/train_files/train_none_few_light_no_tiny_v03.simpl,5,3749.9998,0.151,11
7546,tests/train_files/train_none_few_none_has_large_v01.simpl,5,3687.4998,0.151,55
7547,tests/train_files/train_none_few_none_has_large_v02.simpl,5,4142.8569,0.151,55
7548,tests/train_files/train_none_few_none_has_large_v03.simpl,5,4142.8569,0.151,55
7549,tests/train_files/train_none_few_none_has_medium_v01.simpl,5,4500.0000,0.151,14
7550,tests/train_files/train_none_few_none_has_medium_v02.simpl,5,4500.0000,0.151,14
7551,tests/train_files/train_none_few_none_has_medium_v03.simpl,5,6500.0000,0.151,14
7552,tests/train_files/train_none_few_none_has_tiny_v01.simpl,5,5749.9995,0.151,11
7553,tests/train_files/train_none_few_none_has_tiny_v02.simpl,5,7499.9995,0.150,11
7554,tests/train_files/train_none_few_none_has_tiny_v03.simpl,5,5400.0000,0.150,11
7555,tests/train_files/train_none_few_none_no_large_v01.simpl,5,3844.4443,0.150,55
7556,tests/train_files/train_none_few_none_no_large_v02.simpl,5,3749.9998,0.150,57
7557,tests/train_files/train_none_few_none_no_large_v03.simpl,5,4142.8569,0.150,55
7558,tests/train_files/train_none_few_none_no_medium_v01.simpl,5,3833.3335,0.150,14
7559,tests/train_files/train_none_few_none_no_medium_v02.simpl,5,5333.3330,0.150,16
7560,tests/train_files/train_none_few_none_no_medium_v03.simpl,5,6500.0000,0.150,14
7561,tests/train_files/train_none_few_none_no_tiny_v01.simpl,5,4333.3330,0.150,11
7562,tests/train_files/train_none_few_none_no_tiny_v02.simpl,5,4749.9995,0.149,13
7563,tests/train_files/train_none_few_none_no_tiny_v03.simpl,5,5749.9995,0.149,11
7564,tests/train_files/train_none_many_dominated_has_large_v01.simpl,5,4416.6665,0.149,48
7565,tests/train_files/train_none_many_dominated_has_large_v02.simpl,5,5183.3330,0.149,51
7566,tests/train_files/train_none_many_dominated_has_large_v03.simpl,5,4783.3330,0.149,49
7567,tests/train_files/train_none_many_dominated_has_medium_v01.simpl,5,5500.0000,0.149,20
7568,tests/train_files/train_none_many_dominated_has_medium_v02.simpl,5,7000.0000,0.149,23
7569,tests/train_files/train_none_many_dominated_has_medium_v03.simpl,5,5500.0000,0.149,21
7570,tests/train_files/train_none_many_dominated_no_large_v01.simpl,5,4250.0000,0.148,47
7571,tests/train_files/train_none_many_dominated_no_large_v02.simpl,5,4750.0000,0.148,50
7572,tests/train_files/train_none_many_dominated_no_large_v03.simpl,5,4742.4243,0.148,48
7573,tests/train_files/train_none_many_dominated_no_medium_v01.simpl,5,5000.0000,0.148,19
7574,tests/train_files/train_none_many_dominated_no_medium_v02.simpl,5,4833.3330,0.148,22
7575,tests/train_files/train_none_many_dominated_no_medium_v03.simpl,5,4000.0000,0.148,20
7576,tests/train_files/train_none_many_light_has_large_v01.simpl,5,4055.5557,0.148,54
7577,tests/train_files/train_none_many_light_has_large_v02.simpl,5,4025.2100,0.148,57
7578,tests/train_files/train_none_many_light_has_large_v03.simpl,5,4626.3735,0.148,55
7579,tests/train_files/train_none_many_light_has_medium_v01.simpl,5,5500.0000,0.147,20
7580,tests/train_files/train_none_many_light_has_medium_v02.simpl,5,5666.6670,0.147,23
7581,tests/train_files/train_none_many_light_has_medium_v03.simpl,5,6000.0000,0.147,21
7582,tests/train_files/train_none_many_light_no_large_v01.simpl,5,4269.2305,0.147,53
7583,tests/train_files/train_none_many_light_no_large_v02.simpl,5,4769.2305,0.147,56
7584,tests/train_files/train_none_many_light_no_large_v03.simpl,5,3715.6860,0.147,54
7585,tests/train_files/train_none_many_light_no_medium_v01.simpl,5,5749.9995,0.147,19
7586,tests/train_files/train_none_many_light_no_medium_v02.simpl,5,8500.0000,0.147,22
7587,tests/train_files/train_none_many_light_no_medium_v03.simpl,5,5500.0000,0.147,20
7588,tests/train_files/train_none_many_none_has_large_v01.simpl,5,4267.8569,0.146,56
7589,tests/train_files/train_none_many_none_has_large_v02.simpl,5,4642.8569,0.146,59
7590,tests/train_files/train_none_many_none_has_large_v03.simpl,5,4923.0771,0.146,57
7591,tests/train_files/train_none_many_none_has_medium_v01.simpl,5,6250.0000,0.146,20
7592,tests/train_files/train_none_many_none_has_medium_v02.simpl,5,7749.9995,0.146,23
7593,tests/train_files/train_none_many_none_has_medium_v03.simpl,5,6749.9995,0.146,21
7594,tests/train_files/train_none_many_none_no_large_v01.simpl,5,3255.6392,0.146,55
7595,tests/train_files/train_none_many_none_no_large_v02.simpl,5,4923.0767,0.146,58
7596,tests/train_files/train_none_many_none_no_large_v03.simpl,5,4233.3335,0.146,56
7597,tests/train_files/train_none_many_none_no_medium_v01.simpl,5,6500.0000,0.145,19
7598,tests/train_files/train_none_many_none_no_medium_v02.simpl,5,8500.0000,0.145,22
7599,tests/train_files/train_none_many_none_no_medium_v03.simpl,5,6250.0000,0.145,20
7600,tests/train_files/train_none_none_dominated_no_large_v01.simpl,5,3500.0000,0.145,49
7601,tests/train_files/train_none_none_dominated_no_large_v02.simpl,5,3062.4998,0.145,49
7602,tests/train_files/train_none_none_dominated_no_large_v03.simpl,5,3062.4998,0.145,49
7603,tests/train_files/train_none_none_dominated_no_medium_v01.simpl,5,3999.9998,0.145,8
7604,tests/train_files/train_none_none_dominated_no_medium_v02.simpl,5,1999.9999,0.145,8
7605,tests/train_files/train_none_none_dominated_no_medium_v03.simpl,5,2666.6667,0.145,8
7606,tests/train_files/train_none_none_dominated_no_tiny_v01.simpl,5,500.0000,0.144,1
7607,tests/train_files/train_none_none_dominated_no_tiny_v02.simpl,5,500.0000,0.144,1
7608,tests/train_files/train_none_none_dominated_no_tiny_v03.simpl,5,999.9999,0.144,1
7609,tests/train_files/train_none_none_none_no_large_v01.simpl,5,3894.2307,0.144,50
7610,tests/train_files/train_none_none_none_no_large_v02.simpl,5,3409.5239,0.144,50
7611,tests/train_files/train_none_none_none_no_large_v03.simpl,5,3025.2100,0.144,50
7612,tests/train_files/train_none_none_none_no_medium_v01.simpl,5,3666.6667,0.144,9
7613,tests/train_files/train_none_none_none_no_medium_v02.simpl,5,1833.3334,0.144,9
7614,tests/train_files/train_none_none_none_no_medium_v03.simpl,5,2999.9998,0.144,9
7615,tests/train_files/train_none_none_none_no_tiny_v01.simpl,5,1499.9999,0.143,2
7616,tests/train_files/train_none_none_none_no_tiny_v02.simpl,5,1499.9999,0.143,2
7617,tests/train_files/train_none_none_none_no_tiny_v03.simpl,5,1999.9999,0.143,2
7618,tests/train_files/train_shallow_few_dominated_has_large_v01.simpl,5,2166.6667,0.143,39
7619,tests/train_files/train_shallow_few_dominated_has_large_v02.simpl,5,2094.7368,0.143,37
7620,tests/train_files/train_shallow_few_dominated_has_large_v03.simpl,5,2200.0000,0.143,37
7621,tests/train_files/train_shallow_few_dominated_has_medium_v01.simpl,5,1454.5454,0.143,6
7622,tests/train_files/train_shallow_few_dominated_has_medium_v02.simpl,5,833.3333,0.143,4
7623,tests/train_files/train_shallow_few_dominated_has_medium_v03.simpl,5,772.7272,0.143,4
7624,tests/train_files/train_shallow_few_dominated_no_large_v01.simpl,5,2249.9998,0.142,35
7625,tests/train_files/train_shallow_few_dominated_no_large_v02.simpl,5,1571.4286,0.142,33
7626,tests/train_files/train_shallow_few_dominated_no_large_v03.simpl,5,1795.4546,0.142,35
7627,tests/train_files/train_shallow_few_dominated_no_medium_v01.simpl,5,576.9230,0.142,2
7628,tests/train_files/train_shallow_few_dominated_no_medium_v02.simpl,5,0.0000,0.142,0
7629,tests/train_files/train_shallow_few_dominated_no_medium_v03.simpl,5,611.1111,0.142,2
7630,tests/train_files/train_shallow_few_light_has_large_v01.simpl,5,2388.8892,0.142,41
7631,tests/train_files/train_shallow_few_light_has_large_v02.simpl,5,2541.6667,0.142,39
7632,tests/train_files/train_shallow_few_light_has_large_v03.simpl,5,2200.0000,0.142,39
7633,tests/train_files/train_shallow_few_light_has_medium_v01.simpl,5,1000.0000,0.141,6
7634,tests/train_files/train_shallow_few_light_has_medium_v02.simpl,5,1333.3333,0.141,4
7635,tests/train_files/train_shallow_few_light_has_medium_v03.simpl,5,833.3333,0.141,4
7636,tests/train_files/train_shallow_few_light_no_large_v01.simpl,5,2317.6470,0.141,37
7637,tests/train_files/train_shallow_few_light_no_large_v02.simpl,5,1944.4446,0.141,35
7638,tests/train_files/train_shallow_few_light_no_large_v03.simpl,5,2000.0000,0.141,37
7639,tests/train_files/train_shallow_few_light_no_medium_v01.simpl,5,571.4285,0.141,2
7640,tests/train_files/train_shallow_few_light_no_medium_v02.simpl,5,0.0000,0.141,0
7641,tests/train_files/train_shallow_few_light_no_medium_v03.simpl,5,410.2564,0.141,2
7642,tests/train_files/train_shallow_few_none_has_large_v01.simpl,5,2377.1931,0.140,43
7643,tests/train_files/train_shallow_few_none_has_large_v02.simpl,5,2519.6079,0.140,41
7644,tests/train_files/train_shallow_few_none_has_large_v03.simpl,5,2271.9299,0.140,41
7645,tests/train_files/train_shallow_few_none_has_medium_v01.simpl,5,1000.0000,0.140,6
7646,tests/train_files/train_shallow_few_none_has_medium_v02.simpl,5,800.0000,0.140,4
7647,tests/train_files/train_shallow_few_none_has_medium_v03.simpl,5,1300.0000,0.140,4
7648,tests/train_files/train_shallow_few_none_no_large_v01.simpl,5,2485.2939,0.140,39
7649,tests/train_files/train_shallow_few_none_no_large_v02.simpl,5,1947.3685,0.140,37
7650,tests/train_files/train_shallow_few_none_no_large_v03.simpl,5,2059.5237,0.139,39
7651,tests/train_files/train_shallow_few_none_no_medium_v01.simpl,5,600.0000,0.139,2
7652,tests/train_files/train_shallow_few_none_no_medium_v02.simpl,5,0.0000,0.139,0
7653,tests/train_files/train_shallow_few_none_no_medium_v03.simpl,5,600.0000,0.139,2
7654,tests/train_files/train_shallow_many_dominated_has_large_v01.simpl,5,2616.6665,0.139,32
7655,tests/train_files/train_shallow_many_dominated_has_large_v02.simpl,5,2527.7778,0.139,29
7656,tests/train_files/train_shallow_many_dominated_has_large_v03.simpl,5,2727.7778,0.139,30
7657,tests/train_files/train_shallow_many_dominated_has_medium_v01.simpl,5,3564.1025,0.139,11
7658,tests/train_files/train_shallow_many_dominated_has_medium_v02.simpl,5,2284.3137,0.139,8
7659,tests/train_files/train_shallow_many_dominated_has_medium_v03.simpl,5,2153.8459,0.138,9
7660,tests/train_files/train_shallow_many_dominated_no_large_v01.simpl,5,2794.1177,0.138,31
7661,tests/train_files/train_shallow_many_dominated_no_large_v02.simpl,5,2566.6667,0.138,28
7662,tests/train_files/train_shallow_many_dominated_no_large_v03.simpl,5,2705.2632,0.138,29
7663,tests/train_files/train_shallow_many_dominated_no_medium_v01.simpl,5,2333.3333,0.138,10
7664,tests/train_files/train_shallow_many_dominated_no_medium_v02.simpl,5,1749.9999,0.138,7
7665,tests/train_files/train_shallow_many_dominated_no_medium_v03.simpl,5,2666.6667,0.138,8
7666,tests/train_files/train_shallow_many_light_has_large_v01.simpl,5,3028.5713,0.138,38
7667,tests/train_files/train_shallow_many_light_has_large_v02.simpl,5,2700.0000,0.138,35
7668,tests/train_files/train_shallow_many_light_has_large_v03.simpl,5,2850.0000,0.137,36
7669,tests/train_files/train_shallow_many_light_has_medium_v01.simpl,5,2999.9998,0.137,11
7670,tests/train_files/train_shallow_many_light_has_medium_v02.simpl,5,2820.5127,0.137,8
7671,tests/train_files/train_shallow_many_light_has_medium_v03.simpl,5,2653.8462,0.137,9
7672,tests/train_files/train_shallow_many_light_no_large_v01.simpl,5,2666.6665,0.137,37
7673,tests/train_files/train_shallow_many_light_no_large_v02.simpl,5,2587.7192,0.137,34
7674,tests/train_files/train_shallow_many_light_no_large_v03.simpl,5,3021.0527,0.137,35
7675,tests/train_files/train_shallow_many_light_no_medium_v01.simpl,5,3090.9092,0.137,10
7676,tests/train_files/train_shallow_many_light_no_medium_v02.simpl,5,2333.3333,0.137,7
7677,tests/train_files/train_shallow_many_light_no_medium_v03.simpl,5,1600.0000,0.136,8
7678,tests/train_files/train_shallow_many_none_has_large_v01.simpl,5,3017.5439,0.136,40
7679,tests/train_files/train_shallow_many_none_has_large_v02.simpl,5,2750.0000,0.136,37
7680,tests/train_files/train_shallow_many_none_has_large_v03.simpl,5,2609.0908,0.136,38
7681,tests/train_files/train_shallow_many_none_has_medium_v01.simpl,5,3022.7271,0.136,11
7682,tests/train_files/train_shallow_many_none_has_medium_v02.simpl,5,2284.3137,0.136,8
7683,tests/train_files/train_shallow_many_none_has_medium_v03.simpl,5,2653.8462,0.136,9
7684,tests/train_files/train_shallow_many_none_no_large_v01.simpl,5,3300.0000,0.136,39
7685,tests/train_files/train_shallow_many_none_no_large_v02.simpl,5,2692.9824,0.136,36
7686,tests/train_files/train_shallow_many_none_no_large_v03.simpl,5,3126.3159,0.135,37
7687,tests/train_files/train_shallow_many_none_no_medium_v01.simpl,5,3071.4285,0.135,10
7688,tests/train_files/train_shallow_many_none_no_medium_v02.simpl,5,2333.3333,0.135,7
7689,tests/train_files/train_shallow_many_none_no_medium_v03.simpl,5,2666.6667,0.135,8
7690,tests/train_files/train_shallow_none_dominated_no_large_v01.simpl,5,2210.5264,0.135,42
7691,tests/train_files/train_shallow_none_dominated_no_large_v02.simpl,5,2800.0000,0.135,42
7692,tests/train_files/train_shallow_none_dominated_no_large_v03.simpl,5,2100.0000,0.135,42
7693,tests/train_files/train_shallow_none_dominated_no_medium_v01.simpl,5,166.6667,0.135,1
7694,tests/train_files/train_shallow_none_dominated_no_medium_v02.simpl,5,142.8571,0.135,1
7695,tests/train_files/train_shallow_none_dominated_no_medium_v03.simpl,5,125.0000,0.134,1
7696,tests/train_files/train_shallow_none_none_no_large_v01.simpl,5,2000.0000,0.134,42
7697,tests/train_files/train_shallow_none_none_no_large_v02.simpl,5,2470.5881,0.134,42
7698,tests/train_files/train_shallow_none_none_no_large_v03.simpl,5,1909.0909,0.134,42
7699,tests/train_files/train_shallow_none_none_no_medium_v01.simpl,5,125.0000,0.134,1
7700,tests/train_files/train_shallow_none_none_no_medium_v02.simpl,5,125.0000,0.134,1
7701,tests/train_files/train_shallow_none_none_no_medium_v03.simpl,5,71.4286,0.134,1
7702,tests/train_files/train_shallow_none_none_no_tiny_v01.simpl,5,0.0000,0.134,0
7703,tests/train_files/train_shallow_none_none_no_tiny_v02.simpl,5,0.0000,0.134,0
7704,tests/train_files/train_shallow_none_none_no_tiny_v03.simpl,5,0.0000,0.133,0
7705,tests/train_files/train_deep_few_dominated_has_large_v01.simpl,5,1458.3333,0.133,32
7706,tests/train_files/train_deep_few_dominated_has_large_v02.simpl,5,1580.9524,0.133,30
7707,tests/train_files/train_deep_few_dominated_has_large_v03.simpl,5,1630.9524,0.133,30
7708,tests/train_files/train_deep_few_dominated_has_medium_v01.simpl,5,833.3333,0.133,6
7709,tests/train_files/train_deep_few_dominated_has_medium_v02.simpl,5,687.4999,0.133,4
7710,tests/train_files/train_deep_few_dominated_has_medium_v03.simpl,5,700.0000,0.133,4
7711,tests/train_files/train_deep_few_dominated_no_large_v01.simpl,5,1535.7144,0.133,28
7712,tests/train_files/train_deep_few_dominated_no_large_v02.simpl,5,1181.8182,0.133,26
7713,tests/train_files/train_deep_few_dominated_no_large_v03.simpl,5,1340.5797,0.132,28
7714,tests/train_files/train_deep_few_dominated_no_medium_v01.simpl,5,400.0000,0.132,2
7715,tests/train_files/train_deep_few_dominated_no_medium_v02.simpl,5,0.0000,0.132,0
7716,tests/train_files/train_deep_few_dominated_no_medium_v03.simpl,5,566.6666,0.132,2
7717,tests/train_files/train_deep_few_light_has_large_v01.simpl,5,1666.6666,0.132,34
7718,tests/train_files/train_deep_few_light_has_large_v02.simpl,5,1676.1906,0.132,32
7719,tests/train_files/train_deep_few_light_has_large_v03.simpl,5,1609.0909,0.132,32
7720,tests/train_files/train_deep_few_light_has_medium_v01.simpl,5,812.5000,0.132,6
7721,tests/train_files/train_deep_few_light_has_medium_v02.simpl,5,700.0000,0.132,4
7722,tests/train_files/train_deep_few_light_has_medium_v03.simpl,5,700.0000,0.131,4
7723,tests/train_files/train_deep_few_light_no_large_v01.simpl,5,1580.9524,0.131,30
7724,tests/train_files/train_deep_few_light_no_large_v02.simpl,5,1272.7273,0.131,28
7725,tests/train_files/train_deep_few_light_no_large_v03.simpl,5,1510.8695,0.131,30
7726,tests/train_files/train_deep_few_light_no_medium_v01.simpl,5,566.6666,0.131,2
7727,tests/train_files/train_deep_few_light_no_medium_v02.simpl,5,0.0000,0.131,0
7728,tests/train_files/train_deep_few_light_no_medium_v03.simpl,5,562.4999,0.131,2
7729,tests/train_files/train_deep_few_none_has_large_v01.simpl,5,1512.8204,0.131,36
7730,tests/train_files/train_deep_few_none_has_large_v02.simpl,5,1634.7826,0.130,34
7731,tests/train_files/train_deep_few_none_has_large_v03.simpl,5,1422.2222,0.130,34
7732,tests/train_files/train_deep_few_none_has_medium_v01.simpl,5,857.1428,0.130,6
7733,tests/train_files/train_deep_few_none_has_medium_v02.simpl,5,700.0000,0.130,4
7734,tests/train_files/train_deep_few_none_has_medium_v03.simpl,5,1200.0000,0.130,4
7735,tests/train_files/train_deep_few_none_no_large_v01.simpl,5,1609.0909,0.130,32
7736,tests/train_files/train_deep_few_none_no_large_v02.simpl,5,1304.3478,0.130,30
7737,tests/train_files/train_deep_few_none_no_large_v03.simpl,5,1659.0909,0.130,32
7738,tests/train_files/train_deep_few_none_no_medium_v01.simpl,5,571.4285,0.130,2
7739,tests/train_files/train_deep_few_none_no_medium_v02.simpl,5,0.0000,0.129,0
7740,tests/train_files/train_deep_few_none_no_medium_v03.simpl,5,562.4999,0.129,2
7741,tests/train_files/train_deep_many_dominated_has_large_v01.simpl,5,2239.1304,0.129,25
7742,tests/train_files/train_deep_many_dominated_has_large_v02.simpl,5,2011.9048,0.129,22
7743,tests/train_files/train_deep_many_dominated_has_large_v03.simpl,5,2060.6060,0.129,23
7744,tests/train_files/train_deep_many_dominated_has_medium_v01.simpl,5,2086.2744,0.129,14
7745,tests/train_files/train_deep_many_dominated_has_medium_v02.simpl,5,1555.5555,0.129,10
7746,tests/train_files/train_deep_many_dominated_has_medium_v03.simpl,5,1755.5555,0.129,11
7747,tests/train_files/train_deep_many_dominated_no_large_v01.simpl,5,2289.4736,0.129,24
7748,tests/train_files/train_deep_many_dominated_no_large_v02.simpl,5,1700.0000,0.128,21
7749,tests/train_files/train_deep_many_dominated_no_large_v03.simpl,5,1969.6970,0.128,22
7750,tests/train_files/train_deep_many_dominated_no_medium_v01.simpl,5,1852.6316,0.128,10
7751,tests/train_files/train_deep_many_dominated_no_medium_v02.simpl,5,1749.9999,0.128,7
7752,tests/train_files/train_deep_many_dominated_no_medium_v03.simpl,5,1600.0000,0.128,8
7753,tests/train_files/train_deep_many_light_has_large_v01.simpl,5,2745.2383,0.128,31
7754,tests/train_files/train_deep_many_light_has_large_v02.simpl,5,2083.3333,0.128,28
7755,tests/train_files/train_deep_many_light_has_large_v03.simpl,5,2366.6667,0.128,29
7756,tests/train_files/train_deep_many_light_has_medium_v01.simpl,5,2000.0000,0.128,14
7757,tests/train_files/train_deep_many_light_has_medium_v02.simpl,5,1710.5264,0.127,10
7758,tests/train_files/train_deep_many_light_has_medium_v03.simpl,5,1910.5264,0.127,11
7759,tests/train_files/train_deep_many_light_no_large_v01.simpl,5,2550.0000,0.127,30
7760,tests/train_files/train_deep_many_light_no_large_v02.simpl,5,2169.2307,0.127,27
7761,tests/train_files/train_deep_many_light_no_large_v03.simpl,5,2369.2307,0.127,28
7762,tests/train_files/train_deep_many_light_no_medium_v01.simpl,5,2312.5000,0.127,10
7763,tests/train_files/train_deep_many_light_no_medium_v02.simpl,5,1749.9999,0.127,7
7764,tests/train_files/train_deep_many_light_no_medium_v03.simpl,5,1999.9999,0.127,8
7765,tests/train_files/train_deep_many_none_has_large_v01.simpl,5,2607.1428,0.127,33
7766,tests/train_files/train_deep_many_none_has_large_v02.simpl,5,2173.0769,0.126,30
7767,tests/train_files/train_deep_many_none_has_large_v03.simpl,5,2326.6667,0.126,31
7768,tests/train_files/train_deep_many_none_has_medium_v01.simpl,5,2624.9998,0.126,14
7769,tests/train_files/train_deep_many_none_has_medium_v02.simpl,5,1818.6274,0.126,10
7770,tests/train_files/train_deep_many_none_has_medium_v03.simpl,5,2210.5261,0.126,11
7771,tests/train_files/train_deep_many_none_no_large_v01.simpl,5,2595.2383,0.126,32
7772,tests/train_files/train_deep_many_none_no_large_v02.simpl,5,2316.6667,0.126,29
7773,tests/train_files/train_deep_many_none_no_large_v03.simpl,5,2250.0000,0.126,30
7774,tests/train_files/train_deep_many_none_no_medium_v01.simpl,5,1862.5000,0.126,10
7775,tests/train_files/train_deep_many_none_no_medium_v02.simpl,5,1749.9999,0.125,7
7776,tests/train_files/train_deep_many_none_no_medium_v03.simpl,5,1999.9999,0.125,8
7777,tests/train_files/train_deep_none_dominated_no_large_v01.simpl,5,1842.1053,0.125,35
7778,tests/train_files/train_deep_none_dominated_no_large_v02.simpl,5,1666.6667,0.125,35
7779,tests/train_files/train_deep_none_dominated_no_large_v03.simpl,5,1842.1053,0.125,35
7780,tests/train_files/train_deep_none_dominated_no_medium_v01.simpl,5,100.0000,0.125,1
7781,tests/train_files/train_deep_none_dominated_no_medium_v02.simpl,5,83.3333,0.125,1
7782,tests/train_files/train_deep_none_dominated_no_medium_v03.simpl,5,83.3333,0.125,1
7783,tests/train_files/train_deep_none_none_no_large_v01.simpl,5,1400.0000,0.125,35
7784,tests/train_files/train_deep_none_none_no_large_v02.simpl,5,1666.6667,0.124,35
7785,tests/train_files/train_deep_none_none_no_large_v03.simpl,5,1590.9091,0.124,35
7786,tests/train_files/train_deep_none_none_no_medium_v01.simpl,5,0.0000,0.124,0
7787,tests/train_files/train_deep_none_none_no_medium_v02.simpl,5,0.0000,0.124,0
7788,tests/train_files/train_deep_none_none_no_medium_v03.simpl,5,0.0000,0.124,0
7789,tests/train_files/train_none_few_dominated_has_large_v01.simpl,5,3264.7058,0.124,51
7790,tests/train_files/train_none_few_dominated_has_large_v02.simpl,5,4186.8130,0.124,51
7791,tests/train_files/train_none_few_dominated_has_large_v03.simpl,5,4186.8130,0.124,51
7792,tests/train_files/train_none_few_dominated_has_medium_v01.simpl,5,5749.9995,0.124,11
7793,tests/train_files/train_none_few_dominated_has_medium_v02.simpl,5,6333.3330,0.123,11
7794,tests/train_files/train_none_few_dominated_has_medium_v03.simpl,5,3749.9998,0.123,11
7795,tests/train_files/train_none_few_dominated_no_large_v01.simpl,5,3928.5713,0.123,51
7796,tests/train_files/train_none_few_dominated_no_large_v02.simpl,5,4214.2856,0.123,53
7797,tests/train_files/train_none_few_dominated_no_large_v03.simpl,5,3508.9282,0.123,51
7798,tests/train_files/train_none_few_dominated_no_medium_v01.simpl,5,6333.3330,0.123,11
7799,tests/train_files/train_none_few_dominated_no_medium_v02.simpl,5,3777.7776,0.123,13
7800,tests/train_files/train_none_few_dominated_no_medium_v03.simpl,5,4333.3330,0.123,11
7801,tests/train_files/train_none_few_light_has_large_v01.simpl,5,3382.3528,0.123,53
7802,tests/train_files/train_none_few_light_has_large_v02.simpl,5,4269.2305,0.122,53
7803,tests/train_files/train_none_few_light_has_large_v03.simpl,5,4071.4285,0.122,53
7804,tests/train_files/train_none_few_light_has_medium_v01.simpl,5,3999.9998,0.122,12
7805,tests/train_files/train_none_few_light_has_medium_v02.simpl,5,3999.9998,0.122,12
7806,tests/train_files/train_none_few_light_has_medium_v03.simpl,5,3999.9998,0.122,12
7807,tests/train_files/train_none_few_light_has_tiny_v01.simpl,5,6333.3330,0.122,11
7808,tests/train_files/train_none_few_light_has_tiny_v02.simpl,5,3749.9998,0.122,11
7809,tests/train_files/train_none_few_light_has_tiny_v03.simpl,5,6333.3330,0.122,11
7810,tests/train_files/train_none_few_light_no_large_v01.simpl,5,4000.0000,0.121,53
7811,tests/train_files/train_none_few_light_no_large_v02.simpl,5,3472.2224,0.121,55
7812,tests/train_files/train_none_few_light_no_large_v03.simpl,5,4269.2305,0.121,53
7813,tests/train_files/train_none_few_light_no_medium_v01.simpl,5,3999.9998,0.121,12
7814,tests/train_files/train_none_few_light_no_medium_v02.simpl,5,7999.9995,0.121,14
7815,tests/train_files/train_none_few_light_no_medium_v03.simpl,5,4000.0000,0.121,12
7816,tests/train_files/train_none_few_light_no_tiny_v01.simpl,5,6333.3330,0.121,11
7817,tests/train_files/train_none_few_light_no_tiny_v02.simpl,5,5333.3330,0.121,13
7818,tests/train_files/train_none_few_light_no_tiny_v03.simpl,5,5749.9995,0.121,11
7819,tests/train_files/train_none_few_none_has_large_v01.simpl,5,4214.2856,0.120,55
7820,tests/train_files/train_none_few_none_has_large_v02.simpl,5,4214.2856,0.120,55
7821,tests/train_files/train_none_few_none_has_large_v03.simpl,5,3971.4285,0.120,55
7822,tests/train_files/train_none_few_none_has_medium_v01.simpl,5,4500.0000,0.120,14
7823,tests/train_files/train_none_few_none_has_medium_v02.simpl,5,4500.0000,0.120,14
7824,tests/train_files/train_none_few_none_has_medium_v03.simpl,5,6500.0000,0.120,14
7825,tests/train_files/train_none_few_none_has_tiny_v01.simpl,5,6333.3330,0.120,11
7826,tests/train_files/train_none_few_none_has_tiny_v02.simpl,5,3749.9998,0.120,11
7827,tests/train_files/train_none_few_none_has_tiny_v03.simpl,5,6333.3330,0.120,11
7828,tests/train_files/train_none_few_none_no_large_v01.simpl,5,3687.4998,0.119,55
7829,tests/train_files/train_none_few_none_no_large_v02.simpl,5,4257.1426,0.119,57
7830,tests/train_files/train_none_few_none_no_large_v03.simpl,5,4214.2856,0.119,55
7831,tests/train_files/train_none_few_none_no_medium_v01.simpl,5,7333.3330,0.119,14
7832,tests/train_files/train_none_few_none_no_medium_v02.simpl,5,5500.0000,0.119,16
7833,tests/train_files/train_none_few_none_no_medium_v03.simpl,5,4500.0000,0.119,14
7834,tests/train_files/train_none_few_none_no_tiny_v01.simpl,5,5749.9995,0.119,11
7835,tests/train_files/train_none_few_none_no_tiny_v02.simpl,5,4333.3330,0.119,13
7836,tests/train_files/train_none_few_none_no_tiny_v03.simpl,5,6333.3330,0.119,11
7837,tests/train_files/train_none_many_dominated_has_large_v01.simpl,5,4416.6665,0.118,48
7838,tests/train_files/train_none_many_dominated_has_large_v02.simpl,5,4916.6665,0.118,51
7839,tests/train_files/train_none_many_dominated_has_large_v03.simpl,5,4066.6667,0.118,49
7840,tests/train_files/train_none_many_dominated_has_medium_v01.simpl,5,5000.0000,0.118,20
7841,tests/train_files/train_none_many_dominated_has_medium_v02.simpl,5,7000.0000,0.118,23
7842,tests/train_files/train_none_many_dominated_has_medium_v03.simpl,5,5000.0000,0.118,21
7843,tests/train_files/train_none_many_dominated_no_large_v01.simpl,5,3642.8569,0.118,47
7844,tests/train_files/train_none_many_dominated_no_large_v02.simpl,5,4750.0000,0.118,50
7845,tests/train_files/train_none_many_dominated_no_large_v03.simpl,5,4583.3330,0.118,48
7846,tests/train_files/train_none_many_dominated_no_medium_v01.simpl,5,5749.9995,0.117,19
7847,tests/train_files/train_none_many_dominated_no_medium_v02.simpl,5,6000.0000,0.117,22
7848,tests/train_files/train_none_many_dominated_no_medium_v03.simpl,5,5500.0000,0.117,20
7849,tests/train_files/train_none_many_light_has_large_v01.simpl,5,4214.2856,0.117,54
7850,tests/train_files/train_none_many_light_has_large_v02.simpl,5,4912.0879,0.117,57
7851,tests/train_files/train_none_many_light_has_large_v03.simpl,5,4266.6670,0.117,55
7852,tests/train_files/train_none_many_light_has_medium_v01.simpl,5,5500.0000,0.117,20
7853,tests/train_files/train_none_many_light_has_medium_v02.simpl,5,7000.0000,0.117,23
7854,tests/train_files/train_none_many_light_has_medium_v03.simpl,5,6000.0000,0.117,21
7855,tests/train_files/train_none_many_light_no_large_v01.simpl,5,4269.2305,0.116,53
7856,tests/train_files/train_none_many_light_no_large_v02.simpl,5,4266.6665,0.116,56
7857,tests/train_files/train_none_many_light_no_large_v03.simpl,5,4333.3335,0.116,54
7858,tests/train_files/train_none_many_light_no_medium_v01.simpl,5,5749.9995,0.116,19
7859,tests/train_files/train_none_many_light_no_medium_v02.simpl,5,4750.0000,0.116,22
7860,tests/train_files/train_none_many_light_no_medium_v03.simpl,5,5500.0000,0.116,20
7861,tests/train_files/train_none_many_none_has_large_v01.simpl,5,3812.4998,0.116,56
7862,tests/train_files/train_none_many_none_has_large_v02.simpl,5,4642.8569,0.116,59
7863,tests/train_files/train_none_many_none_has_large_v03.simpl,5,4500.0000,0.116,57
7864,tests/train_files/train_none_many_none_has_medium_v01.simpl,5,5416.6665,0.115,20
7865,tests/train_files/train_none_many_none_has_medium_v02.simpl,5,7749.9995,0.115,23
7866,tests/train_files/train_none_many_none_has_medium_v03.simpl,5,6000.0000,0.115,21
7867,tests/train_files/train_none_many_none_no_large_v01.simpl,5,3687.4998,0.115,55
7868,tests/train_files/train_none_many_none_no_large_v02.simpl,5,4642.8569,0.115,58
7869,tests/train_files/train_none_many_none_no_large_v03.simpl,5,4756.4102,0.115,56
7870,tests/train_files/train_none_many_none_no_medium_v01.simpl,5,7000.0000,0.115,19
7871,tests/train_files/train_none_many_none_no_medium_v02.simpl,5,6083.3330,0.115,22
7872,tests/train_files/train_none_many_none_no_medium_v03.simpl,5,6250.0000,0.115,20
7873,tests/train_files/train_none_none_dominated_no_large_v01.simpl,5,3769.2307,0.114,49
7874,tests/train_files/train_none_none_dominated_no_large_v02.simpl,5,3500.0000,0.114,49
7875,tests/train_files/train_none_none_dominated_no_large_v03.simpl,5,3266.6667,0.114,49
7876,tests/train_files/train_none_none_dominated_no_medium_v01.simpl,5,2666.6667,0.114,8
7877,tests/train_files/train_none_none_dominated_no_medium_v02.simpl,5,2666.6667,0.114,8
7878,tests/train_files/train_none_none_dominated_no_medium_v03.simpl,5,1142.8571,0.114,8
7879,tests/train_files/train_none_none_dominated_no_tiny_v01.simpl,5,500.0000,0.114,1
7880,tests/train_files/train_none_none_dominated_no_tiny_v02.simpl,5,333.3333,0.114,1
7881,tests/train_files/train_none_none_dominated_no_tiny_v03.simpl,5,333.3333,0.114,1
7882,tests/train_files/train_none_none_none_no_large_v01.simpl,5,3205.3569,0.113,50
7883,tests/train_files/train_none_none_none_no_large_v02.simpl,5,3894.2307,0.113,50
7884,tests/train_files/train_none_none_none_no_large_v03.simpl,5,3409.5239,0.113,50
7885,tests/train_files/train_none_none_none_no_medium_v01.simpl,5,1476.1904,0.113,9
7886,tests/train_files/train_none_none_none_no_medium_v02.simpl,5,2499.9998,0.113,9
7887,tests/train_files/train_none_none_none_no_medium_v03.simpl,5,3166.6667,0.113,9
7888,tests/train_files/train_none_none_none_no_tiny_v01.simpl,5,1999.9999,0.113,2
7889,tests/train_files/train_none_none_none_no_tiny_v02.simpl,5,1333.3333,0.113,2
7890,tests/train_files/train_none_none_none_no_tiny_v03.simpl,5,1499.9999,0.112,2
7891,tests/train_files/train_shallow_few_dominated_has_large_v01.simpl,5,1952.3810,0.112,39
7892,tests/train_files/train_shallow_few_dominated_has_large_v02.simpl,5,2450.0000,0.112,37
7893,tests/train_files/train_shallow_few_dominated_has_large_v03.simpl,5,2094.7368,0.112,37
7894,tests/train_files/train_shallow_few_dominated_has_medium_v01.simpl,5,1000.0000,0.112,6
7895,tests/train_files/train_shallow_few_dominated_has_medium_v02.simpl,5,633.3334,0.112,4
7896,tests/train_files/train_shallow_few_dominated_has_medium_v03.simpl,5,1300.0000,0.112,4
7897,tests/train_files/train_shallow_few_dominated_no_large_v01.simpl,5,1952.3810,0.112,35
7898,tests/train_files/train_shallow_few_dominated_no_large_v02.simpl,5,1833.3334,0.112,33
7899,tests/train_files/train_shallow_few_dominated_no_large_v03.simpl,5,2249.9998,0.111,35
7900,tests/train_files/train_shallow_few_dominated_no_medium_v01.simpl,5,590.9091,0.111,2
7901,tests/train_files/train_shallow_few_dominated_no_medium_v02.simpl,5,0.0000,0.111,0
7902,tests/train_files/train_shallow_few_dominated_no_medium_v03.simpl,5,600.0000,0.111,2
7903,tests/train_files/train_shallow_few_light_has_large_v01.simpl,5,2495.7983,0.111,41
7904,tests/train_files/train_shallow_few_light_has_large_v02.simpl,5,2100.0000,0.111,39
7905,tests/train_files/train_shallow_few_light_has_large_v03.simpl,5,2166.6667,0.111,39
7906,tests/train_files/train_shallow_few_light_has_medium_v01.simpl,5,1555.5555,0.111,6
7907,tests/train_files/train_shallow_few_light_has_medium_v02.simpl,5,800.0000,0.111,4
7908,tests/train_files/train_shallow_few_light_has_medium_v03.simpl,5,1272.7272,0.110,4
7909,tests/train_files/train_shallow_few_light_no_large_v01.simpl,5,2250.0000,0.110,37
7910,tests/train_files/train_shallow_few_light_no_large_v02.simpl,5,1944.4446,0.110,35
7911,tests/train_files/train_shallow_few_light_no_large_v03.simpl,5,2050.0000,0.110,37
7912,tests/train_files/train_shallow_few_light_no_medium_v01.simpl,5,600.0000,0.110,2
7913,tests/train_files/train_shallow_few_light_no_medium_v02.simpl,5,0.0000,0.110,0
7914,tests/train_files/train_shallow_few_light_no_medium_v03.simpl,5,600.0000,0.110,2
7915,tests/train_files/train_shallow_few_none_has_large_v01.simpl,5,2500.0002,0.110,43
7916,tests/train_files/train_shallow_few_none_has_large_v02.simpl,5,2365.0796,0.110,41
7917,tests/train_files/train_shallow_few_none_has_large_v03.simpl,5,1939.1304,0.109,41
7918,tests/train_files/train_shallow_few_none_has_medium_v01.simpl,5,1555.5555,0.109,6
7919,tests/train_files/train_shallow_few_none_has_medium_v02.simpl,5,1300.0000,0.109,4
7920,tests/train_files/train_shallow_few_none_has_medium_v03.simpl,5,1272.7272,0.109,4
7921,tests/train_files/train_shallow_few_none_no_large_v01.simpl,5,1977.2727,0.109,39
7922,tests/train_files/train_shallow_few_none_no_large_v02.simpl,5,1947.3685,0.109,37
7923,tests/train_files/train_shallow_few_none_no_large_v03.simpl,5,2200.0000,0.109,39
7924,tests/train_files/train_shallow_few_none_no_medium_v01.simpl,5,600.0000,0.109,2
7925,tests/train_files/train_shallow_few_none_no_medium_v02.simpl,5,0.0000,0.109,0
7926,tests/train_files/train_shallow_few_none_no_medium_v03.simpl,5,1111.1111,0.108,2
7927,tests/train_files/train_shallow_many_dominated_has_large_v01.simpl,5,3150.0000,0.108,32
7928,tests/train_files/train_shallow_many_dominated_has_large_v02.simpl,5,2611.1111,0.108,29
7929,tests/train_files/train_shallow_many_dominated_has_large_v03.simpl,5,2660.5264,0.108,30
7930,tests/train_files/train_shallow_many_dominated_has_medium_v01.simpl,5,3033.3333,0.108,11
7931,tests/train_files/train_shallow_many_dominated_has_medium_v02.simpl,5,1892.8572,0.108,8
7932,tests/train_files/train_shallow_many_dominated_has_medium_v03.simpl,5,2653.8462,0.108,9
7933,tests/train_files/train_shallow_many_dominated_no_large_v01.simpl,5,2957.8948,0.108,31
7934,tests/train_files/train_shallow_many_dominated_no_large_v02.simpl,5,2333.3335,0.108,28
7935,tests/train_files/train_shallow_many_dominated_no_large_v03.simpl,5,2705.2632,0.107,29
7936,tests/train_files/train_shallow_many_dominated_no_medium_v01.simpl,5,3076.9231,0.107,10
7937,tests/train_files/train_shallow_many_dominated_no_medium_v02.simpl,5,1749.9999,0.107,7
7938,tests/train_files/train_shallow_many_dominated_no_medium_v03.simpl,5,1999.9999,0.107,8
7939,tests/train_files/train_shallow_many_light_has_large_v01.simpl,5,3033.3335,0.107,38
7940,tests/train_files/train_shallow_many_light_has_large_v02.simpl,5,2776.3159,0.107,35
7941,tests/train_files/train_shallow_many_light_has_large_v03.simpl,5,2926.3159,0.107,36
7942,tests/train_files/train_shallow_many_light_has_medium_v01.simpl,5,3083.3333,0.107,11
7943,tests/train_files/train_shallow_many_light_has_medium_v02.simpl,5,1726.1906,0.107,8
7944,tests/train_files/train_shallow_many_light_has_medium_v03.simpl,5,2642.8572,0.106,9
7945,tests/train_files/train_shallow_many_light_no_large_v01.simpl,5,3447.0586,0.106,37
7946,tests/train_files/train_shallow_many_light_no_large_v02.simpl,5,2666.6667,0.106,34
7947,tests/train_files/train_shallow_many_light_no_large_v03.simpl,5,2619.0479,0.106,35
7948,tests/train_files/train_shallow_many_light_no_medium_v01.simpl,5,3090.9092,0.106,10
7949,tests/train_files/train_shallow_many_light_no_medium_v02.simpl,5,2333.3333,0.106,7
7950,tests/train_files/train_shallow_many_light_no_medium_v03.simpl,5,1999.9999,0.106,8
7951,tests/train_files/train_shallow_many_none_has_large_v01.simpl,5,3377.7778,0.106,40
7952,tests/train_files/train_shallow_many_none_has_large_v02.simpl,5,2922.2222,0.106,37
7953,tests/train_files/train_shallow_many_none_has_large_v03.simpl,5,2392.3076,0.105,38
7954,tests/train_files/train_shallow_many_none_has_medium_v01.simpl,5,3083.3333,0.105,11
7955,tests/train_files/train_shallow_many_none_has_medium_v02.simpl,5,3153.8462,0.105,8
7956,tests/train_files/train_shallow_many_none_has_medium_v03.simpl,5,2653.8462,0.105,9
7957,tests/train_files/train_shallow_many_none_no_large_v01.simpl,5,3675.0000,0.105,39
7958,tests/train_files/train_shallow_many_none_no_large_v02.simpl,5,2616.6665,0.105,36
7959,tests/train_files/train_shallow_many_none_no_large_v03.simpl,5,3050.0000,0.105,37
7960,tests/train_files/train_shallow_many_none_no_medium_v01.simpl,5,3076.9231,0.105,10
7961,tests/train_files/train_shallow_many_none_no_medium_v02.simpl,5,1400.0000,0.105,7
7962,tests/train_files/train_shallow_many_none_no_medium_v03.simpl,5,2666.6667,0.104,8
7963,tests/train_files/train_shallow_none_dominated_no_large_v01.simpl,5,2470.5881,0.104,42
7964,tests/train_files/train_shallow_none_dominated_no_large_v02.simpl,5,2800.0000,0.104,42
7965,tests/train_files/train_shallow_none_dominated_no_large_v03.simpl,5,2210.5264,0.104,42
7966,tests/train_files/train_shallow_none_dominated_no_medium_v01.simpl,5,142.8571,0.104,1
7967,tests/train_files/train_shallow_none_dominated_no_medium_v02.simpl,5,100.0000,0.104,1
7968,tests/train_files/train_shallow_none_dominated_no_medium_v03.simpl,5,142.8571,0.104,1
7969,tests/train_files/train_shallow_none_none_no_large_v01.simpl,5,2470.5881,0.104,42
7970,tests/train_files/train_shallow_none_none_no_large_v02.simpl,5,2210.5264,0.103,42
7971,tests/train_files/train_shallow_none_none_no_large_v03.simpl,5,1909.0909,0.103,42
7972,tests/train_files/train_shallow_none_none_no_medium_v01.simpl,5,125.0000,0.103,1
7973,tests/train_files/train_shallow_none_none_no_medium_v02.simpl,5,111.1111,0.103,1
7974,tests/train_files/train_shallow_none_none_no_medium_v03.simpl,5,125.0000,0.103,1
7975,tests/train_files/train_shallow_none_none_no_tiny_v01.simpl,5,0.0000,0.103,0
7976,tests/train_files/train_shallow_none_none_no_tiny_v02.simpl,5,0.0000,0.103,0
7977,tests/train_files/train_shallow_none_none_no_tiny_v03.simpl,5,0.0000,0.103,0
7978,tests/train_files/train_deep_few_dominated_has_large_v01.simpl,5,1307.1428,0.103,32
7979,tests/train_files/train_deep_few_dominated_has_large_v02.simpl,5,1458.3334,0.102,30
7980,tests/train_files/train_deep_few_dominated_has_large_v03.simpl,5,1547.6190,0.102,30
7981,tests/train_files/train_deep_few_dominated_has_medium_v01.simpl,5,1312.5000,0.102,6
7982,tests/train_files/train_deep_few_dominated_has_medium_v02.simpl,5,1187.4999,0.102,4
7983,tests/train_files/train_deep_few_dominated_has_medium_v03.simpl,5,700.0000,0.102,4
7984,tests/train_files/train_deep_few_dominated_no_large_v01.simpl,5,1535.7144,0.102,28
7985,tests/train_files/train_deep_few_dominated_no_large_v02.simpl,5,1130.4348,0.102,26
7986,tests/train_files/train_deep_few_dominated_no_large_v03.simpl,5,1477.2727,0.102,28
7987,tests/train_files/train_deep_few_dominated_no_medium_v01.simpl,5,571.4285,0.102,2
7988,tests/train_files/train_deep_few_dominated_no_medium_v02.simpl,5,0.0000,0.101,0
7989,tests/train_files/train_deep_few_dominated_no_medium_v03.simpl,5,558.8235,0.101,2
7990,tests/train_files/train_deep_few_light_has_large_v01.simpl,5,1634.7826,0.101,34
7991,tests/train_files/train_deep_few_light_has_large_v02.simpl,5,1726.1906,0.101,32
7992,tests/train_files/train_deep_few_light_has_large_v03.simpl,5,1348.1481,0.101,32
7993,tests/train_files/train_deep_few_light_has_medium_v01.simpl,5,857.1428,0.101,6
7994,tests/train_files/train_deep_few_light_has_medium_v02.simpl,5,700.0000,0.101,4
7995,tests/train_files/train_deep_few_light_has_medium_v03.simpl,5,700.0000,0.101,4
7996,tests/train_files/train_deep_few_light_no_large_v01.simpl,5,1568.1819,0.101,30
7997,tests/train_files/train_deep_few_light_no_large_v02.simpl,5,1217.3914,0.100,28
7998,tests/train_files/train_deep_few_light_no_large_v03.simpl,5,1630.9524,0.100,30
7999,tests/train_files/train_deep_few_light_no_medium_v01.simpl,5,392.1569,0.100,2
8000,tests/train_files/train_deep_few_light_no_medium_v02.simpl,5,0.0000,0.100,0
8001,tests/train_files/train_deep_few_light_no_medium_v03.simpl,5,566.6666,0.100,2
8002,tests/train_files/train_deep_few_none_has_large_v01.simpl,5,1950.0000,0.100,36
8003,tests/train_files/train_deep_few_none_has_large_v02.simpl,5,1771.4286,0.100,34
8004,tests/train_files/train_deep_few_none_has_large_v03.simpl,5,1738.0952,0.100,34
8005,tests/train_files/train_deep_few_none_has_medium_v01.simpl,5,1294.1176,0.100,6
8006,tests/train_files/train_deep_few_none_has_medium_v02.simpl,5,700.0000,0.100,4
8007,tests/train_files/train_deep_few_none_has_medium_v03.simpl,5,1176.4705,0.100,4
8008,tests/train_files/train_deep_few_none_no_large_v01.simpl,5,1541.6666,0.100,32
8009,tests/train_files/train_deep_few_none_no_large_v02.simpl,5,1153.8461,0.100,30
8010,tests/train_files/train_deep_few_none_no_large_v03.simpl,5,1659.0909,0.100,32
8011,tests/train_files/train_deep_few_none_no_medium_v01.simpl,5,566.6666,0.100,2
8012,tests/train_files/train_deep_few_none_no_medium_v02.simpl,5,0.0000,0.100,0
8013,tests/train_files/train_deep_few_none_no_medium_v03.simpl,5,404.7619,0.100,2
8014,tests/train_files/train_deep_many_dominated_has_large_v01.simpl,5,2628.0701,0.100,25
8015,tests/train_files/train_deep_many_dominated_has_large_v02.simpl,5,1723.3333,0.100,22
8016,tests/train_files/train_deep_many_dominated_has_large_v03.simpl,5,1890.0000,0.100,23
8017,tests/train_files/train_deep_many_dominated_has_medium_v01.simpl,5,2602.9409,0.100,14
8018,tests/train_files/train_deep_many_dominated_has_medium_v02.simpl,5,1555.5555,0.100,10
8019,tests/train_files/train_deep_many_dominated_has_medium_v03.simpl,5,1755.5555,0.100,11
8020,tests/train_files/train_deep_many_dominated_no_large_v01.simpl,5,2514.2856,0.100,24
8021,tests/train_files/train_deep_many_dominated_no_large_v02.simpl,5,2036.3636,0.100,21
8022,tests/train_files/train_deep_many_dominated_no_large_v03.simpl,5,2000.0000,0.100,22
8023,tests/train_files/train_deep_many_dominated_no_medium_v01.simpl,5,1858.8235,0.100,10
8024,tests/train_files/train_deep_many_dominated_no_medium_v02.simpl,5,1400.0000,0.100,7
8025,tests/train_files/train_deep_many_dominated_no_medium_v03.simpl,5,1600.0000,0.100,8
8026,tests/train_files/train_deep_many_light_has_large_v01.simpl,5,2416.6665,0.100,31
8027,tests/train_files/train_deep_many_light_has_large_v02.simpl,5,2039.8550,0.100,28
8028,tests/train_files/train_deep_many_light_has_large_v03.simpl,5,2297.6189,0.100,29
8029,tests/train_files/train_deep_many_light_has_medium_v01.simpl,5,3102.9409,0.100,14
8030,tests/train_files/train_deep_many_light_has_medium_v02.simpl,5,1985.2941,0.100,10
8031,tests/train_files/train_deep_many_light_has_medium_v03.simpl,5,2222.2222,0.100,11
8032,tests/train_files/train_deep_many_light_no_large_v01.simpl,5,2713.0435,0.100,30
8033,tests/train_files/train_deep_many_light_no_large_v02.simpl,5,1966.6666,0.100,27
8034,tests/train_files/train_deep_many_light_no_large_v03.simpl,5,2202.8984,0.100,28
8035,tests/train_files/train_deep_many_light_no_medium_v01.simpl,5,2308.8235,0.100,10
8036,tests/train_files/train_deep_many_light_no_medium_v02.simpl,5,1749.9999,0.100,7
8037,tests/train_files/train_deep_many_light_no_medium_v03.simpl,5,1999.9999,0.100,8
8038,tests/train_files/train_deep_many_none_has_large_v01.simpl,5,2757.1428,0.100,33
8039,tests/train_files/train_deep_many_none_has_large_v02.simpl,5,2126.8115,0.100,30
8040,tests/train_files/train_deep_many_none_has_large_v03.simpl,5,2250.0000,0.100,31
8041,tests/train_files/train_deep_many_none_has_medium_v01.simpl,5,2275.0000,0.100,14
8042,tests/train_files/train_deep_many_none_has_medium_v02.simpl,5,1972.2222,0.100,10
8043,tests/train_files/train_deep_many_none_has_medium_v03.simpl,5,1922.2222,0.100,11
8044,tests/train_files/train_deep_many_none_no_large_v01.simpl,5,2800.0000,0.100,32
8045,tests/train_files/train_deep_many_none_no_large_v02.simpl,5,2046.6666,0.100,29
8046,tests/train_files/train_deep_many_none_no_large_v03.simpl,5,2480.0000,0.100,30
8047,tests/train_files/train_deep_many_none_no_medium_v01.simpl,5,1862.5000,0.100,10
8048,tests/train_files/train_deep_many_none_no_medium_v02.simpl,5,2333.3333,0.100,7
8049,tests/train_files/train_deep_many_none_no_medium_v03.simpl,5,2666.6667,0.100,8
8050,tests/train_files/train_deep_none_dominated_no_large_v01.simpl,5,1750.0000,0.100,35
8051,tests/train_files/train_deep_none_dominated_no_large_v02.simpl,5,1750.0000,0.100,35
8052,tests/train_files/train_deep_none_dominated_no_large_v03.simpl,5,1590.9091,0.100,35
8053,tests/train_files/train_deep_none_dominated_no_medium_v01.simpl,5,76.9231,0.100,1
8054,tests/train_files/train_deep_none_dominated_no_medium_v02.simpl,5,100.0000,0.100,1
8055,tests/train_files/train_deep_none_dominated_no_medium_v03.simpl,5,100.0000,0.100,1
8056,tests/train_files/train_deep_none_none_no_large_v01.simpl,5,1590.9091,0.100,35
8057,tests/train_files/train_deep_none_none_no_large_v02.simpl,5,1750.0000,0.100,35
8058,tests/train_files/train_deep_none_none_no_large_v03.simpl,5,1400.0000,0.100,35
8059,tests/train_files/train_deep_none_none_no_medium_v01.simpl,5,0.0000,0.100,0
8060,tests/train_files/train_deep_none_none_no_medium_v02.simpl,5,0.0000,0.100,0
8061,tests/train_files/train_deep_none_none_no_medium_v03.simpl,5,0.0000,0.100,0
8062,tests/train_files/train_none_few_dominated_has_large_v01.simpl,5,3508.9282,0.100,51
8063,tests/train_files/train_none_few_dominated_has_large_v02.simpl,5,4186.8130,0.100,51
8064,tests/train_files/train_none_few_dominated_has_large_v03.simpl,5,4282.0513,0.100,51
8065,tests/train_files/train_none_few_dominated_has_medium_v01.simpl,5,3749.9998,0.100,11
8066,tests/train_files/train_none_few_dominated_has_medium_v02.simpl,5,3749.9998,0.100,11
8067,tests/train_files/train_none_few_dominated_has_medium_v03.simpl,5,4333.3330,0.100,11
8068,tests/train_files/train_none_few_dominated_no_large_v01.simpl,5,4186.8130,0.100,51
8069,tests/train_files/train_none_few_dominated_no_large_v02.simpl,5,4214.2856,0.100,53
8070,tests/train_files/train_none_few_dominated_no_large_v03.simpl,5,2809.5237,0.100,51
8071,tests/train_files/train_none_few_dominated_no_medium_v01.simpl,5,7499.9995,0.100,11
8072,tests/train_files/train_none_few_dominated_no_medium_v02.simpl,5,7166.6660,0.100,13
8073,tests/train_files/train_none_few_dominated_no_medium_v03.simpl,5,7499.9995,0.100,11
8074,tests/train_files/train_none_few_light_has_large_v01.simpl,5,3633.9282,0.100,53
8075,tests/train_files/train_none_few_light_has_large_v02.simpl,5,4340.6592,0.100,53
8076,tests/train_files/train_none_few_light_has_large_v03.simpl,5,4166.6665,0.100,53
8077,tests/train_files/train_none_few_light_has_medium_v01.simpl,5,6666.6665,0.100,12
8078,tests/train_files/train_none_few_light_has_medium_v02.simpl,5,5999.9995,0.100,12
8079,tests/train_files/train_none_few_light_has_medium_v03.simpl,5,5999.9995,0.100,12
8080,tests/train_files/train_none_few_light_has_tiny_v01.simpl,5,6333.3330,0.100,11
8081,tests/train_files/train_none_few_light_has_tiny_v02.simpl,5,3749.9998,0.100,11
8082,tests/train_files/train_none_few_light_has_tiny_v03.simpl,5,5166.6665,0.100,11
8083,tests/train_files/train_none_few_light_no_large_v01.simpl,5,3711.1113,0.100,53
8084,tests/train_files/train_none_few_light_no_large_v02.simpl,5,3632.3528,0.100,55
8085,tests/train_files/train_none_few_light_no_large_v03.simpl,5,4340.6592,0.100,53
8086,tests/train_files/train_none_few_light_no_medium_v01.simpl,5,5999.9995,0.100,12
8087,tests/train_files/train_none_few_light_no_medium_v02.simpl,5,5666.6665,0.100,14
8088,tests/train_files/train_none_few_light_no_medium_v03.simpl,5,6666.6665,0.100,12
8089,tests/train_files/train_none_few_light_no_tiny_v01.simpl,5,4333.3330,0.100,11
8090,tests/train_files/train_none_few_light_no_tiny_v02.simpl,5,5333.3330,0.100,13
8091,tests/train_files/train_none_few_light_no_tiny_v03.simpl,5,4333.3330,0.100,11
8092,tests/train_files/train_none_few_none_has_large_v01.simpl,5,4142.8569,0.100,55
8093,tests/train_files/train_none_few_none_has_large_v02.simpl,5,3900.0000,0.100,55
8094,tests/train_files/train_none_few_none_has_large_v03.simpl,5,4494.5054,0.100,55
8095,tests/train_files/train_none_few_none_has_medium_v01.simpl,5,4500.0000,0.100,14
8096,tests/train_files/train_none_few_none_has_medium_v02.simpl,5,5333.3330,0.100,14
8097,tests/train_files/train_none_few_none_has_medium_v03.simpl,5,6500.0000,0.100,14
8098,tests/train_files/train_none_few_none_has_tiny_v01.simpl,5,5166.6665,0.100,11
8099,tests/train_files/train_none_few_none_has_tiny_v02.simpl,5,7499.9995,0.100,11
8100,tests/train_files/train_none_few_none_has_tiny_v03.simpl,5,4333.3330,0.100,11
8101,tests/train_files/train_none_few_none_no_large_v01.simpl,5,4423.0767,0.100,55
8102,tests/train_files/train_none_few_none_no_large_v02.simpl,5,4500.0000,0.100,57
8103,tests/train_files/train_none_few_none_no_large_v03.simpl,5,3900.0000,0.100,55
8104,tests/train_files/train_none_few_none_no_medium_v01.simpl,5,4500.0000,0.100,14
8105,tests/train_files/train_none_few_none_no_medium_v02.simpl,5,4428.5713,0.100,16
8106,tests/train_files/train_none_few_none_no_medium_v03.simpl,5,6500.0000,0.100,14
8107,tests/train_files/train_none_few_none_no_tiny_v01.simpl,5,5749.9995,0.100,11
8108,tests/train_files/train_none_few_none_no_tiny_v02.simpl,5,5333.3330,0.100,13
8109,tests/train_files/train_none_few_none_no_tiny_v03.simpl,5,5749.9995,0.100,11
8110,tests/train_files/train_none_many_dominated_has_large_v01.simpl,5,4021.9778,0.100,48
8111,tests/train_files/train_none_many_dominated_has_large_v02.simpl,5,4916.6665,0.100,51
8112,tests/train_files/train_none_many_dominated_has_large_v03.simpl,5,4783.3330,0.100,49
8113,tests/train_files/train_none_many_dominated_has_medium_v01.simpl,5,5500.0000,0.100,20
8114,tests/train_files/train_none_many_dominated_has_medium_v02.simpl,5,5166.6670,0.100,23
8115,tests/train_files/train_none_many_dominated_has_medium_v03.simpl,5,6000.0000,0.100,21
8116,tests/train_files/train_none_many_dominated_no_large_v01.simpl,5,3642.8569,0.100,47
8117,tests/train_files/train_none_many_dominated_no_large_v02.simpl,5,4583.3330,0.100,50
8118,tests/train_files/train_none_many_dominated_no_large_v03.simpl,5,4141.0254,0.100,48
8119,tests/train_files/train_none_many_dominated_no_medium_v01.simpl,5,4333.3335,0.100,19
8120,tests/train_files/train_none_many_dominated_no_medium_v02.simpl,5,5333.3330,0.100,22
8121,tests/train_files/train_none_many_dominated_no_medium_v03.simpl,5,5500.0000,0.100,20
8122,tests/train_files/train_none_many_light_has_large_v01.simpl,5,4394.2305,0.100,54
8123,tests/train_files/train_none_many_light_has_large_v02.simpl,5,4642.8569,0.100,57
8124,tests/train_files/train_none_many_light_has_large_v03.simpl,5,4500.0000,0.100,55
8125,tests/train_files/train_none_many_light_has_medium_v01.simpl,5,4666.6665,0.100,20
8126,tests/train_files/train_none_many_light_has_medium_v02.simpl,5,7749.9995,0.100,23
8127,tests/train_files/train_none_many_light_has_medium_v03.simpl,5,5000.0000,0.100,21
8128,tests/train_files/train_none_many_light_no_large_v01.simpl,5,4071.4285,0.100,53
8129,tests/train_files/train_none_many_light_no_large_v02.simpl,5,4141.6665,0.100,56
8130,tests/train_files/train_none_many_light_no_large_v03.simpl,5,4333.3335,0.100,54
8131,tests/train_files/train_none_many_light_no_medium_v01.simpl,5,7000.0000,0.100,19
8132,tests/train_files/train_none_many_light_no_medium_v02.simpl,5,6500.0000,0.100,22
8133,tests/train_files/train_none_many_light_no_medium_v03.simpl,5,8000.0000,0.100,20
8134,tests/train_files/train_none_many_none_has_large_v01.simpl,5,4267.8569,0.100,56
8135,tests/train_files/train_none_many_none_has_large_v02.simpl,5,4642.8569,0.100,59
8136,tests/train_files/train_none_many_none_has_large_v03.simpl,5,4500.0000,0.100,57
8137,tests/train_files/train_none_many_none_has_medium_v01.simpl,5,4166.6670,0.100,20
8138,tests/train_files/train_none_many_none_has_medium_v02.simpl,5,7000.0000,0.100,23
8139,tests/train_files/train_none_many_none_has_medium_v03.simpl,5,9000.0000,0.100,21
8140,tests/train_files/train_none_many_none_no_large_v01.simpl,5,4694.4443,0.100,55
8141,tests/train_files/train_none_many_none_no_large_v02.simpl,5,4062.4998,0.100,58
8142,tests/train_files/train_none_many_none_no_large_v03.simpl,5,4020.8330,0.100,56
8143,tests/train_files/train_none_many_none_no_medium_v01.simpl,5,5083.3330,0.100,19
8144,tests/train_files/train_none_many_none_no_medium_v02.simpl,5,6083.3330,0.100,22
8145,tests/train_files/train_none_many_none_no_medium_v03.simpl,5,6250.0000,0.100,20
8146,tests/train_files/train_none_none_dominated_no_large_v01.simpl,5,3769.2307,0.100,49
8147,tests/train_files/train_none_none_dominated_no_large_v02.simpl,5,3769.2307,0.100,49
8148,tests/train_files/train_none_none_dominated_no_large_v03.simpl,5,3062.4998,0.100,49
8149,tests/train_files/train_none_none_dominated_no_medium_v01.simpl,5,2666.6667,0.100,8
8150,tests/train_files/train_none_none_dominated_no_medium_v02.simpl,5,2666.6667,0.100,8
8151,tests/train_files/train_none_none_dominated_no_medium_v03.simpl,5,888.8889,0.100,8
8152,tests/train_files/train_none_none_dominated_no_tiny_v01.simpl,5,200.0000,0.100,1
8153,tests/train_files/train_none_none_dominated_no_tiny_v02.simpl,5,333.3333,0.100,1
8154,tests/train_files/train_none_none_dominated_no_tiny_v03.simpl,5,333.3333,0.100,1
8155,tests/train_files/train_none_none_none_no_large_v01.simpl,5,2393.9395,0.100,50
8156,tests/train_files/train_none_none_none_no_large_v02.simpl,5,3642.8572,0.100,50
8157,tests/train_files/train_none_none_none_no_large_v03.simpl,5,3391.6667,0.100,50
8158,tests/train_files/train_none_none_none_no_medium_v01.simpl,5,2499.9998,0.100,9
8159,tests/train_files/train_none_none_none_no_medium_v02.simpl,5,2999.9998,0.100,9
8160,tests/train_files/train_none_none_none_no_medium_v03.simpl,5,2999.9998,0.100,9
8161,tests/train_files/train_none_none_none_no_tiny_v01.simpl,5,1499.9999,0.100,2
8162,tests/train_files/train_none_none_none_no_tiny_v02.simpl,5,1333.3333,0.100,2
8163,tests/train_files/train_none_none_none_no_tiny_v03.simpl,5,1999.9999,0.100,2
8164,tests/train_files/train_shallow_few_dominated_has_large_v01.simpl,5,2009.5238,0.100,39
8165,tests/train_files/train_shallow_few_dominated_has_large_v02.simpl,5,2250.0000,0.100,37
8166,tests/train_files/train_shallow_few_dominated_has_large_v03.simpl,5,2094.7368,0.100,37
8167,tests/train_files/train_shallow_few_dominated_has_medium_v01.simpl,5,1357.1428,0.100,6
8168,tests/train_files/train_shallow_few_dominated_has_medium_v02.simpl,5,800.0000,0.100,4
8169,tests/train_files/train_shallow_few_dominated_has_medium_v03.simpl,5,1300.0000,0.100,4
8170,tests/train_files/train_shallow_few_dominated_no_large_v01.simpl,5,2039.4738,0.100,35
8171,tests/train_files/train_shallow_few_dominated_no_large_v02.simpl,5,1833.3334,0.100,33
8172,tests/train_files/train_shallow_few_dominated_no_large_v03.simpl,5,1869.0476,0.100,35
8173,tests/train_files/train_shallow_few_dominated_no_medium_v01.simpl,5,590.9091,0.100,2
8174,tests/train_files/train_shallow_few_dominated_no_medium_v02.simpl,5,0.0000,0.100,0
8175,tests/train_files/train_shallow_few_dominated_no_medium_v03.simpl,5,600.0000,0.100,2
8176,tests/train_files/train_shallow_few_light_has_large_v01.simpl,5,2365.0796,0.100,41
8177,tests/train_files/train_shallow_few_light_has_large_v02.simpl,5,2541.6667,0.100,39
8178,tests/train_files/train_shallow_few_light_has_large_v03.simpl,5,2066.6667,0.100,39
8179,tests/train_files/train_shallow_few_light_has_medium_v01.simpl,5,1500.0000,0.100,6
8180,tests/train_files/train_shallow_few_light_has_medium_v02.simpl,5,564.1025,0.100,4
8181,tests/train_files/train_shallow_few_light_has_medium_v03.simpl,5,1333.3333,0.100,4
8182,tests/train_files/train_shallow_few_light_no_large_v01.simpl,5,2144.7368,0.100,37
8183,tests/train_files/train_shallow_few_light_no_large_v02.simpl,5,1666.6667,0.100,35
8184,tests/train_files/train_shallow_few_light_no_large_v03.simpl,5,1886.3636,0.100,37
8185,tests/train_files/train_shallow_few_light_no_medium_v01.simpl,5,1090.9091,0.100,2
8186,tests/train_files/train_shallow_few_light_no_medium_v02.simpl,5,0.0000,0.100,0
8187,tests/train_files/train_shallow_few_light_no_medium_v03.simpl,5,590.9091,0.100,2
8188,tests/train_files/train_shallow_few_none_has_large_v01.simpl,5,2377.1931,0.100,43
8189,tests/train_files/train_shallow_few_none_has_large_v02.simpl,5,2271.9299,0.100,41
8190,tests/train_files/train_shallow_few_none_has_large_v03.simpl,5,1905.7970,0.100,41
8191,tests/train_files/train_shallow_few_none_has_medium_v01.simpl,5,1500.0000,0.100,6
8192,tests/train_files/train_shallow_few_none_has_medium_v02.simpl,5,1300.0000,0.100,4
8193,tests/train_files/train_shallow_few_none_has_medium_v03.simpl,5,1333.3333,0.100,4
8194,tests/train_files/train_shallow_few_none_no_large_v01.simpl,5,2250.0000,0.100,39
8195,tests/train_files/train_shallow_few_none_no_large_v02.simpl,5,1947.3685,0.100,37
8196,tests/train_files/train_shallow_few_none_no_large_v03.simpl,5,2150.0000,0.100,39
8197,tests/train_files/train_shallow_few_none_no_medium_v01.simpl,5,583.3333,0.100,2
8198,tests/train_files/train_shallow_few_none_no_medium_v02.simpl,5,0.0000,0.100,0
8199,tests/train_files/train_shallow_few_none_no_medium_v03.simpl,5,1111.1111,0.100,2
8200,tests/train_files/train_shallow_many_dominated_has_large_v01.simpl,5,3061.7646,0.100,32
8201,tests/train_files/train_shallow_many_dominated_has_large_v02.simpl,5,2527.7778,0.100,29
8202,tests/train_files/train_shallow_many_dominated_has_large_v03.simpl,5,2460.0840,0.100,30
8203,tests/train_files/train_shallow_many_dominated_has_medium_v01.simpl,5,3564.1025,0.100,11
8204,tests/train_files/train_shallow_many_dominated_has_medium_v02.simpl,5,2809.5237,0.100,8
8205,tests/train_files/train_shallow_many_dominated_has_medium_v03.simpl,5,2642.8572,0.100,9
8206,tests/train_files/train_shallow_many_dominated_no_large_v01.simpl,5,2900.0000,0.100,31
8207,tests/train_files/train_shallow_many_dominated_no_large_v02.simpl,5,2121.2122,0.100,28
8208,tests/train_files/train_shallow_many_dominated_no_large_v03.simpl,5,2438.5967,0.100,29
8209,tests/train_files/train_shallow_many_dominated_no_medium_v01.simpl,5,2326.9231,0.100,10
8210,tests/train_files/train_shallow_many_dominated_no_medium_v02.simpl,5,2333.3333,0.100,7
8211,tests/train_files/train_shallow_many_dominated_no_medium_v03.simpl,5,1999.9999,0.100,8
8212,tests/train_files/train_shallow_many_light_has_large_v01.simpl,5,3228.9473,0.100,38
8213,tests/train_files/train_shallow_many_light_has_large_v02.simpl,5,2861.1113,0.100,35
8214,tests/train_files/train_shallow_many_light_has_large_v03.simpl,5,2718.1819,0.100,36
8215,tests/train_files/train_shallow_many_light_has_medium_v01.simpl,5,3083.3333,0.100,11
8216,tests/train_files/train_shallow_many_light_has_medium_v02.simpl,5,2833.3333,0.100,8
8217,tests/train_files/train_shallow_many_light_has_medium_v03.simpl,5,2153.8459,0.100,9
8218,tests/train_files/train_shallow_many_light_no_large_v01.simpl,5,3055.5557,0.100,37
8219,tests/train_files/train_shallow_many_light_no_large_v02.simpl,5,2900.0000,0.100,34
8220,tests/train_files/train_shallow_many_light_no_large_v03.simpl,5,2619.0479,0.100,35
8221,tests/train_files/train_shallow_many_light_no_medium_v01.simpl,5,3083.3333,0.100,10
8222,tests/train_files/train_shallow_many_light_no_medium_v02.simpl,5,2333.3333,0.100,7
8223,tests/train_files/train_shallow_many_light_no_medium_v03.simpl,5,2666.6667,0.100,8
8224,tests/train_files/train_shallow_many_none_has_large_v01.simpl,5,3054.5454,0.100,40
8225,tests/train_files/train_shallow_many_none_has_large_v02.simpl,5,2659.0908,0.100,37
8226,tests/train_files/train_shallow_many_none_has_large_v03.simpl,5,2876.1904,0.100,38
8227,tests/train_files/train_shallow_many_none_has_medium_v01.simpl,5,2499.9998,0.100,11
8228,tests/train_files/train_shallow_many_none_has_medium_v02.simpl,5,2833.3333,0.100,8
8229,tests/train_files/train_shallow_many_none_has_medium_v03.simpl,5,3142.8572,0.100,9
8230,tests/train_files/train_shallow_many_none_no_large_v01.simpl,5,3228.5713,0.100,39
8231,tests/train_files/train_shallow_many_none_no_large_v02.simpl,5,2850.0000,0.100,36
8232,tests/train_files/train_shallow_many_none_no_large_v03.simpl,5,2859.6492,0.100,37
8233,tests/train_files/train_shallow_many_none_no_medium_v01.simpl,5,3090.9092,0.100,10
8234,tests/train_files/train_shallow_many_none_no_medium_v02.simpl,5,1749.9999,0.100,7
8235,tests/train_files/train_shallow_many_none_no_medium_v03.simpl,5,2666.6667,0.100,8
8236,tests/train_files/train_shallow_none_dominated_no_large_v01.simpl,5,2470.5881,0.100,42
8237,tests/train_files/train_shallow_none_dominated_no_large_v02.simpl,5,3000.0000,0.100,42
8238,tests/train_files/train_shallow_none_dominated_no_large_v03.simpl,5,2333.3335,0.100,42
8239,tests/train_files/train_shallow_none_dominated_no_medium_v01.simpl,5,142.8571,0.100,1
8240,tests/train_files/train_shallow_none_dominated_no_medium_v02.simpl,5,125.0000,0.100,1
8241,tests/train_files/train_shallow_none_dominated_no_medium_v03.simpl,5,166.6667,0.100,1
8242,tests/train_files/train_shallow_none_none_no_large_v01.simpl,5,2333.3335,0.100,42
8243,tests/train_files/train_shallow_none_none_no_large_v02.simpl,5,2470.5881,0.100,42
8244,tests/train_files/train_shallow_none_none_no_large_v03.simpl,5,1750.0000,0.100,42
8245,tests/train_files/train_shallow_none_none_no_medium_v01.simpl,5,100.0000,0.100,1
8246,tests/train_files/train_shallow_none_none_no_medium_v02.simpl,5,125.0000,0.100,1
8247,tests/train_files/train_shallow_none_none_no_medium_v03.simpl,5,125.0000,0.100,1
8248,tests/train_files/train_shallow_none_none_no_tiny_v01.simpl,5,0.0000,0.100,0
8249,tests/train_files/train_shallow_none_none_no_tiny_v02.simpl,5,0.0000,0.100,0
8250,tests/train_files/train_shallow_none_none_no_tiny_v03.simpl,5,0.0000,0.100,0
8251,tests/train_files/train_deep_few_dominated_has_large_v01.simpl,5,1659.0909,0.100,32
8252,tests/train_files/train_deep_few_dominated_has_large_v02.simpl,5,1510.8695,0.100,30
8253,tests/train_files/train_deep_few_dominated_has_large_v03.simpl,5,1484.8485,0.100,30
8254,tests/train_files/train_deep_few_dominated_has_medium_v01.simpl,5,763.1578,0.100,6
8255,tests/train_files/train_deep_few_dominated_has_medium_v02.simpl,5,700.0000,0.100,4
8256,tests/train_files/train_deep_few_dominated_has_medium_v03.simpl,5,547.6190,0.100,4
8257,tests/train_files/train_deep_few_dominated_no_large_v01.simpl,5,1427.2727,0.100,28
8258,tests/train_files/train_deep_few_dominated_no_large_v02.simpl,5,1181.8182,0.100,26
8259,tests/train_files/train_deep_few_dominated_no_large_v03.simpl,5,1485.7144,0.100,28
8260,tests/train_files/train_deep_few_dominated_no_medium_v01.simpl,5,562.4999,0.100,2
8261,tests/train_files/train_deep_few_dominated_no_medium_v02.simpl,5,0.0000,0.100,0
8262,tests/train_files/train_deep_few_dominated_no_medium_v03.simpl,5,566.6666,0.100,2
8263,tests/train_files/train_deep_few_light_has_large_v01.simpl,5,1700.0000,0.100,34
8264,tests/train_files/train_deep_few_light_has_large_v02.simpl,5,1575.7576,0.100,32
8265,tests/train_files/train_deep_few_light_has_large_v03.simpl,5,1609.0909,0.100,32
8266,tests/train_files/train_deep_few_light_has_medium_v01.simpl,5,666.6667,0.100,6
8267,tests/train_files/train_deep_few_light_has_medium_v02.simpl,5,1187.4999,0.100,4
8268,tests/train_files/train_deep_few_light_has_medium_v03.simpl,5,1214.2856,0.100,4
8269,tests/train_files/train_deep_few_light_no_large_v01.simpl,5,1650.0000,0.100,30
8270,tests/train_files/train_deep_few_light_no_large_v02.simpl,5,1333.3334,0.100,28
8271,tests/train_files/train_deep_few_light_no_large_v03.simpl,5,1365.3846,0.100,30
8272,tests/train_files/train_deep_few_light_no_medium_v01.simpl,5,566.6666,0.100,2
8273,tests/train_files/train_deep_few_light_no_medium_v02.simpl,5,0.0000,0.100,0
8274,tests/train_files/train_deep_few_light_no_medium_v03.simpl,5,566.6666,0.100,2
8275,tests/train_files/train_deep_few_none_has_large_v01.simpl,5,1757.5757,0.100,36
8276,tests/train_files/train_deep_few_none_has_large_v02.simpl,5,1625.0000,0.100,34
8277,tests/train_files/train_deep_few_none_has_large_v03.simpl,5,1520.0000,0.100,34
8278,tests/train_files/train_deep_few_none_has_medium_v01.simpl,5,857.1428,0.100,6
8279,tests/train_files/train_deep_few_none_has_medium_v02.simpl,5,547.6190,0.100,4
8280,tests/train_files/train_deep_few_none_has_medium_v03.simpl,5,700.0000,0.100,4
8281,tests/train_files/train_deep_few_none_no_large_v01.simpl,5,1597.8260,0.100,32
8282,tests/train_files/train_deep_few_none_no_large_v02.simpl,5,1304.3478,0.100,30
8283,tests/train_files/train_deep_few_none_no_large_v03.simpl,5,1659.0909,0.100,32
8284,tests/train_files/train_deep_few_none_no_medium_v01.simpl,5,566.6666,0.100,2
8285,tests/train_files/train_deep_few_none_no_medium_v02.simpl,5,0.0000,0.100,0
8286,tests/train_files/train_deep_few_none_no_medium_v03.simpl,5,395.8333,0.100,2
8287,tests/train_files/train_deep_many_dominated_has_large_v01.simpl,5,2500.0000,0.100,25
8288,tests/train_files/train_deep_many_dominated_has_large_v02.simpl,5,2060.6060,0.100,22
8289,tests/train_files/train_deep_many_dominated_has_large_v03.simpl,5,1961.9048,0.100,23
8290,tests/train_files/train_deep_many_dominated_has_medium_v01.simpl,5,2252.9412,0.100,14
8291,tests/train_files/train_deep_many_dominated_has_medium_v02.simpl,5,1710.5264,0.100,10
8292,tests/train_files/train_deep_many_dominated_has_medium_v03.simpl,5,1935.2941,0.100,11
8293,tests/train_files/train_deep_many_dominated_no_large_v01.simpl,5,2100.0000,0.100,24
8294,tests/train_files/train_deep_many_dominated_no_large_v02.simpl,5,1983.3333,0.100,21
8295,tests/train_files/train_deep_many_dominated_no_large_v03.simpl,5,2000.0000,0.100,22
8296,tests/train_files/train_deep_many_dominated_no_medium_v01.simpl,5,2302.6316,0.100,10
8297,tests/train_files/train_deep_many_dominated_no_medium_v02.simpl,5,1166.6666,0.100,7
8298,tests/train_files/train_deep_many_dominated_no_medium_v03.simpl,5,1600.0000,0.100,8
8299,tests/train_files/train_deep_many_light_has_large_v01.simpl,5,2608.3333,0.100,31
8300,tests/train_files/train_deep_many_light_has_large_v02.simpl,5,2083.3333,0.100,28
8301,tests/train_files/train_deep_many_light_has_large_v03.simpl,5,2206.5217,0.100,29
8302,tests/train_files/train_deep_many_light_has_medium_v01.simpl,5,2752.9412,0.100,14
8303,tests/train_files/train_deep_many_light_has_medium_v02.simpl,5,1972.2222,0.100,10
8304,tests/train_files/train_deep_many_light_has_medium_v03.simpl,5,2222.2222,0.100,11
8305,tests/train_files/train_deep_many_light_no_large_v01.simpl,5,2800.0000,0.100,30
8306,tests/train_files/train_deep_many_light_no_large_v02.simpl,5,2036.2318,0.100,27
8307,tests/train_files/train_deep_many_light_no_large_v03.simpl,5,2202.8984,0.100,28
8308,tests/train_files/train_deep_many_light_no_medium_v01.simpl,5,1862.5000,0.100,10
8309,tests/train_files/train_deep_many_light_no_medium_v02.simpl,5,2333.3333,0.100,7
8310,tests/train_files/train_deep_many_light_no_medium_v03.simpl,5,1999.9999,0.100,8
8311,tests/train_files/train_deep_many_none_has_large_v01.simpl,5,2790.4761,0.100,33
8312,tests/train_files/train_deep_many_none_has_large_v02.simpl,5,2160.0000,0.100,30
8313,tests/train_files/train_deep_many_none_has_large_v03.simpl,5,2373.0769,0.100,31
8314,tests/train_files/train_deep_many_none_has_medium_v01.simpl,5,2252.9412,0.100,14
8315,tests/train_files/train_deep_many_none_has_medium_v02.simpl,5,1568.6274,0.100,10
8316,tests/train_files/train_deep_many_none_has_medium_v03.simpl,5,2068.6274,0.100,11
8317,tests/train_files/train_deep_many_none_no_large_v01.simpl,5,2595.2383,0.100,32
8318,tests/train_files/train_deep_many_none_no_large_v02.simpl,5,2012.8204,0.100,29
8319,tests/train_files/train_deep_many_none_no_large_v03.simpl,5,2289.8550,0.100,30
8320,tests/train_files/train_deep_many_none_no_medium_v01.simpl,5,2308.8235,0.100,10
8321,tests/train_files/train_deep_many_none_no_medium_v02.simpl,5,1749.9999,0.100,7
8322,tests/train_files/train_deep_many_none_no_medium_v03.simpl,5,1999.9999,0.100,8
8323,tests/train_files/train_deep_none_dominated_no_large_v01.simpl,5,1750.0000,0.100,35
8324,tests/train_files/train_deep_none_dominated_no_large_v02.simpl,5,1750.0000,0.100,35
8325,tests/train_files/train_deep_none_dominated_no_large_v03.simpl,5,1666.6667,0.100,35
8326,tests/train_files/train_deep_none_dominated_no_medium_v01.simpl,5,76.9231,0.100,1
8327,tests/train_files/train_deep_none_dominated_no_medium_v02.simpl,5,76.9231,0.100,1
8328,tests/train_files/train_deep_none_dominated_no_medium_v03.simpl,5,83.3333,0.100,1
8329,tests/train_files/train_deep_none_none_no_large_v01.simpl,5,1521.7391,0.100,35
8330,tests/train_files/train_deep_none_none_no_large_v02.simpl,5,1590.9091,0.100,35
8331,tests/train_files/train_deep_none_none_no_large_v03.simpl,5,1590.9091,0.100,35
8332,tests/train_files/train_deep_none_none_no_medium_v01.simpl,5,0.0000,0.100,0
8333,tests/train_files/train_deep_none_none_no_medium_v02.simpl,5,0.0000,0.100,0
8334,tests/train_files/train_deep_none_none_no_medium_v03.simpl,5,0.0000,0.100,0
8335,tests/train_files/train_none_few_dominated_has_large_v01.simpl,5,3704.7620,0.100,51
8336,tests/train_files/train_none_few_dominated_has_large_v02.simpl,5,3928.5713,0.100,51
8337,tests/train_files/train_none_few_dominated_has_large_v03.simpl,5,4023.8096,0.100,51
8338,tests/train_files/train_none_few_dominated_has_medium_v01.simpl,5,5749.9995,0.100,11
8339,tests/train_files/train_none_few_dominated_has_medium_v02.simpl,5,6333.3330,0.100,11
8340,tests/train_files/train_none_few_dominated_has_medium_v03.simpl,5,3749.9998,0.100,11
8341,tests/train_files/train_none_few_dominated_no_large_v01.simpl,5,3704.7620,0.100,51
8342,tests/train_files/train_none_few_dominated_no_large_v02.simpl,5,3514.7058,0.100,53
8343,tests/train_files/train_none_few_dominated_no_large_v03.simpl,5,3508.9282,0.100,51
8344,tests/train_files/train_none_few_dominated_no_medium_v01.simpl,5,4333.3330,0.100,11
8345,tests/train_files/train_none_few_dominated_no_medium_v02.simpl,5,8333.3330,0.100,13
8346,tests/train_files/train_none_few_dominated_no_medium_v03.simpl,5,6333.3330,0.100,11
8347,tests/train_files/train_none_few_light_has_large_v01.simpl,5,3838.0952,0.100,53
8348,tests/train_files/train_none_few_light_has_large_v02.simpl,5,4213.6753,0.100,53
8349,tests/train_files/train_none_few_light_has_large_v03.simpl,5,3453.7812,0.100,53
8350,tests/train_files/train_none_few_light_has_medium_v01.simpl,5,4666.6665,0.100,12
8351,tests/train_files/train_none_few_light_has_medium_v02.simpl,5,4999.9995,0.100,12
8352,tests/train_files/train_none_few_light_has_medium_v03.simpl,5,5999.9995,0.100,12
8353,tests/train_files/train_none_few_light_has_tiny_v01.simpl,5,6333.3330,0.100,11
8354,tests/train_files/train_none_few_light_has_tiny_v02.simpl,5,5749.9995,0.100,11
8355,tests/train_files/train_none_few_light_has_tiny_v03.simpl,5,3749.9998,0.100,11
8356,tests/train_files/train_none_few_light_no_large_v01.simpl,5,4340.6592,0.100,53
8357,tests/train_files/train_none_few_light_no_large_v02.simpl,5,4250.0000,0.100,55
8358,tests/train_files/train_none_few_light_no_large_v03.simpl,5,3633.9282,0.100,53
8359,tests/train_files/train_none_few_light_no_medium_v01.simpl,5,4666.6665,0.100,12
8360,tests/train_files/train_none_few_light_no_medium_v02.simpl,5,7999.9995,0.100,14
8361,tests/train_files/train_none_few_light_no_medium_v03.simpl,5,3999.9998,0.100,12
8362,tests/train_files/train_none_few_light_no_tiny_v01.simpl,5,7499.9995,0.100,11
8363,tests/train_files/train_none_few_light_no_tiny_v02.simpl,5,5333.3330,0.100,13
8364,tests/train_files/train_none_few_light_no_tiny_v03.simpl,5,6333.3330,0.100,11
8365,tests/train_files/train_none_few_none_has_large_v01.simpl,5,3971.4285,0.100,55
8366,tests/train_files/train_none_few_none_has_large_v02.simpl,5,3571.4282,0.100,55
8367,tests/train_files/train_none_few_none_has_large_v03.simpl,5,4142.8569,0.100,55
8368,tests/train_files/train_none_few_none_has_medium_v01.simpl,5,6500.0000,0.100,14
8369,tests/train_files/train_none_few_none_has_medium_v02.simpl,5,5333.3330,0.100,14
8370,tests/train_files/train_none_few_none_has_medium_v03.simpl,5,5333.3330,0.100,14
8371,tests/train_files/train_none_few_none_has_tiny_v01.simpl,5,6333.3330,0.100,11
8372,tests/train_files/train_none_few_none_has_tiny_v02.simpl,5,6333.3330,0.100,11
8373,tests/train_files/train_none_few_none_has_tiny_v03.simpl,5,6333.3330,0.100,11
8374,tests/train_files/train_none_few_none_no_large_v01.simpl,5,3571.4282,0.100,55
8375,tests/train_files/train_none_few_none_no_large_v02.simpl,5,3937.4998,0.100,57
8376,tests/train_files/train_none_few_none_no_large_v03.simpl,5,3971.4285,0.100,55
8377,tests/train_files/train_none_few_none_no_medium_v01.simpl,5,4500.0000,0.100,14
8378,tests/train_files/train_none_few_none_no_medium_v02.simpl,5,4000.0000,0.100,16
8379,tests/train_files/train_none_few_none_no_medium_v03.simpl,5,6500.0000,0.100,14
8380,tests/train_files/train_none_few_none_no_tiny_v01.simpl,5,6333.3330,0.100,11
8381,tests/train_files/train_none_few_none_no_tiny_v02.simpl,5,7166.6660,0.100,13
8382,tests/train_files/train_none_few_none_no_tiny_v03.simpl,5,6333.3330,0.100,11
8383,tests/train_files/train_none_many_dominated_has_large_v01.simpl,5,4021.9778,0.100,48
8384,tests/train_files/train_none_many_dominated_has_large_v02.simpl,5,4200.0000,0.100,51
8385,tests/train_files/train_none_many_dominated_has_large_v03.simpl,5,5109.0908,0.100,49
8386,tests/train_files/train_none_many_dominated_has_medium_v01.simpl,5,4375.0000,0.100,20
8387,tests/train_files/train_none_many_dominated_has_medium_v02.simpl,5,5666.6665,0.100,23
8388,tests/train_files/train_none_many_dominated_has_medium_v03.simpl,5,6000.0000,0.100,21
8389,tests/train_files/train_none_many_dominated_no_large_v01.simpl,5,4575.7573,0.100,47
8390,tests/train_files/train_none_many_dominated_no_large_v02.simpl,5,4583.3330,0.100,50
8391,tests/train_files/train_none_many_dominated_no_large_v03.simpl,5,4307.6924,0.100,48
8392,tests/train_files/train_none_many_dominated_no_medium_v01.simpl,5,5000.0000,0.100,19
8393,tests/train_files/train_none_many_dominated_no_medium_v02.simpl,5,6500.0000,0.100,22
8394,tests/train_files/train_none_many_dominated_no_medium_v03.simpl,5,5500.0000,0.100,20
8395,tests/train_files/train_none_many_light_has_large_v01.simpl,5,4214.2856,0.100,54
8396,tests/train_files/train_none_many_light_has_large_v02.simpl,5,4912.0879,0.100,57
8397,tests/train_files/train_none_many_light_has_large_v03.simpl,5,4769.2305,0.100,55
8398,tests/train_files/train_none_many_light_has_medium_v01.simpl,5,8000.0000,0.100,20
8399,tests/train_files/train_none_many_light_has_medium_v02.simpl,5,9000.0000,0.100,23
8400,tests/train_files/train_none_many_light_has_medium_v03.simpl,5,6000.0000,0.100,21
8401,tests/train_files/train_none_many_light_no_large_v01.simpl,5,4071.4285,0.100,53
8402,tests/train_files/train_none_many_light_no_large_v02.simpl,5,5083.3330,0.100,56
8403,tests/train_files/train_none_many_light_no_large_v03.simpl,5,3776.7854,0.100,54
8404,tests/train_files/train_none_many_light_no_medium_v01.simpl,5,5000.0000,0.100,19
8405,tests/train_files/train_none_many_light_no_medium_v02.simpl,5,6500.0000,0.100,22
8406,tests/train_files/train_none_many_light_no_medium_v03.simpl,5,6250.0000,0.100,20
8407,tests/train_files/train_none_many_none_has_large_v01.simpl,5,4025.0000,0.100,56
8408,tests/train_files/train_none_many_none_has_large_v02.simpl,5,4785.7139,0.100,59
8409,tests/train_files/train_none_many_none_has_large_v03.simpl,5,4642.8569,0.100,57
8410,tests/train_files/train_none_many_none_has_medium_v01.simpl,5,6250.0000,0.100,20
8411,tests/train_files/train_none_many_none_has_medium_v02.simpl,5,7749.9995,0.100,23
8412,tests/train_files/train_none_many_none_has_medium_v03.simpl,5,6749.9995,0.100,21
8413,tests/train_files/train_none_many_none_no_large_v01.simpl,5,4142.8569,0.100,55
8414,tests/train_files/train_none_many_none_no_large_v02.simpl,5,4642.8569,0.100,58
8415,tests/train_files/train_none_many_none_no_large_v03.simpl,5,4233.3335,0.100,56
8416,tests/train_files/train_none_many_none_no_medium_v01.simpl,5,5749.9995,0.100,19
8417,tests/train_files/train_none_many_none_no_medium_v02.simpl,5,7249.9995,0.100,22
8418,tests/train_files/train_none_many_none_no_medium_v03.simpl,5,6250.0000,0.100,20
8419,tests/train_files/train_none_none_dominated_no_large_v01.simpl,5,3769.2307,0.100,49
8420,tests/train_files/train_none_none_dominated_no_large_v02.simpl,5,3500.0000,0.100,49
8421,tests/train_files/train_none_none_dominated_no_large_v03.simpl,5,3769.2307,0.100,49
8422,tests/train_files/train_none_none_dominated_no_medium_v01.simpl,5,2666.6667,0.100,8
8423,tests/train_files/train_none_none_dominated_no_medium_v02.simpl,5,3999.9998,0.100,8
8424,tests/train_files/train_none_none_dominated_no_medium_v03.simpl,5,3999.9998,0.100,8
8425,tests/train_files/train_none_none_dominated_no_tiny_v01.simpl,5,333.3333,0.100,1
8426,tests/train_files/train_none_none_dominated_no_tiny_v02.simpl,5,999.9999,0.100,1
8427,tests/train_files/train_none_none_dominated_no_tiny_v03.simpl,5,333.3333,0.100,1
8428,tests/train_files/train_none_none_none_no_large_v01.simpl,5,3642.8572,0.100,50
8429,tests/train_files/train_none_none_none_no_large_v02.simpl,5,3642.8572,0.100,50
8430,tests/train_files/train_none_none_none_no_large_v03.simpl,5,3642.8572,0.100,50
8431,tests/train_files/train_none_none_none_no_medium_v01.simpl,5,2142.8569,0.100,9
8432,tests/train_files/train_none_none_none_no_medium_v02.simpl,5,1499.9999,0.100,9
8433,tests/train_files/train_none_none_none_no_medium_v03.simpl,5,2142.8569,0.100,9
8434,tests/train_files/train_none_none_none_no_tiny_v01.simpl,5,1499.9999,0.100,2
8435,tests/train_files/train_none_none_none_no_tiny_v02.simpl,5,999.9999,0.100,2
8436,tests/train_files/train_none_none_none_no_tiny_v03.simpl,5,1499.9999,0.100,2
8437,tests/train_files/train_shallow_few_dominated_has_large_v01.simpl,5,2277.7778,0.100,39
8438,tests/train_files/train_shallow_few_dominated_has_large_v02.simpl,5,2200.0000,0.100,37
8439,tests/train_files/train_shallow_few_dominated_has_large_v03.simpl,5,2000.0000,0.100,37
8440,tests/train_files/train_shallow_few_dominated_has_medium_v01.simpl,5,833.3334,0.100,6
8441,tests/train_files/train_shallow_few_dominated_has_medium_v02.simpl,5,800.0000,0.100,4
8442,tests/train_files/train_shallow_few_dominated_has_medium_v03.simpl,5,1300.0000,0.100,4
8443,tests/train_files/train_shallow_few_dominated_no_large_v01.simpl,5,2039.4738,0.100,35
8444,tests/train_files/train_shallow_few_dominated_no_large_v02.simpl,5,1833.3334,0.100,33
8445,tests/train_files/train_shallow_few_dominated_no_large_v03.simpl,5,1728.2609,0.100,35
8446,tests/train_files/train_shallow_few_dominated_no_medium_v01.simpl,5,600.0000,0.100,2
8447,tests/train_files/train_shallow_few_dominated_no_medium_v02.simpl,5,0.0000,0.100,0
8448,tests/train_files/train_shallow_few_dominated_no_medium_v03.simpl,5,590.9091,0.100,2
8449,tests/train_files/train_shallow_few_light_has_large_v01.simpl,5,2271.9299,0.100,41
8450,tests/train_files/train_shallow_few_light_has_large_v02.simpl,5,2311.1111,0.100,39
8451,tests/train_files/train_shallow_few_light_has_large_v03.simpl,5,1818.8406,0.100,39
8452,tests/train_files/train_shallow_few_light_has_medium_v01.simpl,5,1454.5454,0.100,6
8453,tests/train_files/train_shallow_few_light_has_medium_v02.simpl,5,772.7272,0.100,4
8454,tests/train_files/train_shallow_few_light_has_medium_v03.simpl,5,730.7692,0.100,4
8455,tests/train_files/train_shallow_few_light_no_large_v01.simpl,5,2250.0000,0.100,37
8456,tests/train_files/train_shallow_few_light_no_large_v02.simpl,5,1944.4446,0.100,35
8457,tests/train_files/train_shallow_few_light_no_large_v03.simpl,5,2250.0000,0.100,37
8458,tests/train_files/train_shallow_few_light_no_medium_v01.simpl,5,1100.0000,0.100,2
8459,tests/train_files/train_shallow_few_light_no_medium_v02.simpl,5,0.0000,0.100,0
8460,tests/train_files/train_shallow_few_light_no_medium_v03.simpl,5,600.0000,0.100,2
8461,tests/train_files/train_shallow_few_none_has_large_v01.simpl,5,2166.6667,0.100,43
8462,tests/train_files/train_shallow_few_none_has_large_v02.simpl,5,2552.9412,0.100,41
8463,tests/train_files/train_shallow_few_none_has_large_v03.simpl,5,1984.8485,0.100,41
8464,tests/train_files/train_shallow_few_none_has_medium_v01.simpl,5,1555.5555,0.100,6
8465,tests/train_files/train_shallow_few_none_has_medium_v02.simpl,5,1300.0000,0.100,4
8466,tests/train_files/train_shallow_few_none_has_medium_v03.simpl,5,700.0000,0.100,4
8467,tests/train_files/train_shallow_few_none_no_large_v01.simpl,5,2250.0000,0.100,39
8468,tests/train_files/train_shallow_few_none_no_large_v02.simpl,5,2176.4705,0.100,37
8469,tests/train_files/train_shallow_few_none_no_large_v03.simpl,5,2060.6060,0.100,39
8470,tests/train_files/train_shallow_few_none_no_medium_v01.simpl,5,600.0000,0.100,2
8471,tests/train_files/train_shallow_few_none_no_medium_v02.simpl,5,0.0000,0.100,0
8472,tests/train_files/train_shallow_few_none_no_medium_v03.simpl,5,576.9230,0.100,2
8473,tests/train_files/train_shallow_many_dominated_has_large_v01.simpl,5,2778.4312,0.100,32
8474,tests/train_files/train_shallow_many_dominated_has_large_v02.simpl,5,2444.4443,0.100,29
8475,tests/train_files/train_shallow_many_dominated_has_large_v03.simpl,5,2677.7778,0.100,30
8476,tests/train_files/train_shallow_many_dominated_has_medium_v01.simpl,5,2980.7690,0.100,11
8477,tests/train_files/train_shallow_many_dominated_has_medium_v02.simpl,5,1642.8572,0.100,8
8478,tests/train_files/train_shallow_many_dominated_has_medium_v03.simpl,5,1825.0000,0.100,9
8479,tests/train_files/train_shallow_many_dominated_no_large_v01.simpl,5,2900.0000,0.100,31
8480,tests/train_files/train_shallow_many_dominated_no_large_v02.simpl,5,2333.3335,0.100,28
8481,tests/train_files/train_shallow_many_dominated_no_large_v03.simpl,5,2766.6667,0.100,29
8482,tests/train_files/train_shallow_many_dominated_no_medium_v01.simpl,5,1883.3334,0.100,10
8483,tests/train_files/train_shallow_many_dominated_no_medium_v02.simpl,5,1749.9999,0.100,7
8484,tests/train_files/train_shallow_many_dominated_no_medium_v03.simpl,5,1999.9999,0.100,8
8485,tests/train_files/train_shallow_many_light_has_large_v01.simpl,5,3098.0393,0.100,38
8486,tests/train_files/train_shallow_many_light_has_large_v02.simpl,5,2694.4446,0.100,35
8487,tests/train_files/train_shallow_many_light_has_large_v03.simpl,5,2650.0000,0.100,36
8488,tests/train_files/train_shallow_many_light_has_medium_v01.simpl,5,3606.0605,0.100,11
8489,tests/train_files/train_shallow_many_light_has_medium_v02.simpl,5,2833.3333,0.100,8
8490,tests/train_files/train_shallow_many_light_has_medium_v03.simpl,5,2642.8572,0.100,9
8491,tests/train_files/train_shallow_many_light_no_large_v01.simpl,5,2973.6841,0.100,37
8492,tests/train_files/train_shallow_many_light_no_large_v02.simpl,5,2900.0000,0.100,34
8493,tests/train_files/train_shallow_many_light_no_large_v03.simpl,5,2950.0000,0.100,35
8494,tests/train_files/train_shallow_many_light_no_medium_v01.simpl,5,2316.6667,0.100,10
8495,tests/train_files/train_shallow_many_light_no_medium_v02.simpl,5,1749.9999,0.100,7
8496,tests/train_files/train_shallow_many_light_no_medium_v03.simpl,5,2666.6667,0.100,8
8497,tests/train_files/train_shallow_many_none_has_large_v01.simpl,5,3377.7778,0.100,40
8498,tests/train_files/train_shallow_many_none_has_large_v02.simpl,5,2831.5791,0.100,37
8499,tests/train_files/train_shallow_many_none_has_large_v03.simpl,5,2916.6667,0.100,38
8500,tests/train_files/train_shallow_many_none_has_medium_v01.simpl,5,2916.6665,0.100,11
8501,tests/train_files/train_shallow_many_none_has_medium_v02.simpl,5,2320.5127,0.100,8
8502,tests/train_files/train_shallow_many_none_has_medium_v03.simpl,5,3153.8462,0.100,9
8503,tests/train_files/train_shallow_many_none_no_large_v01.simpl,5,3466.6667,0.100,39
8504,tests/train_files/train_shallow_many_none_no_large_v02.simpl,5,2780.9524,0.100,36
8505,tests/train_files/train_shallow_many_none_no_large_v03.simpl,5,3126.3159,0.100,37
8506,tests/train_files/train_shallow_many_none_no_medium_v01.simpl,5,3071.4285,0.100,10
8507,tests/train_files/train_shallow_many_none_no_medium_v02.simpl,5,2333.3333,0.100,7
8508,tests/train_files/train_shallow_many_none_no_medium_v03.simpl,5,2666.6667,0.100,8
8509,tests/train_files/train_shallow_none_dominated_no_large_v01.simpl,5,2470.5881,0.100,42
8510,tests/train_files/train_shallow_none_dominated_no_large_v02.simpl,5,2800.0000,0.100,42
8511,tests/train_files/train_shallow_none_dominated_no_large_v03.simpl,5,1909.0909,0.100,42
8512,tests/train_files/train_shallow_none_dominated_no_medium_v01.simpl,5,166.6667,0.100,1
8513,tests/train_files/train_shallow_none_dominated_no_medium_v02.simpl,5,142.8571,0.100,1
8514,tests/train_files/train_shallow_none_dominated_no_medium_v03.simpl,5,166.6667,0.100,1
8515,tests/train_files/train_shallow_none_none_no_large_v01.simpl,5,2333.3335,0.100,42
8516,tests/train_files/train_shallow_none_none_no_large_v02.simpl,5,2624.9998,0.100,42
8517,tests/train_files/train_shallow_none_none_no_large_v03.simpl,5,2000.0000,0.100,42
8518,tests/train_files/train_shallow_none_none_no_medium_v01.simpl,5,111.1111,0.100,1
8519,tests/train_files/train_shallow_none_none_no_medium_v02.simpl,5,111.1111,0.100,1
8520,tests/train_files/train_shallow_none_none_no_medium_v03.simpl,5,125.0000,0.100,1
8521,tests/train_files/train_shallow_none_none_no_tiny_v01.simpl,5,0.0000,0.100,0
8522,tests/train_files/train_shallow_none_none_no_tiny_v02.simpl,5,0.0000,0.100,0
8523,tests/train_files/train_shallow_none_none_no_tiny_v03.simpl,5,0.0000,0.100,0
8524,tests/train_files/train_deep_few_dominated_has_large_v01.simpl,5,1642.8572,0.100,32
8525,tests/train_files/train_deep_few_dominated_has_large_v02.simpl,5,1547.6190,0.100,30
8526,tests/train_files/train_deep_few_dominated_has_large_v03.simpl,5,1240.7407,0.100,30
8527,tests/train_files/train_deep_few_dominated_has_medium_v01.simpl,5,1312.5000,0.100,6
8528,tests/train_files/train_deep_few_dominated_has_medium_v02.simpl,5,1214.2856,0.100,4
8529,tests/train_files/train_deep_few_dominated_has_medium_v03.simpl,5,700.0000,0.100,4
8530,tests/train_files/train_deep_few_dominated_no_large_v01.simpl,5,1550.0000,0.100,28
8531,tests/train_files/train_deep_few_dominated_no_large_v02.simpl,5,1238.0952,0.100,26
8532,tests/train_files/train_deep_few_dominated_no_large_v03.simpl,5,1477.2727,0.100,28
8533,tests/train_files/train_deep_few_dominated_no_medium_v01.simpl,5,562.4999,0.100,2
8534,tests/train_files/train_deep_few_dominated_no_medium_v02.simpl,5,0.0000,0.100,0
8535,tests/train_files/train_deep_few_dominated_no_medium_v03.simpl,5,400.0000,0.100,2
8536,tests/train_files/train_deep_few_light_has_large_v01.simpl,5,1700.0000,0.100,34
8537,tests/train_files/train_deep_few_light_has_large_v02.simpl,5,1491.6666,0.100,32
8538,tests/train_files/train_deep_few_light_has_large_v03.simpl,5,1547.8260,0.100,32
8539,tests/train_files/train_deep_few_light_has_medium_v01.simpl,5,794.1176,0.100,6
8540,tests/train_files/train_deep_few_light_has_medium_v02.simpl,5,687.4999,0.100,4
8541,tests/train_files/train_deep_few_light_has_medium_v03.simpl,5,700.0000,0.100,4
8542,tests/train_files/train_deep_few_light_no_large_v01.simpl,5,1518.1819,0.100,30
8543,tests/train_files/train_deep_few_light_no_large_v02.simpl,5,1120.0000,0.100,28
8544,tests/train_files/train_deep_few_light_no_large_v03.simpl,5,1510.8695,0.100,30
8545,tests/train_files/train_deep_few_light_no_medium_v01.simpl,5,571.4285,0.100,2
8546,tests/train_files/train_deep_few_light_no_medium_v02.simpl,5,0.0000,0.100,0
8547,tests/train_files/train_deep_few_light_no_medium_v03.simpl,5,392.1569,0.100,2
8548,tests/train_files/train_deep_few_none_has_large_v01.simpl,5,1866.6667,0.100,36
8549,tests/train_files/train_deep_few_none_has_large_v02.simpl,5,1771.4286,0.100,34
8550,tests/train_files/train_deep_few_none_has_large_v03.simpl,5,1575.0000,0.100,34
8551,tests/train_files/train_deep_few_none_has_medium_v01.simpl,5,833.3333,0.100,6
8552,tests/train_files/train_deep_few_none_has_medium_v02.simpl,5,700.0000,0.100,4
8553,tests/train_files/train_deep_few_none_has_medium_v03.simpl,5,1176.4705,0.100,4
8554,tests/train_files/train_deep_few_none_no_large_v01.simpl,5,1659.0909,0.100,32
8555,tests/train_files/train_deep_few_none_no_large_v02.simpl,5,1304.3478,0.100,30
8556,tests/train_files/train_deep_few_none_no_large_v03.simpl,5,1659.0909,0.100,32
8557,tests/train_files/train_deep_few_none_no_medium_v01.simpl,5,566.6666,0.100,2
8558,tests/train_files/train_deep_few_none_no_medium_v02.simpl,5,0.0000,0.100,0
8559,tests/train_files/train_deep_few_none_no_medium_v03.simpl,5,404.7619,0.100,2
8560,tests/train_files/train_deep_many_dominated_has_large_v01.simpl,5,2309.5237,0.100,25
8561,tests/train_files/train_deep_many_dominated_has_large_v02.simpl,5,1973.3334,0.100,22
8562,tests/train_files/train_deep_many_dominated_has_large_v03.simpl,5,1948.7179,0.100,23
8563,tests/train_files/train_deep_many_dominated_has_medium_v01.simpl,5,2019.6078,0.100,14
8564,tests/train_files/train_deep_many_dominated_has_medium_v02.simpl,5,1722.2222,0.100,10
8565,tests/train_files/train_deep_many_dominated_has_medium_v03.simpl,5,1555.5555,0.100,11
8566,tests/train_files/train_deep_many_dominated_no_large_v01.simpl,5,2514.2856,0.100,24
8567,tests/train_files/train_deep_many_dominated_no_large_v02.simpl,5,2036.3636,0.100,21
8568,tests/train_files/train_deep_many_dominated_no_large_v03.simpl,5,2000.0000,0.100,22
8569,tests/train_files/train_deep_many_dominated_no_medium_v01.simpl,5,1858.8235,0.100,10
8570,tests/train_files/train_deep_many_dominated_no_medium_v02.simpl,5,1749.9999,0.100,7
8571,tests/train_files/train_deep_many_dominated_no_medium_v03.simpl,5,1333.3334,0.100,8
8572,tests/train_files/train_deep_many_light_has_large_v01.simpl,5,2416.6665,0.100,31
8573,tests/train_files/train_deep_many_light_has_large_v02.simpl,5,2206.5217,0.100,28
8574,tests/train_files/train_deep_many_light_has_large_v03.simpl,5,2250.0000,0.100,29
8575,tests/train_files/train_deep_many_light_has_medium_v01.simpl,5,2233.3333,0.100,14
8576,tests/train_files/train_deep_many_light_has_medium_v02.simpl,5,1960.5264,0.100,10
8577,tests/train_files/train_deep_many_light_has_medium_v03.simpl,5,2055.5554,0.100,11
8578,tests/train_files/train_deep_many_light_no_large_v01.simpl,5,2800.0000,0.100,30
8579,tests/train_files/train_deep_many_light_no_large_v02.simpl,5,2309.0908,0.100,27
8580,tests/train_files/train_deep_many_light_no_large_v03.simpl,5,2133.3335,0.100,28
8581,tests/train_files/train_deep_many_light_no_medium_v01.simpl,5,2308.8235,0.100,10
8582,tests/train_files/train_deep_many_light_no_medium_v02.simpl,5,1749.9999,0.100,7
8583,tests/train_files/train_deep_many_light_no_medium_v03.simpl,5,1999.9999,0.100,8
8584,tests/train_files/train_deep_many_none_has_large_v01.simpl,5,2786.3638,0.100,33
8585,tests/train_files/train_deep_many_none_has_large_v02.simpl,5,2243.4783,0.100,30
8586,tests/train_files/train_deep_many_none_has_large_v03.simpl,5,2173.0769,0.100,31
8587,tests/train_files/train_deep_many_none_has_medium_v01.simpl,5,2275.0000,0.100,14
8588,tests/train_files/train_deep_many_none_has_medium_v02.simpl,5,2485.2942,0.100,10
8589,tests/train_files/train_deep_many_none_has_medium_v03.simpl,5,1922.2222,0.100,11
8590,tests/train_files/train_deep_many_none_no_large_v01.simpl,5,2895.2383,0.100,32
8591,tests/train_files/train_deep_many_none_no_large_v02.simpl,5,2356.5217,0.100,29
8592,tests/train_files/train_deep_many_none_no_large_v03.simpl,5,2600.0000,0.100,30
8593,tests/train_files/train_deep_many_none_no_medium_v01.simpl,5,3058.8235,0.100,10
8594,tests/train_files/train_deep_many_none_no_medium_v02.simpl,5,2333.3333,0.100,7
8595,tests/train_files/train_deep_many_none_no_medium_v03.simpl,5,1999.9999,0.100,8
8596,tests/train_files/train_deep_none_dominated_no_large_v01.simpl,5,2058.8235,0.100,35
8597,tests/train_files/train_deep_none_dominated_no_large_v02.simpl,5,1944.4446,0.100,35
8598,tests/train_files/train_deep_none_dominated_no_large_v03.simpl,5,1590.9091,0.100,35
8599,tests/train_files/train_deep_none_dominated_no_medium_v01.simpl,5,71.4286,0.100,1
8600,tests/train_files/train_deep_none_dominated_no_medium_v02.simpl,5,90.9091,0.100,1
8601,tests/train_files/train_deep_none_dominated_no_medium_v03.simpl,5,100.0000,0.100,1
8602,tests/train_files/train_deep_none_none_no_large_v01.simpl,5,1590.9091,0.100,35
8603,tests/train_files/train_deep_none_none_no_large_v02.simpl,5,1666.6667,0.100,35
8604,tests/train_files/train_deep_none_none_no_large_v03.simpl,5,1458.3334,0.100,35
8605,tests/train_files/train_deep_none_none_no_medium_v01.simpl,5,0.0000,0.100,0
8606,tests/train_files/train_deep_none_none_no_medium_v02.simpl,5,0.0000,0.100,0
8607,tests/train_files/train_deep_none_none_no_medium_v03.simpl,5,0.0000,0.100,0
8608,tests/train_files/train_none_few_dominated_has_large_v01.simpl,5,3928.5713,0.100,51
8609,tests/train_files/train_none_few_dominated_has_large_v02.simpl,5,4186.8130,0.100,51
8610,tests/train_files/train_none_few_dominated_has_large_v03.simpl,5,4023.8096,0.100,51
8611,tests/train_files/train_none_few_dominated_has_medium_v01.simpl,5,5749.9995,0.100,11
8612,tests/train_files/train_none_few_dominated_has_medium_v02.simpl,5,6333.3330,0.100,11
8613,tests/train_files/train_none_few_dominated_has_medium_v03.simpl,5,5749.9995,0.100,11
8614,tests/train_files/train_none_few_dominated_no_large_v01.simpl,5,3928.5713,0.100,51
8615,tests/train_files/train_none_few_dominated_no_large_v02.simpl,5,4365.3843,0.100,53
8616,tests/train_files/train_none_few_dominated_no_large_v03.simpl,5,4488.0952,0.100,51
8617,tests/train_files/train_none_few_dominated_no_medium_v01.simpl,5,5749.9995,0.100,11
8618,tests/train_files/train_none_few_dominated_no_medium_v02.simpl,5,5333.3330,0.100,13
8619,tests/train_files/train_none_few_dominated_no_medium_v03.simpl,5,4333.3330,0.100,11
8620,tests/train_files/train_none_few_light_has_large_v01.simpl,5,3150.3760,0.100,53
8621,tests/train_files/train_none_few_light_has_large_v02.simpl,5,4340.6592,0.100,53
8622,tests/train_files/train_none_few_light_has_large_v03.simpl,5,3633.9282,0.100,53
8623,tests/train_files/train_none_few_light_has_medium_v01.simpl,5,6666.6665,0.100,12
8624,tests/train_files/train_none_few_light_has_medium_v02.simpl,5,3999.9998,0.100,12
8625,tests/train_files/train_none_few_light_has_medium_v03.simpl,5,6666.6665,0.100,12
8626,tests/train_files/train_none_few_light_has_tiny_v01.simpl,5,5749.9995,0.100,11
8627,tests/train_files/train_none_few_light_has_tiny_v02.simpl,5,3749.9998,0.100,11
8628,tests/train_files/train_none_few_light_has_tiny_v03.simpl,5,4333.3330,0.100,11
8629,tests/train_files/train_none_few_light_no_large_v01.simpl,5,3838.0952,0.100,53
8630,tests/train_files/train_none_few_light_no_large_v02.simpl,5,3632.3528,0.100,55
8631,tests/train_files/train_none_few_light_no_large_v03.simpl,5,4340.6592,0.100,53
8632,tests/train_files/train_none_few_light_no_medium_v01.simpl,5,4666.6665,0.100,12
8633,tests/train_files/train_none_few_light_no_medium_v02.simpl,5,8666.6660,0.100,14
8634,tests/train_files/train_none_few_light_no_medium_v03.simpl,5,3142.8569,0.100,12
8635,tests/train_files/train_none_few_light_no_tiny_v01.simpl,5,4333.3330,0.100,11
8636,tests/train_files/train_none_few_light_no_tiny_v02.simpl,5,8333.3330,0.100,13
8637,tests/train_files/train_none_few_light_no_tiny_v03.simpl,5,6333.3330,0.100,11
8638,tests/train_files/train_none_few_none_has_large_v01.simpl,5,3900.0000,0.100,55
8639,tests/train_files/train_none_few_none_has_large_v02.simpl,5,4214.2856,0.100,55
8640,tests/train_files/train_none_few_none_has_large_v03.simpl,5,4423.0767,0.100,55
8641,tests/train_files/train_none_few_none_has_medium_v01.simpl,5,7333.3330,0.100,14
8642,tests/train_files/train_none_few_none_has_medium_v02.simpl,5,7333.3330,0.100,14
8643,tests/train_files/train_none_few_none_has_medium_v03.simpl,5,5666.6665,0.100,14
8644,tests/train_files/train_none_few_none_has_tiny_v01.simpl,5,3749.9998,0.100,11
8645,tests/train_files/train_none_few_none_has_tiny_v02.simpl,5,6333.3330,0.100,11
8646,tests/train_files/train_none_few_none_has_tiny_v03.simpl,5,4333.3330,0.100,11
8647,tests/train_files/train_none_few_none_no_large_v01.simpl,5,4423.0767,0.100,55
8648,tests/train_files/train_none_few_none_no_large_v02.simpl,5,4500.0000,0.100,57
8649,tests/train_files/train_none_few_none_no_large_v03.simpl,5,3971.4285,0.100,55
8650,tests/train_files/train_none_few_none_no_medium_v01.simpl,5,4500.0000,0.100,14
8651,tests/train_files/train_none_few_none_no_medium_v02.simpl,5,6333.3330,0.100,16
8652,tests/train_files/train_none_few_none_no_medium_v03.simpl,5,5333.3330,0.100,14
8653,tests/train_files/train_none_few_none_no_tiny_v01.simpl,5,3749.9998,0.100,11
8654,tests/train_files/train_none_few_none_no_tiny_v02.simpl,5,8333.3330,0.100,13
8655,tests/train_files/train_none_few_none_no_tiny_v03.simpl,5,6333.3330,0.100,11
8656,tests/train_files/train_none_many_dominated_has_large_v01.simpl,5,4416.6665,0.100,48
8657,tests/train_files/train_none_many_dominated_has_large_v02.simpl,5,4916.6665,0.100,51
8658,tests/train_files/train_none_many_dominated_has_large_v03.simpl,5,4783.3330,0.100,49
8659,tests/train_files/train_none_many_dominated_has_medium_v01.simpl,5,3809.5239,0.100,20
8660,tests/train_files/train_none_many_dominated_has_medium_v02.simpl,5,7000.0000,0.100,23
8661,tests/train_files/train_none_many_dominated_has_medium_v03.simpl,5,4874.9995,0.100,21
8662,tests/train_files/train_none_many_dominated_no_large_v01.simpl,5,3974.3589,0.100,47
8663,tests/train_files/train_none_many_dominated_no_large_v02.simpl,5,4458.3330,0.100,50
8664,tests/train_files/train_none_many_dominated_no_large_v03.simpl,5,4416.6665,0.100,48
8665,tests/train_files/train_none_many_dominated_no_medium_v01.simpl,5,5749.9995,0.100,19
8666,tests/train_files/train_none_many_dominated_no_medium_v02.simpl,5,6500.0000,0.100,22
8667,tests/train_files/train_none_many_dominated_no_medium_v03.simpl,5,5500.0000,0.100,20
8668,tests/train_files/train_none_many_light_has_large_v01.simpl,5,4483.5166,0.100,54
8669,tests/train_files/train_none_many_light_has_large_v02.simpl,5,4642.8569,0.100,57
8670,tests/train_files/train_none_many_light_has_large_v03.simpl,5,5083.3330,0.100,55
8671,tests/train_files/train_none_many_light_has_medium_v01.simpl,5,6250.0000,0.100,20
8672,tests/train_files/train_none_many_light_has_medium_v02.simpl,5,7000.0000,0.100,23
8673,tests/train_files/train_none_many_light_has_medium_v03.simpl,5,6000.0000,0.100,21
8674,tests/train_files/train_none_many_light_no_large_v01.simpl,5,4340.6592,0.100,53
8675,tests/train_files/train_none_many_light_no_large_v02.simpl,5,4062.4998,0.100,56
8676,tests/train_files/train_none_many_light_no_large_v03.simpl,5,4214.2856,0.100,54
8677,tests/train_files/train_none_many_light_no_medium_v01.simpl,5,3666.6665,0.100,19
8678,tests/train_files/train_none_many_light_no_medium_v02.simpl,5,6500.0000,0.100,22
8679,tests/train_files/train_none_many_light_no_medium_v03.simpl,5,5500.0000,0.100,20
8680,tests/train_files/train_none_many_none_has_large_v01.simpl,5,4548.0771,0.100,56
8681,tests/train_files/train_none_many_none_has_large_v02.simpl,5,5065.9341,0.100,59
8682,tests/train_files/train_none_many_none_has_large_v03.simpl,5,4923.0771,0.100,57
8683,tests/train_files/train_none_many_none_has_medium_v01.simpl,5,5416.6665,0.100,20
8684,tests/train_files/train_none_many_none_has_medium_v02.simpl,5,5666.6670,0.100,23
8685,tests/train_files/train_none_many_none_has_medium_v03.simpl,5,5000.0000,0.100,21
8686,tests/train_files/train_none_many_none_no_large_v01.simpl,5,4214.2856,0.100,55
8687,tests/train_files/train_none_many_none_no_large_v02.simpl,5,4062.4998,0.100,58
8688,tests/train_files/train_none_many_none_no_large_v03.simpl,5,5083.3335,0.100,56
8689,tests/train_files/train_none_many_none_no_medium_v01.simpl,5,5749.9995,0.100,19
8690,tests/train_files/train_none_many_none_no_medium_v02.simpl,5,6083.3330,0.100,22
8691,tests/train_files/train_none_many_none_no_medium_v03.simpl,5,8750.0000,0.100,20
8692,tests/train_files/train_none_none_dominated_no_large_v01.simpl,5,3062.4998,0.100,49
8693,tests/train_files/train_none_none_dominated_no_large_v02.simpl,5,3769.2307,0.100,49
8694,tests/train_files/train_none_none_dominated_no_large_v03.simpl,5,3500.0000,0.100,49
8695,tests/train_files/train_none_none_dominated_no_medium_v01.simpl,5,1999.9999,0.100,8
8696,tests/train_files/train_none_none_dominated_no_medium_v02.simpl,5,1999.9999,0.100,8
8697,tests/train_files/train_none_none_dominated_no_medium_v03.simpl,5,2666.6667,0.100,8
8698,tests/train_files/train_none_none_dominated_no_tiny_v01.simpl,5,200.0000,0.100,1
8699,tests/train_files/train_none_none_dominated_no_tiny_v02.simpl,5,333.3333,0.100,1
8700,tests/train_files/train_none_none_dominated_no_tiny_v03.simpl,5,500.0000,0.100,1
8701,tests/train_files/train_none_none_none_no_large_v01.simpl,5,2458.3333,0.100,50
8702,tests/train_files/train_none_none_none_no_large_v02.simpl,5,4226.1904,0.100,50
8703,tests/train_files/train_none_none_none_no_large_v03.simpl,5,3205.3569,0.100,50
8704,tests/train_files/train_none_none_none_no_medium_v01.simpl,5,2999.9998,0.100,9
8705,tests/train_files/train_none_none_none_no_medium_v02.simpl,5,2499.9998,0.100,9
8706,tests/train_files/train_none_none_none_no_medium_v03.simpl,5,3666.6667,0.100,9
8707,tests/train_files/train_none_none_none_no_tiny_v01.simpl,5,1499.9999,0.100,2
8708,tests/train_files/train_none_none_none_no_tiny_v02.simpl,5,1499.9999,0.100,2
8709,tests/train_files/train_none_none_none_no_tiny_v03.simpl,5,1333.3333,0.100,2
8710,tests/train_files/train_shallow_few_dominated_has_large_v01.simpl,5,2200.0000,0.100,39
8711,tests/train_files/train_shallow_few_dominated_has_large_v02.simpl,5,2284.3137,0.100,37
8712,tests/train_files/train_shallow_few_dominated_has_large_v03.simpl,5,1803.0303,0.100,37
8713,tests/train_files/train_shallow_few_dominated_has_medium_v01.simpl,5,1000.0000,0.100,6
8714,tests/train_files/train_shallow_few_dominated_has_medium_v02.simpl,5,1300.0000,0.100,4
8715,tests/train_files/train_shallow_few_dominated_has_medium_v03.simpl,5,633.3334,0.100,4
8716,tests/train_files/train_shallow_few_dominated_no_large_v01.simpl,5,1950.0000,0.100,35
8717,tests/train_files/train_shallow_few_dominated_no_large_v02.simpl,5,1941.1764,0.100,33
8718,tests/train_files/train_shallow_few_dominated_no_large_v03.simpl,5,1950.0000,0.100,35
8719,tests/train_files/train_shallow_few_dominated_no_medium_v01.simpl,5,590.9091,0.100,2
8720,tests/train_files/train_shallow_few_dominated_no_medium_v02.simpl,5,0.0000,0.100,0
8721,tests/train_files/train_shallow_few_dominated_no_medium_v03.simpl,5,600.0000,0.100,2
8722,tests/train_files/train_shallow_few_light_has_large_v01.simpl,5,2519.6079,0.100,41
8723,tests/train_files/train_shallow_few_light_has_large_v02.simpl,5,2250.0000,0.100,39
8724,tests/train_files/train_shallow_few_light_has_large_v03.simpl,5,1927.2727,0.100,39
8725,tests/train_files/train_shallow_few_light_has_medium_v01.simpl,5,1555.5555,0.100,6
8726,tests/train_files/train_shallow_few_light_has_medium_v02.simpl,5,772.7272,0.100,4
8727,tests/train_files/train_shallow_few_light_has_medium_v03.simpl,5,1250.0000,0.100,4
8728,tests/train_files/train_shallow_few_light_no_large_v01.simpl,5,2144.7368,0.100,37
8729,tests/train_files/train_shallow_few_light_no_large_v02.simpl,5,2058.8235,0.100,35
8730,tests/train_files/train_shallow_few_light_no_large_v03.simpl,5,2050.0000,0.100,37
8731,tests/train_files/train_shallow_few_light_no_medium_v01.simpl,5,1100.0000,0.100,2
8732,tests/train_files/train_shallow_few_light_no_medium_v02.simpl,5,0.0000,0.100,0
8733,tests/train_files/train_shallow_few_light_no_medium_v03.simpl,5,1100.0000,0.100,2
8734,tests/train_files/train_shallow_few_none_has_large_v01.simpl,5,2242.8572,0.100,43
8735,tests/train_files/train_shallow_few_none_has_large_v02.simpl,5,2422.2224,0.100,41
8736,tests/train_files/train_shallow_few_none_has_large_v03.simpl,5,2230.2632,0.100,41
8737,tests/train_files/train_shallow_few_none_has_medium_v01.simpl,5,1000.0000,0.100,6
8738,tests/train_files/train_shallow_few_none_has_medium_v02.simpl,5,633.3334,0.100,4
8739,tests/train_files/train_shallow_few_none_has_medium_v03.simpl,5,1272.7272,0.100,4
8740,tests/train_files/train_shallow_few_none_no_large_v01.simpl,5,1977.2727,0.100,39
8741,tests/train_files/train_shallow_few_none_no_large_v02.simpl,5,2055.5557,0.100,37
8742,tests/train_files/train_shallow_few_none_no_large_v03.simpl,5,2150.0000,0.100,39
8743,tests/train_files/train_shallow_few_none_no_medium_v01.simpl,5,611.1111,0.100,2
8744,tests/train_files/train_shallow_few_none_no_medium_v02.simpl,5,0.0000,0.100,0
8745,tests/train_files/train_shallow_few_none_no_medium_v03.simpl,5,600.0000,0.100,2
8746,tests/train_files/train_shallow_many_dominated_has_large_v01.simpl,5,2916.6665,0.100,32
8747,tests/train_files/train_shallow_many_dominated_has_large_v02.simpl,5,2436.2744,0.100,29
8748,tests/train_files/train_shallow_many_dominated_has_large_v03.simpl,5,2460.5264,0.100,30
8749,tests/train_files/train_shallow_many_dominated_has_medium_v01.simpl,5,3564.1025,0.100,11
8750,tests/train_files/train_shallow_many_dominated_has_medium_v02.simpl,5,1903.8462,0.100,8
8751,tests/train_files/train_shallow_many_dominated_has_medium_v03.simpl,5,2153.8459,0.100,9
8752,tests/train_files/train_shallow_many_dominated_no_large_v01.simpl,5,2660.7141,0.100,31
8753,tests/train_files/train_shallow_many_dominated_no_large_v02.simpl,5,2354.5454,0.100,28
8754,tests/train_files/train_shallow_many_dominated_no_large_v03.simpl,5,2309.5239,0.100,29
8755,tests/train_files/train_shallow_many_dominated_no_medium_v01.simpl,5,2316.6667,0.100,10
8756,tests/train_files/train_shallow_many_dominated_no_medium_v02.simpl,5,1749.9999,0.100,7
8757,tests/train_files/train_shallow_many_dominated_no_medium_v03.simpl,5,1999.9999,0.100,8
8758,tests/train_files/train_shallow_many_light_has_large_v01.simpl,5,3266.6667,0.100,38
8759,tests/train_files/train_shallow_many_light_has_large_v02.simpl,5,2694.4446,0.100,35
8760,tests/train_files/train_shallow_many_light_has_large_v03.simpl,5,2780.9524,0.100,36
8761,tests/train_files/train_shallow_many_light_has_medium_v01.simpl,5,2499.9998,0.100,11
8762,tests/train_files/train_shallow_many_light_has_medium_v02.simpl,5,1883.3334,0.100,8
8763,tests/train_files/train_shallow_many_light_has_medium_v03.simpl,5,2653.8462,0.100,9
8764,tests/train_files/train_shallow_many_light_no_large_v01.simpl,5,3055.5557,0.100,37
8765,tests/train_files/train_shallow_many_light_no_large_v02.simpl,5,2821.0527,0.100,34
8766,tests/train_files/train_shallow_many_light_no_large_v03.simpl,5,2683.3335,0.100,35
8767,tests/train_files/train_shallow_many_light_no_medium_v01.simpl,5,3083.3333,0.100,10
8768,tests/train_files/train_shallow_many_light_no_medium_v02.simpl,5,1749.9999,0.100,7
8769,tests/train_files/train_shallow_many_light_no_medium_v03.simpl,5,1999.9999,0.100,8
8770,tests/train_files/train_shallow_many_none_has_large_v01.simpl,5,2966.6665,0.100,40
8771,tests/train_files/train_shallow_many_none_has_large_v02.simpl,5,2750.0000,0.100,37
8772,tests/train_files/train_shallow_many_none_has_large_v03.simpl,5,2747.8262,0.100,38
8773,tests/train_files/train_shallow_many_none_has_medium_v01.simpl,5,3064.1025,0.100,11
8774,tests/train_files/train_shallow_many_none_has_medium_v02.simpl,5,2291.6665,0.100,8
8775,tests/train_files/train_shallow_many_none_has_medium_v03.simpl,5,3153.8462,0.100,9
8776,tests/train_files/train_shallow_many_none_no_large_v01.simpl,5,3228.5713,0.100,39
8777,tests/train_files/train_shallow_many_none_no_large_v02.simpl,5,3011.1113,0.100,36
8778,tests/train_files/train_shallow_many_none_no_large_v03.simpl,5,2980.9524,0.100,37
8779,tests/train_files/train_shallow_many_none_no_medium_v01.simpl,5,3083.3333,0.100,10
8780,tests/train_files/train_shallow_many_none_no_medium_v02.simpl,5,1749.9999,0.100,7
8781,tests/train_files/train_shallow_many_none_no_medium_v03.simpl,5,2666.6667,0.100,8
8782,tests/train_files/train_shallow_none_dominated_no_large_v01.simpl,5,2624.9998,0.100,42
8783,tests/train_files/train_shallow_none_dominated_no_large_v02.simpl,5,3000.0000,0.100,42
8784,tests/train_files/train_shallow_none_dominated_no_large_v03.simpl,5,2100.0000,0.100,42
8785,tests/train_files/train_shallow_none_dominated_no_medium_v01.simpl,5,125.0000,0.100,1
8786,tests/train_files/train_shallow_none_dominated_no_medium_v02.simpl,5,142.8571,0.100,1
8787,tests/train_files/train_shallow_none_dominated_no_medium_v03.simpl,5,142.8571,0.100,1
8788,tests/train_files/train_shallow_none_none_no_large_v01.simpl,5,2210.5264,0.100,42
8789,tests/train_files/train_shallow_none_none_no_large_v02.simpl,5,2470.5881,0.100,42
8790,tests/train_files/train_shallow_none_none_no_large_v03.simpl,5,1909.0909,0.100,42
8791,tests/train_files/train_shallow_none_none_no_medium_v01.simpl,5,111.1111,0.100,1
8792,tests/train_files/train_shallow_none_none_no_medium_v02.simpl,5,125.0000,0.100,1
8793,tests/train_files/train_shallow_none_none_no_medium_v03.simpl,5,111.1111,0.100,1
8794,tests/train_files/train_shallow_none_none_no_tiny_v01.simpl,5,0.0000,0.100,0
8795,tests/train_files/train_shallow_none_none_no_tiny_v02.simpl,5,0.0000,0.100,0
8796,tests/train_files/train_shallow_none_none_no_tiny_v03.simpl,5,0.0000,0.100,0
8797,tests/train_files/train_deep_few_dominated_has_large_v01.simpl,5,1750.0000,0.100,32
8798,tests/train_files/train_deep_few_dominated_has_large_v02.simpl,5,1650.0000,0.100,30
8799,tests/train_files/train_deep_few_dominated_has_large_v03.simpl,5,1616.6666,0.100,30
8800,tests/train_files/train_deep_few_dominated_has_medium_v01.simpl,5,833.3333,0.100,6
8801,tests/train_files/train_deep_few_dominated_has_medium_v02.simpl,5,1187.4999,0.100,4
8802,tests/train_files/train_deep_few_dominated_has_medium_v03.simpl,5,700.0000,0.100,4
8803,tests/train_files/train_deep_few_dominated_no_large_v01.simpl,5,1535.7144,0.100,28
8804,tests/train_files/train_deep_few_dominated_no_large_v02.simpl,5,1181.8182,0.100,26
8805,tests/train_files/train_deep_few_dominated_no_large_v03.simpl,5,1600.0000,0.100,28
8806,tests/train_files/train_deep_few_dominated_no_medium_v01.simpl,5,395.8333,0.100,2
8807,tests/train_files/train_deep_few_dominated_no_medium_v02.simpl,5,0.0000,0.100,0
8808,tests/train_files/train_deep_few_dominated_no_medium_v03.simpl,5,566.6666,0.100,2
8809,tests/train_files/train_deep_few_light_has_large_v01.simpl,5,1850.0000,0.100,34
8810,tests/train_files/train_deep_few_light_has_large_v02.simpl,5,1676.1906,0.100,32
8811,tests/train_files/train_deep_few_light_has_large_v03.simpl,5,1609.0909,0.100,32
8812,tests/train_files/train_deep_few_light_has_medium_v01.simpl,5,1333.3333,0.100,6
8813,tests/train_files/train_deep_few_light_has_medium_v02.simpl,5,700.0000,0.100,4
8814,tests/train_files/train_deep_few_light_has_medium_v03.simpl,5,700.0000,0.100,4
8815,tests/train_files/train_deep_few_light_no_large_v01.simpl,5,1700.0000,0.100,30
8816,tests/train_files/train_deep_few_light_no_large_v02.simpl,5,1120.0000,0.100,28
8817,tests/train_files/train_deep_few_light_no_large_v03.simpl,5,1568.1819,0.100,30
8818,tests/train_files/train_deep_few_light_no_medium_v01.simpl,5,385.9649,0.100,2
8819,tests/train_files/train_deep_few_light_no_medium_v02.simpl,5,0.0000,0.100,0
8820,tests/train_files/train_deep_few_light_no_medium_v03.simpl,5,558.8235,0.100,2
8821,tests/train_files/train_deep_few_none_has_large_v01.simpl,5,1757.5757,0.100,36
8822,tests/train_files/train_deep_few_none_has_large_v02.simpl,5,1821.4286,0.100,34
8823,tests/train_files/train_deep_few_none_has_large_v03.simpl,5,1700.0000,0.100,34
8824,tests/train_files/train_deep_few_none_has_medium_v01.simpl,5,1357.1428,0.100,6
8825,tests/train_files/train_deep_few_none_has_medium_v02.simpl,5,714.2856,0.100,4
8826,tests/train_files/train_deep_few_none_has_medium_v03.simpl,5,1214.2856,0.100,4
8827,tests/train_files/train_deep_few_none_no_large_v01.simpl,5,1750.0000,0.100,32
8828,tests/train_files/train_deep_few_none_no_large_v02.simpl,5,1363.6364,0.100,30
8829,tests/train_files/train_deep_few_none_no_large_v03.simpl,5,1659.0909,0.100,32
8830,tests/train_files/train_deep_few_none_no_medium_v01.simpl,5,571.4285,0.100,2
8831,tests/train_files/train_deep_few_none_no_medium_v02.simpl,5,0.0000,0.100,0
8832,tests/train_files/train_deep_few_none_no_medium_v03.simpl,5,404.7619,0.100,2
8833,tests/train_files/train_deep_many_dominated_has_large_v01.simpl,5,2226.1904,0.100,25
8834,tests/train_files/train_deep_many_dominated_has_large_v02.simpl,5,1750.0000,0.100,22
8835,tests/train_files/train_deep_many_dominated_has_large_v03.simpl,5,2127.2727,0.100,23
8836,tests/train_files/train_deep_many_dominated_has_medium_v01.simpl,5,2233.3333,0.100,14
8837,tests/train_files/train_deep_many_dominated_has_medium_v02.simpl,5,1555.5555,0.100,10
8838,tests/train_files/train_deep_many_dominated_has_medium_v03.simpl,5,1922.2222,0.100,11
8839,tests/train_files/train_deep_many_dominated_no_large_v01.simpl,5,2289.4736,0.100,24
8840,tests/train_files/train_deep_many_dominated_no_large_v02.simpl,5,2066.6667,0.100,21
8841,tests/train_files/train_deep_many_dominated_no_large_v03.simpl,5,2266.6667,0.100,22
8842,tests/train_files/train_deep_many_dominated_no_medium_v01.simpl,5,2312.5000,0.100,10
8843,tests/train_files/train_deep_many_dominated_no_medium_v02.simpl,5,1749.9999,0.100,7
8844,tests/train_files/train_deep_many_dominated_no_medium_v03.simpl,5,1999.9999,0.100,8
8845,tests/train_files/train_deep_many_light_has_large_v01.simpl,5,2800.0000,0.100,31
8846,tests/train_files/train_deep_many_light_has_large_v02.simpl,5,2166.6667,0.100,28
8847,tests/train_files/train_deep_many_light_has_large_v03.simpl,5,2406.5217,0.100,29
8848,tests/train_files/train_deep_many_light_has_medium_v01.simpl,5,2602.9409,0.100,14
8849,tests/train_files/train_deep_many_light_has_medium_v02.simpl,5,1722.2222,0.100,10
8850,tests/train_files/train_deep_many_light_has_medium_v03.simpl,5,2055.5554,0.100,11
8851,tests/train_files/train_deep_many_light_no_large_v01.simpl,5,2754.5454,0.100,30
8852,tests/train_files/train_deep_many_light_no_large_v02.simpl,5,2000.0000,0.100,27
8853,tests/train_files/train_deep_many_light_no_large_v03.simpl,5,1912.0879,0.100,28
8854,tests/train_files/train_deep_many_light_no_medium_v01.simpl,5,1852.6316,0.100,10
8855,tests/train_files/train_deep_many_light_no_medium_v02.simpl,5,1749.9999,0.100,7
8856,tests/train_files/train_deep_many_light_no_medium_v03.simpl,5,1999.9999,0.100,8
8857,tests/train_files/train_deep_many_none_has_large_v01.simpl,5,2736.3638,0.100,33
8858,tests/train_files/train_deep_many_none_has_large_v02.simpl,5,2210.0000,0.100,30
8859,tests/train_files/train_deep_many_none_has_large_v03.simpl,5,2450.0000,0.100,31
8860,tests/train_files/train_deep_many_none_has_medium_v01.simpl,5,2252.9412,0.100,14
8861,tests/train_files/train_deep_many_none_has_medium_v02.simpl,5,1985.2941,0.100,10
8862,tests/train_files/train_deep_many_none_has_medium_v03.simpl,5,2235.2939,0.100,11
8863,tests/train_files/train_deep_many_none_no_large_v01.simpl,5,2758.3333,0.100,32
8864,tests/train_files/train_deep_many_none_no_large_v02.simpl,5,2400.0000,0.100,29
8865,tests/train_files/train_deep_many_none_no_large_v03.simpl,5,2480.0000,0.100,30
8866,tests/train_files/train_deep_many_none_no_medium_v01.simpl,5,2308.8235,0.100,10
8867,tests/train_files/train_deep_many_none_no_medium_v02.simpl,5,1749.9999,0.100,7
8868,tests/train_files/train_deep_many_none_no_medium_v03.simpl,5,1999.9999,0.100,8
8869,tests/train_files/train_deep_none_dominated_no_large_v01.simpl,5,1666.6667,0.100,35
8870,tests/train_files/train_deep_none_dominated_no_large_v02.simpl,5,1842.1053,0.100,35
8871,tests/train_files/train_deep_none_dominated_no_large_v03.simpl,5,1842.1053,0.100,35
8872,tests/train_files/train_deep_none_dominated_no_medium_v01.simpl,5,100.0000,0.100,1
8873,tests/train_files/train_deep_none_dominated_no_medium_v02.simpl,5,83.3333,0.100,1
8874,tests/train_files/train_deep_none_dominated_no_medium_v03.simpl,5,83.3333,0.100,1
8875,tests/train_files/train_deep_none_none_no_large_v01.simpl,5,1590.9091,0.100,35
8876,tests/train_files/train_deep_none_none_no_large_v02.simpl,5,1842.1053,0.100,35
8877,tests/train_files/train_deep_none_none_no_large_v03.simpl,5,1590.9091,0.100,35
8878,tests/train_files/train_deep_none_none_no_medium_v01.simpl,5,0.0000,0.100,0
8879,tests/train_files/train_deep_none_none_no_medium_v02.simpl,5,0.0000,0.100,0
8880,tests/train_files/train_deep_none_none_no_medium_v03.simpl,5,0.0000,0.100,0
8881,tests/train_files/train_none_few_dominated_has_large_v01.simpl,5,4186.8130,0.100,51
8882,tests/train_files/train_none_few_dominated_has_large_v02.simpl,5,4186.8130,0.100,51
8883,tests/train_files/train_none_few_dominated_has_large_v03.simpl,5,4282.0513,0.100,51
8884,tests/train_files/train_none_few_dominated_has_medium_v01.simpl,5,3749.9998,0.100,11
8885,tests/train_files/train_none_few_dominated_has_medium_v02.simpl,5,3749.9998,0.100,11
8886,tests/train_files/train_none_few_dominated_has_medium_v03.simpl,5,3749.9998,0.100,11
8887,tests/train_files/train_none_few_dominated_no_large_v01.simpl,5,3928.5713,0.100,51
8888,tests/train_files/train_none_few_dominated_no_large_v02.simpl,5,4472.5273,0.100,53
8889,tests/train_files/train_none_few_dominated_no_large_v03.simpl,5,4282.0513,0.100,51
8890,tests/train_files/train_none_few_dominated_no_medium_v01.simpl,5,4333.3330,0.100,11
8891,tests/train_files/train_none_few_dominated_no_medium_v02.simpl,5,8333.3330,0.100,13
8892,tests/train_files/train_none_few_dominated_no_medium_v03.simpl,5,4333.3330,0.100,11
8893,tests/train_files/train_none_few_light_has_large_v01.simpl,5,3222.2224,0.100,53
8894,tests/train_files/train_none_few_light_has_large_v02.simpl,5,3382.3528,0.100,53
8895,tests/train_files/train_none_few_light_has_large_v03.simpl,5,4340.6592,0.100,53
8896,tests/train_files/train_none_few_light_has_medium_v01.simpl,5,6666.6665,0.100,12
8897,tests/train_files/train_none_few_light_has_medium_v02.simpl,5,4999.9995,0.100,12
8898,tests/train_files/train_none_few_light_has_medium_v03.simpl,5,5999.9995,0.100,12
8899,tests/train_files/train_none_few_light_has_tiny_v01.simpl,5,4333.3330,0.100,11
8900,tests/train_files/train_none_few_light_has_tiny_v02.simpl,5,5166.6665,0.100,11
8901,tests/train_files/train_none_few_light_has_tiny_v03.simpl,5,6333.3330,0.100,11
8902,tests/train_files/train_none_few_light_no_large_v01.simpl,5,4269.2305,0.100,53
8903,tests/train_files/train_none_few_light_no_large_v02.simpl,5,4250.0000,0.100,55
8904,tests/train_files/train_none_few_light_no_large_v03.simpl,5,3838.0952,0.100,53
8905,tests/train_files/train_none_few_light_no_medium_v01.simpl,5,3333.3333,0.100,12
8906,tests/train_files/train_none_few_light_no_medium_v02.simpl,5,4999.9995,0.100,14
8907,tests/train_files/train_none_few_light_no_medium_v03.simpl,5,5999.9995,0.100,12
8908,tests/train_files/train_none_few_light_no_tiny_v01.simpl,5,6333.3330,0.100,11
8909,tests/train_files/train_none_few_light_no_tiny_v02.simpl,5,4749.9995,0.100,13
8910,tests/train_files/train_none_few_light_no_tiny_v03.simpl,5,6333.3330,0.100,11
8911,tests/train_files/train_none_few_none_has_large_v01.simpl,5,4142.8569,0.100,55
8912,tests/train_files/train_none_few_none_has_large_v02.simpl,5,3900.0000,0.100,55
8913,tests/train_files/train_none_few_none_has_large_v03.simpl,5,4214.2856,0.100,55
8914,tests/train_files/train_none_few_none_has_medium_v01.simpl,5,5333.3330,0.100,14
8915,tests/train_files/train_none_few_none_has_medium_v02.simpl,5,4500.0000,0.100,14
8916,tests/train_files/train_none_few_none_has_medium_v03.simpl,5,6500.0000,0.100,14
8917,tests/train_files/train_none_few_none_has_tiny_v01.simpl,5,6333.3330,0.100,11
8918,tests/train_files/train_none_few_none_has_tiny_v02.simpl,5,5166.6665,0.100,11
8919,tests/train_files/train_none_few_none_has_tiny_v03.simpl,5,4333.3330,0.100,11
8920,tests/train_files/train_none_few_none_no_large_v01.simpl,5,4142.8569,0.100,55
8921,tests/train_files/train_none_few_none_no_large_v02.simpl,5,4673.0767,0.100,57
8922,tests/train_files/train_none_few_none_no_large_v03.simpl,5,4494.5054,0.100,55
8923,tests/train_files/train_none_few_none_no_medium_v01.simpl,5,5428.5713,0.100,14
8924,tests/train_files/train_none_few_none_no_medium_v02.simpl,5,5500.0000,0.100,16
8925,tests/train_files/train_none_few_none_no_medium_v03.simpl,5,6500.0000,0.100,14
8926,tests/train_files/train_none_few_none_no_tiny_v01.simpl,5,6333.3330,0.100,11
8927,tests/train_files/train_none_few_none_no_tiny_v02.simpl,5,4749.9995,0.100,13
8928,tests/train_files/train_none_few_none_no_tiny_v03.simpl,5,6333.3330,0.100,11
8929,tests/train_files/train_none_many_dominated_has_large_v01.simpl,5,3222.2222,0.100,48
8930,tests/train_files/train_none_many_dominated_has_large_v02.simpl,5,4641.0254,0.100,51
8931,tests/train_files/train_none_many_dominated_has_large_v03.simpl,5,4271.4287,0.100,49
8932,tests/train_files/train_none_many_dominated_has_medium_v01.simpl,5,4166.6665,0.100,20
8933,tests/train_files/train_none_many_dominated_has_medium_v02.simpl,5,5666.6665,0.100,23
8934,tests/train_files/train_none_many_dominated_has_medium_v03.simpl,5,6000.0000,0.100,21
8935,tests/train_files/train_none_many_dominated_no_large_v01.simpl,5,4575.7573,0.100,47
8936,tests/train_files/train_none_many_dominated_no_large_v02.simpl,5,5075.7573,0.100,50
8937,tests/train_files/train_none_many_dominated_no_large_v03.simpl,5,4583.3330,0.100,48
8938,tests/train_files/train_none_many_dominated_no_medium_v01.simpl,5,7000.0000,0.100,19
8939,tests/train_files/train_none_many_dominated_no_medium_v02.simpl,5,5166.6665,0.100,22
8940,tests/train_files/train_none_many_dominated_no_medium_v03.simpl,5,5000.0000,0.100,20
8941,tests/train_files/train_none_many_light_has_large_v01.simpl,5,4125.0000,0.100,54
8942,tests/train_files/train_none_many_light_has_large_v02.simpl,5,3865.0796,0.100,57
8943,tests/train_files/train_none_many_light_has_large_v03.simpl,5,4500.0000,0.100,55
8944,tests/train_files/train_none_many_light_has_medium_v01.simpl,5,5500.0000,0.100,20
8945,tests/train_files/train_none_many_light_has_medium_v02.simpl,5,7000.0000,0.100,23
8946,tests/train_files/train_none_many_light_has_medium_v03.simpl,5,9000.0000,0.100,21
8947,tests/train_files/train_none_many_light_no_large_v01.simpl,5,3633.9282,0.100,53
8948,tests/train_files/train_none_many_light_no_large_v02.simpl,5,5083.3330,0.100,56
8949,tests/train_files/train_none_many_light_no_large_v03.simpl,5,4769.2305,0.100,54
8950,tests/train_files/train_none_many_light_no_medium_v01.simpl,5,5000.0000,0.100,19
8951,tests/train_files/train_none_many_light_no_medium_v02.simpl,5,8500.0000,0.100,22
8952,tests/train_files/train_none_many_light_no_medium_v03.simpl,5,6250.0000,0.100,20
8953,tests/train_files/train_none_many_none_has_large_v01.simpl,5,4548.0771,0.100,56
8954,tests/train_files/train_none_many_none_has_large_v02.simpl,5,4642.8569,0.100,59
8955,tests/train_files/train_none_many_none_has_large_v03.simpl,5,5250.0000,0.100,57
8956,tests/train_files/train_none_many_none_has_medium_v01.simpl,5,8000.0000,0.100,20
8957,tests/train_files/train_none_many_none_has_medium_v02.simpl,5,7749.9995,0.100,23
8958,tests/train_files/train_none_many_none_has_medium_v03.simpl,5,6749.9995,0.100,21
8959,tests/train_files/train_none_many_none_no_large_v01.simpl,5,4142.8569,0.100,55
8960,tests/train_files/train_none_many_none_no_large_v02.simpl,5,4517.8569,0.100,58
8961,tests/train_files/train_none_many_none_no_large_v03.simpl,5,4756.4102,0.100,56
8962,tests/train_files/train_none_many_none_no_medium_v01.simpl,5,5749.9995,0.100,19
8963,tests/train_files/train_none_many_none_no_medium_v02.simpl,5,6500.0000,0.100,22
8964,tests/train_files/train_none_many_none_no_medium_v03.simpl,5,6250.0000,0.100,20
8965,tests/train_files/train_none_none_dominated_no_large_v01.simpl,5,3500.0000,0.100,49
8966,tests/train_files/train_none_none_dominated_no_large_v02.simpl,5,3500.0000,0.100,49
8967,tests/train_files/train_none_none_dominated_no_large_v03.simpl,5,3062.4998,0.100,49
8968,tests/train_files/train_none_none_dominated_no_medium_v01.simpl,5,3999.9998,0.100,8
8969,tests/train_files/train_none_none_dominated_no_medium_v02.simpl,5,2666.6667,0.100,8
8970,tests/train_files/train_none_none_dominated_no_medium_v03.simpl,5,1999.9999,0.100,8
8971,tests/train_files/train_none_none_dominated_no_tiny_v01.simpl,5,142.8571,0.100,1
8972,tests/train_files/train_none_none_dominated_no_tiny_v02.simpl,5,500.0000,0.100,1
8973,tests/train_files/train_none_none_dominated_no_tiny_v03.simpl,5,999.9999,0.100,1
8974,tests/train_files/train_none_none_none_no_large_v01.simpl,5,3642.8572,0.100,50
8975,tests/train_files/train_none_none_none_no_large_v02.simpl,5,2847.2224,0.100,50
8976,tests/train_files/train_none_none_none_no_large_v03.simpl,5,3025.2100,0.100,50
8977,tests/train_files/train_none_none_none_no_medium_v01.simpl,5,3666.6667,0.100,9
8978,tests/train_files/train_none_none_none_no_medium_v02.simpl,5,1999.9999,0.100,9
8979,tests/train_files/train_none_none_none_no_medium_v03.simpl,5,3666.6667,0.100,9
8980,tests/train_files/train_none_none_none_no_tiny_v01.simpl,5,1499.9999,0.100,2
8981,tests/train_files/train_none_none_none_no_tiny_v02.simpl,5,1333.3333,0.100,2
8982,tests/train_files/train_none_none_none_no_tiny_v03.simpl,5,1999.9999,0.100,2
8983,tests/train_files/train_shallow_few_dominated_has_large_v01.simpl,5,2066.6667,0.100,39
8984,tests/train_files/train_shallow_few_dominated_has_large_v02.simpl,5,2367.6470,0.100,37
8985,tests/train_files/train_shallow_few_dominated_has_large_v03.simpl,5,2061.4036,0.100,37
8986,tests/train_files/train_shallow_few_dominated_has_medium_v01.simpl,5,1000.0000,0.100,6
8987,tests/train_files/train_shallow_few_dominated_has_medium_v02.simpl,5,1272.7272,0.100,4
8988,tests/train_files/train_shallow_few_dominated_has_medium_v03.simpl,5,1300.0000,0.100,4
8989,tests/train_files/train_shallow_few_dominated_no_large_v01.simpl,5,2088.8889,0.100,35
8990,tests/train_files/train_shallow_few_dominated_no_large_v02.simpl,5,1650.0000,0.100,33
8991,tests/train_files/train_shallow_few_dominated_no_large_v03.simpl,5,1950.0000,0.100,35
8992,tests/train_files/train_shallow_few_dominated_no_medium_v01.simpl,5,433.3333,0.100,2
8993,tests/train_files/train_shallow_few_dominated_no_medium_v02.simpl,5,0.0000,0.100,0
8994,tests/train_files/train_shallow_few_dominated_no_medium_v03.simpl,5,600.0000,0.100,2
8995,tests/train_files/train_shallow_few_light_has_large_v01.simpl,5,2519.6079,0.100,41
8996,tests/train_files/train_shallow_few_light_has_large_v02.simpl,5,2277.7778,0.100,39
8997,tests/train_files/train_shallow_few_light_has_large_v03.simpl,5,2166.6667,0.100,39
8998,tests/train_files/train_shallow_few_light_has_medium_v01.simpl,5,1454.5454,0.100,6
8999,tests/train_files/train_shallow_few_light_has_medium_v02.simpl,5,633.3334,0.100,4
9000,tests/train_files/train_shallow_few_light_has_medium_v03.simpl,5,800.0000,0.100,4
9001,tests/train_files/train_shallow_few_light_no_large_v01.simpl,5,2250.0000,0.100,37
9002,tests/train_files/train_shallow_few_light_no_large_v02.simpl,5,1944.4446,0.100,35
9003,tests/train_files/train_shallow_few_light_no_large_v03.simpl,5,2144.7368,0.100,37
9004,tests/train_files/train_shallow_few_light_no_medium_v01.simpl,5,576.9230,0.100,2
9005,tests/train_files/train_shallow_few_light_no_medium_v02.simpl,5,0.0000,0.100,0
9006,tests/train_files/train_shallow_few_light_no_medium_v03.simpl,5,1100.0000,0.100,2
9007,tests/train_files/train_shallow_few_none_has_large_v01.simpl,5,2051.9480,0.100,43
9008,tests/train_files/train_shallow_few_none_has_large_v02.simpl,5,2271.9299,0.100,41
9009,tests/train_files/train_shallow_few_none_has_large_v03.simpl,5,1905.7970,0.100,41
9010,tests/train_files/train_shallow_few_none_has_medium_v01.simpl,5,1357.1428,0.100,6
9011,tests/train_files/train_shallow_few_none_has_medium_v02.simpl,5,1333.3333,0.100,4
9012,tests/train_files/train_shallow_few_none_has_medium_v03.simpl,5,800.0000,0.100,4
9013,tests/train_files/train_shallow_few_none_no_large_v01.simpl,5,2361.1111,0.100,39
9014,tests/train_files/train_shallow_few_none_no_large_v02.simpl,5,1681.8182,0.100,37
9015,tests/train_files/train_shallow_few_none_no_large_v03.simpl,5,2059.5237,0.100,39
9016,tests/train_files/train_shallow_few_none_no_medium_v01.simpl,5,600.0000,0.100,2
9017,tests/train_files/train_shallow_few_none_no_medium_v02.simpl,5,0.0000,0.100,0
9018,tests/train_files/train_shallow_few_none_no_medium_v03.simpl,5,1111.1111,0.100,2
9019,tests/train_files/train_shallow_many_dominated_has_large_v01.simpl,5,2850.0000,0.100,32
9020,tests/train_files/train_shallow_many_dominated_has_large_v02.simpl,5,2401.7856,0.100,29
9021,tests/train_files/train_shallow_many_dominated_has_large_v03.simpl,5,2600.0000,0.100,30
9022,tests/train_files/train_shallow_many_dominated_has_medium_v01.simpl,5,3533.3333,0.100,11
9023,tests/train_files/train_shallow_many_dominated_has_medium_v02.simpl,5,1903.8462,0.100,8
9024,tests/train_files/train_shallow_many_dominated_has_medium_v03.simpl,5,2142.8569,0.100,9
9025,tests/train_files/train_shallow_many_dominated_no_large_v01.simpl,5,3094.1177,0.100,31
9026,tests/train_files/train_shallow_many_dominated_no_large_v02.simpl,5,2566.6667,0.100,28
9027,tests/train_files/train_shallow_many_dominated_no_large_v03.simpl,5,2500.0000,0.100,29
9028,tests/train_files/train_shallow_many_dominated_no_medium_v01.simpl,5,2333.3333,0.100,10
9029,tests/train_files/train_shallow_many_dominated_no_medium_v02.simpl,5,1749.9999,0.100,7
9030,tests/train_files/train_shallow_many_dominated_no_medium_v03.simpl,5,1999.9999,0.100,8
9031,tests/train_files/train_shallow_many_light_has_large_v01.simpl,5,3475.0000,0.100,38
9032,tests/train_files/train_shallow_many_light_has_large_v02.simpl,5,2726.3159,0.100,35
9033,tests/train_files/train_shallow_many_light_has_large_v03.simpl,5,2780.9524,0.100,36
9034,tests/train_files/train_shallow_many_light_has_medium_v01.simpl,5,2949.9998,0.100,11
9035,tests/train_files/train_shallow_many_light_has_medium_v02.simpl,5,2320.5127,0.100,8
9036,tests/train_files/train_shallow_many_light_has_medium_v03.simpl,5,2653.8459,0.100,9
9037,tests/train_files/train_shallow_many_light_no_large_v01.simpl,5,2973.6841,0.100,37
9038,tests/train_files/train_shallow_many_light_no_large_v02.simpl,5,2666.6667,0.100,34
9039,tests/train_files/train_shallow_many_light_no_large_v03.simpl,5,2683.3335,0.100,35
9040,tests/train_files/train_shallow_many_light_no_medium_v01.simpl,5,1883.3334,0.100,10
9041,tests/train_files/train_shallow_many_light_no_medium_v02.simpl,5,1749.9999,0.100,7
9042,tests/train_files/train_shallow_many_light_no_medium_v03.simpl,5,2666.6667,0.100,8
9043,tests/train_files/train_shallow_many_none_has_large_v01.simpl,5,3054.5454,0.100,40
9044,tests/train_files/train_shallow_many_none_has_large_v02.simpl,5,2509.5239,0.100,37
9045,tests/train_files/train_shallow_many_none_has_large_v03.simpl,5,2876.1904,0.100,38
9046,tests/train_files/train_shallow_many_none_has_medium_v01.simpl,5,3064.1025,0.100,11
9047,tests/train_files/train_shallow_many_none_has_medium_v02.simpl,5,2153.8462,0.100,8
9048,tests/train_files/train_shallow_many_none_has_medium_v03.simpl,5,2642.8572,0.100,9
9049,tests/train_files/train_shallow_many_none_no_large_v01.simpl,5,3466.6667,0.100,39
9050,tests/train_files/train_shallow_many_none_no_large_v02.simpl,5,2926.3159,0.100,36
9051,tests/train_files/train_shallow_many_none_no_large_v03.simpl,5,3050.0000,0.100,37
9052,tests/train_files/train_shallow_many_none_no_medium_v01.simpl,5,2333.3333,0.100,10
9053,tests/train_files/train_shallow_many_none_no_medium_v02.simpl,5,1749.9999,0.100,7
9054,tests/train_files/train_shallow_many_none_no_medium_v03.simpl,5,2666.6667,0.100,8
9055,tests/train_files/train_shallow_none_dominated_no_large_v01.simpl,5,2000.0000,0.100,42
9056,tests/train_files/train_shallow_none_dominated_no_large_v02.simpl,5,2800.0000,0.100,42
9057,tests/train_files/train_shallow_none_dominated_no_large_v03.simpl,5,1909.0909,0.100,42
9058,tests/train_files/train_shallow_none_dominated_no_medium_v01.simpl,5,90.9091,0.100,1
9059,tests/train_files/train_shallow_none_dominated_no_medium_v02.simpl,5,142.8571,0.100,1
9060,tests/train_files/train_shallow_none_dominated_no_medium_v03.simpl,5,142.8571,0.100,1
9061,tests/train_files/train_shallow_none_none_no_large_v01.simpl,5,1909.0909,0.100,42
9062,tests/train_files/train_shallow_none_none_no_large_v02.simpl,5,2624.9998,0.100,42
9063,tests/train_files/train_shallow_none_none_no_large_v03.simpl,5,2100.0000,0.100,42
9064,tests/train_files/train_shallow_none_none_no_medium_v01.simpl,5,125.0000,0.100,1
9065,tests/train_files/train_shallow_none_none_no_medium_v02.simpl,5,125.0000,0.100,1
9066,tests/train_files/train_shallow_none_none_no_medium_v03.simpl,5,111.1111,0.100,1
9067,tests/train_files/train_shallow_none_none_no_tiny_v01.simpl,5,0.0000,0.100,0
9068,tests/train_files/train_shallow_none_none_no_tiny_v02.simpl,5,0.0000,0.100,0
9069,tests/train_files/train_shallow_none_none_no_tiny_v03.simpl,5,0.0000,0.100,0
9070,tests/train_files/train_deep_few_dominated_has_large_v01.simpl,5,1491.6666,0.100,32
9071,tests/train_files/train_deep_few_dominated_has_large_v02.simpl,5,1568.1819,0.100,30
9072,tests/train_files/train_deep_few_dominated_has_large_v03.simpl,5,1518.1819,0.100,30
9073,tests/train_files/train_deep_few_dominated_has_medium_v01.simpl,5,812.5000,0.100,6
9074,tests/train_files/train_deep_few_dominated_has_medium_v02.simpl,5,509.8039,0.100,4
9075,tests/train_files/train_deep_few_dominated_has_medium_v03.simpl,5,687.4999,0.100,4
9076,tests/train_files/train_deep_few_dominated_no_large_v01.simpl,5,1600.0000,0.100,28
9077,tests/train_files/train_deep_few_dominated_no_large_v02.simpl,5,1000.0000,0.100,26
9078,tests/train_files/train_deep_few_dominated_no_large_v03.simpl,5,1485.7144,0.100,28
9079,tests/train_files/train_deep_few_dominated_no_medium_v01.simpl,5,395.8333,0.100,2
9080,tests/train_files/train_deep_few_dominated_no_medium_v02.simpl,5,0.0000,0.100,0
9081,tests/train_files/train_deep_few_dominated_no_medium_v03.simpl,5,566.6666,0.100,2
9082,tests/train_files/train_deep_few_light_has_large_v01.simpl,5,1850.0000,0.100,34
9083,tests/train_files/train_deep_few_light_has_large_v02.simpl,5,1659.0909,0.100,32
9084,tests/train_files/train_deep_few_light_has_large_v03.simpl,5,1609.0909,0.100,32
9085,tests/train_files/train_deep_few_light_has_medium_v01.simpl,5,1277.7777,0.100,6
9086,tests/train_files/train_deep_few_light_has_medium_v02.simpl,5,687.4999,0.100,4
9087,tests/train_files/train_deep_few_light_has_medium_v03.simpl,5,700.0000,0.100,4
9088,tests/train_files/train_deep_few_light_no_large_v01.simpl,5,1650.0000,0.100,30
9089,tests/train_files/train_deep_few_light_no_large_v02.simpl,5,1166.6666,0.100,28
9090,tests/train_files/train_deep_few_light_no_large_v03.simpl,5,1518.1819,0.100,30
9091,tests/train_files/train_deep_few_light_no_medium_v01.simpl,5,571.4285,0.100,2
9092,tests/train_files/train_deep_few_light_no_medium_v02.simpl,5,0.0000,0.100,0
9093,tests/train_files/train_deep_few_light_no_medium_v03.simpl,5,566.6666,0.100,2
9094,tests/train_files/train_deep_few_none_has_large_v01.simpl,5,1866.6667,0.100,36
9095,tests/train_files/train_deep_few_none_has_large_v02.simpl,5,1771.4286,0.100,34
9096,tests/train_files/train_deep_few_none_has_large_v03.simpl,5,1601.4492,0.100,34
9097,tests/train_files/train_deep_few_none_has_medium_v01.simpl,5,763.1578,0.100,6
9098,tests/train_files/train_deep_few_none_has_medium_v02.simpl,5,1214.2856,0.100,4
9099,tests/train_files/train_deep_few_none_has_medium_v03.simpl,5,714.2856,0.100,4
9100,tests/train_files/train_deep_few_none_no_large_v01.simpl,5,1659.0909,0.100,32
9101,tests/train_files/train_deep_few_none_no_large_v02.simpl,5,1363.6364,0.100,30
9102,tests/train_files/train_deep_few_none_no_large_v03.simpl,5,1659.0909,0.100,32
9103,tests/train_files/train_deep_few_none_no_medium_v01.simpl,5,566.6666,0.100,2
9104,tests/train_files/train_deep_few_none_no_medium_v02.simpl,5,0.0000,0.100,0
9105,tests/train_files/train_deep_few_none_no_medium_v03.simpl,5,571.4285,0.100,2
9106,tests/train_files/train_deep_many_dominated_has_large_v01.simpl,5,2542.8572,0.100,25
9107,tests/train_files/train_deep_many_dominated_has_large_v02.simpl,5,2060.6060,0.100,22
9108,tests/train_files/train_deep_many_dominated_has_large_v03.simpl,5,2095.2380,0.100,23
9109,tests/train_files/train_deep_many_dominated_has_medium_v01.simpl,5,2233.3333,0.100,14
9110,tests/train_files/train_deep_many_dominated_has_medium_v02.simpl,5,1568.6274,0.100,10
9111,tests/train_files/train_deep_many_dominated_has_medium_v03.simpl,5,1910.5264,0.100,11
9112,tests/train_files/train_deep_many_dominated_no_large_v01.simpl,5,2250.0000,0.100,24
9113,tests/train_files/train_deep_many_dominated_no_large_v02.simpl,5,1803.0303,0.100,21
9114,tests/train_files/train_deep_many_dominated_no_large_v03.simpl,5,1779.2207,0.100,22
9115,tests/train_files/train_deep_many_dominated_no_medium_v01.simpl,5,1858.8235,0.100,10
9116,tests/train_files/train_deep_many_dominated_no_medium_v02.simpl,5,1749.9999,0.100,7
9117,tests/train_files/train_deep_many_dominated_no_medium_v03.simpl,5,1600.0000,0.100,8
9118,tests/train_files/train_deep_many_light_has_large_v01.simpl,5,2566.6665,0.100,31
9119,tests/train_files/train_deep_many_light_has_large_v02.simpl,5,2250.0000,0.100,28
9120,tests/train_files/train_deep_many_light_has_large_v03.simpl,5,2406.5217,0.100,29
9121,tests/train_files/train_deep_many_light_has_medium_v01.simpl,5,2602.9409,0.100,14
9122,tests/train_files/train_deep_many_light_has_medium_v02.simpl,5,1722.2222,0.100,10
9123,tests/train_files/train_deep_many_light_has_medium_v03.simpl,5,2055.5554,0.100,11
9124,tests/train_files/train_deep_many_light_no_large_v01.simpl,5,2550.0000,0.100,30
9125,tests/train_files/train_deep_many_light_no_large_v02.simpl,5,2352.3809,0.100,27
9126,tests/train_files/train_deep_many_light_no_large_v03.simpl,5,2509.0908,0.100,28
9127,tests/train_files/train_deep_many_light_no_medium_v01.simpl,5,2308.8235,0.100,10
9128,tests/train_files/train_deep_many_light_no_medium_v02.simpl,5,1749.9999,0.100,7
9129,tests/train_files/train_deep_many_light_no_medium_v03.simpl,5,1999.9999,0.100,8
9130,tests/train_files/train_deep_many_none_has_large_v01.simpl,5,2616.6665,0.100,33
9131,tests/train_files/train_deep_many_none_has_large_v02.simpl,5,2340.9092,0.100,30
9132,tests/train_files/train_deep_many_none_has_large_v03.simpl,5,2250.0000,0.100,31
9133,tests/train_files/train_deep_many_none_has_medium_v01.simpl,5,2624.9998,0.100,14
9134,tests/train_files/train_deep_many_none_has_medium_v02.simpl,5,1972.2222,0.100,10
9135,tests/train_files/train_deep_many_none_has_medium_v03.simpl,5,1935.2941,0.100,11
9136,tests/train_files/train_deep_many_none_no_large_v01.simpl,5,2595.2383,0.100,32
9137,tests/train_files/train_deep_many_none_no_large_v02.simpl,5,2280.0000,0.100,29
9138,tests/train_files/train_deep_many_none_no_large_v03.simpl,5,2480.0000,0.100,30
9139,tests/train_files/train_deep_many_none_no_medium_v01.simpl,5,2305.5557,0.100,10
9140,tests/train_files/train_deep_many_none_no_medium_v02.simpl,5,1749.9999,0.100,7
9141,tests/train_files/train_deep_many_none_no_medium_v03.simpl,5,1999.9999,0.100,8
9142,tests/train_files/train_deep_none_dominated_no_large_v01.simpl,5,1521.7391,0.100,35
9143,tests/train_files/train_deep_none_dominated_no_large_v02.simpl,5,1590.9091,0.100,35
9144,tests/train_files/train_deep_none_dominated_no_large_v03.simpl,5,1842.1053,0.100,35
9145,tests/train_files/train_deep_none_dominated_no_medium_v01.simpl,5,90.9091,0.100,1
9146,tests/train_files/train_deep_none_dominated_no_medium_v02.simpl,5,90.9091,0.100,1
9147,tests/train_files/train_deep_none_dominated_no_medium_v03.simpl,5,83.3333,0.100,1
9148,tests/train_files/train_deep_none_none_no_large_v01.simpl,5,1750.0000,0.100,35
9149,tests/train_files/train_deep_none_none_no_large_v02.simpl,5,1842.1053,0.100,35
9150,tests/train_files/train_deep_none_none_no_large_v03.simpl,5,1666.6667,0.100,35
9151,tests/train_files/train_deep_none_none_no_medium_v01.simpl,5,0.0000,0.100,0
9152,tests/train_files/train_deep_none_none_no_medium_v02.simpl,5,0.0000,0.100,0
9153,tests/train_files/train_deep_none_none_no_medium_v03.simpl,5,0.0000,0.100,0
9154,tests/train_files/train_none_few_dominated_has_large_v01.simpl,5,3928.5713,0.100,51
9155,tests/train_files/train_none_few_dominated_has_large_v02.simpl,5,3704.7620,0.100,51
9156,tests/train_files/train_none_few_dominated_has_large_v03.simpl,5,3928.5713,0.100,51
9157,tests/train_files/train_none_few_dominated_has_medium_v01.simpl,5,3749.9998,0.100,11
9158,tests/train_files/train_none_few_dominated_has_medium_v02.simpl,5,5749.9995,0.100,11
9159,tests/train_files/train_none_few_dominated_has_medium_v03.simpl,5,5749.9995,0.100,11
9160,tests/train_files/train_none_few_dominated_no_large_v01.simpl,5,4186.8130,0.100,51
9161,tests/train_files/train_none_few_dominated_no_large_v02.simpl,5,4365.3843,0.100,53
9162,tests/train_files/train_none_few_dominated_no_large_v03.simpl,5,4186.8130,0.100,51
9163,tests/train_files/train_none_few_dominated_no_medium_v01.simpl,5,4874.9995,0.100,11
9164,tests/train_files/train_none_few_dominated_no_medium_v02.simpl,5,6499.9995,0.100,13
9165,tests/train_files/train_none_few_dominated_no_medium_v03.simpl,5,6333.3330,0.100,11
9166,tests/train_files/train_none_few_light_has_large_v01.simpl,5,3838.0952,0.100,53
9167,tests/train_files/train_none_few_light_has_large_v02.simpl,5,4213.6753,0.100,53
9168,tests/train_files/train_none_few_light_has_large_v03.simpl,5,4071.4285,0.100,53
9169,tests/train_files/train_none_few_light_has_medium_v01.simpl,5,3333.3333,0.100,12
9170,tests/train_files/train_none_few_light_has_medium_v02.simpl,5,3333.3333,0.100,12
9171,tests/train_files/train_none_few_light_has_medium_v03.simpl,5,6666.6665,0.100,12
9172,tests/train_files/train_none_few_light_has_tiny_v01.simpl,5,6333.3330,0.100,11
9173,tests/train_files/train_none_few_light_has_tiny_v02.simpl,5,4333.3330,0.100,11
9174,tests/train_files/train_none_few_light_has_tiny_v03.simpl,5,6333.3330,0.100,11
9175,tests/train_files/train_none_few_light_no_large_v01.simpl,5,3222.2224,0.100,53
9176,tests/train_files/train_none_few_light_no_large_v02.simpl,5,4626.3735,0.100,55
9177,tests/train_files/train_none_few_light_no_large_v03.simpl,5,4166.6665,0.100,53
9178,tests/train_files/train_none_few_light_no_medium_v01.simpl,5,3999.9998,0.100,12
9179,tests/train_files/train_none_few_light_no_medium_v02.simpl,5,4999.9995,0.100,14
9180,tests/train_files/train_none_few_light_no_medium_v03.simpl,5,5999.9995,0.100,12
9181,tests/train_files/train_none_few_light_no_tiny_v01.simpl,5,6333.3330,0.100,11
9182,tests/train_files/train_none_few_light_no_tiny_v02.simpl,5,7749.9995,0.100,13
9183,tests/train_files/train_none_few_light_no_tiny_v03.simpl,5,3749.9998,0.100,11
9184,tests/train_files/train_none_few_none_has_large_v01.simpl,5,4214.2856,0.100,55
9185,tests/train_files/train_none_few_none_has_large_v02.simpl,5,4142.8569,0.100,55
9186,tests/train_files/train_none_few_none_has_large_v03.simpl,5,4214.2856,0.100,55
9187,tests/train_files/train_none_few_none_has_medium_v01.simpl,5,5250.0000,0.100,14
9188,tests/train_files/train_none_few_none_has_medium_v02.simpl,5,5333.3330,0.100,14
9189,tests/train_files/train_none_few_none_has_medium_v03.simpl,5,6500.0000,0.100,14
9190,tests/train_files/train_none_few_none_has_tiny_v01.simpl,5,6333.3330,0.100,11
9191,tests/train_files/train_none_few_none_has_tiny_v02.simpl,5,6333.3330,0.100,11
9192,tests/train_files/train_none_few_none_has_tiny_v03.simpl,5,6333.3330,0.100,11
9193,tests/train_files/train_none_few_none_no_large_v01.simpl,5,3971.4285,0.100,55
9194,tests/train_files/train_none_few_none_no_large_v02.simpl,5,4392.8569,0.100,57
9195,tests/train_files/train_none_few_none_no_large_v03.simpl,5,3687.4998,0.100,55
9196,tests/train_files/train_none_few_none_no_medium_v01.simpl,5,3428.5713,0.100,14
9197,tests/train_files/train_none_few_none_no_medium_v02.simpl,5,6333.3330,0.100,16
9198,tests/train_files/train_none_few_none_no_medium_v03.simpl,5,4500.0000,0.100,14
9199,tests/train_files/train_none_few_none_no_tiny_v01.simpl,5,4333.3330,0.100,11
9200,tests/train_files/train_none_few_none_no_tiny_v02.simpl,5,7749.9995,0.100,13
9201,tests/train_files/train_none_few_none_no_tiny_v03.simpl,5,6333.3330,0.100,11
9202,tests/train_files/train_none_many_dominated_has_large_v01.simpl,5,4021.9778,0.100,48
9203,tests/train_files/train_none_many_dominated_has_large_v02.simpl,5,5051.9478,0.100,51
9204,tests/train_files/train_none_many_dominated_has_large_v03.simpl,5,4307.6924,0.100,49
9205,tests/train_files/train_none_many_dominated_has_medium_v01.simpl,5,5500.0000,0.100,20
9206,tests/train_files/train_none_many_dominated_has_medium_v02.simpl,5,7000.0000,0.100,23
9207,tests/train_files/train_none_many_dominated_has_medium_v03.simpl,5,6000.0000,0.100,21
9208,tests/train_files/train_none_many_dominated_no_large_v01.simpl,5,4250.0000,0.100,47
9209,tests/train_files/train_none_many_dominated_no_large_v02.simpl,5,5075.7573,0.100,50
9210,tests/train_files/train_none_many_dominated_no_large_v03.simpl,5,4416.6665,0.100,48
9211,tests/train_files/train_none_many_dominated_no_medium_v01.simpl,5,5000.0000,0.100,19
9212,tests/train_files/train_none_many_dominated_no_medium_v02.simpl,5,6000.0000,0.100,22
9213,tests/train_files/train_none_many_dominated_no_medium_v03.simpl,5,5500.0000,0.100,20
9214,tests/train_files/train_none_many_light_has_large_v01.simpl,5,4483.5166,0.100,54
9215,tests/train_files/train_none_many_light_has_large_v02.simpl,5,5226.1904,0.100,57
9216,tests/train_files/train_none_many_light_has_large_v03.simpl,5,4769.2305,0.100,55
9217,tests/train_files/train_none_many_light_has_medium_v01.simpl,5,6250.0000,0.100,20
9218,tests/train_files/train_none_many_light_has_medium_v02.simpl,5,7749.9995,0.100,23
9219,tests/train_files/train_none_many_light_has_medium_v03.simpl,5,6000.0000,0.100,21
9220,tests/train_files/train_none_many_light_no_large_v01.simpl,5,4340.6592,0.100,53
9221,tests/train_files/train_none_many_light_no_large_v02.simpl,5,4958.3330,0.100,56
9222,tests/train_files/train_none_many_light_no_large_v03.simpl,5,3715.6860,0.100,54
9223,tests/train_files/train_none_many_light_no_medium_v01.simpl,5,5749.9995,0.100,19
9224,tests/train_files/train_none_many_light_no_medium_v02.simpl,5,8500.0000,0.100,22
9225,tests/train_files/train_none_many_light_no_medium_v03.simpl,5,5416.6665,0.100,20
9226,tests/train_files/train_none_many_none_has_large_v01.simpl,5,4637.3628,0.100,56
9227,tests/train_files/train_none_many_none_has_large_v02.simpl,5,3827.0679,0.100,59
9228,tests/train_files/train_none_many_none_has_large_v03.simpl,5,4400.0000,0.100,57
9229,tests/train_files/train_none_many_none_has_medium_v01.simpl,5,8000.0000,0.100,20
9230,tests/train_files/train_none_many_none_has_medium_v02.simpl,5,7749.9995,0.100,23
9231,tests/train_files/train_none_many_none_has_medium_v03.simpl,5,5000.0000,0.100,21
9232,tests/train_files/train_none_many_none_no_large_v01.simpl,5,4423.0767,0.100,55
9233,tests/train_files/train_none_many_none_no_large_v02.simpl,5,4517.8569,0.100,58
9234,tests/train_files/train_none_many_none_no_large_v03.simpl,5,4637.3628,0.100,56
9235,tests/train_files/train_none_many_none_no_medium_v01.simpl,5,7000.0000,0.100,19
9236,tests/train_files/train_none_many_none_no_medium_v02.simpl,5,6500.0000,0.100,22
9237,tests/train_files/train_none_many_none_no_medium_v03.simpl,5,8750.0000,0.100,20
9238,tests/train_files/train_none_none_dominated_no_large_v01.simpl,5,3769.2307,0.100,49
9239,tests/train_files/train_none_none_dominated_no_large_v02.simpl,5,3769.2307,0.100,49
9240,tests/train_files/train_none_none_dominated_no_large_v03.simpl,5,3769.2307,0.100,49
9241,tests/train_files/train_none_none_dominated_no_medium_v01.simpl,5,2666.6667,0.100,8
9242,tests/train_files/train_none_none_dominated_no_medium_v02.simpl,5,2666.6667,0.100,8
9243,tests/train_files/train_none_none_dominated_no_medium_v03.simpl,5,1999.9999,0.100,8
9244,tests/train_files/train_none_none_dominated_no_tiny_v01.simpl,5,500.0000,0.100,1
9245,tests/train_files/train_none_none_dominated_no_tiny_v02.simpl,5,500.0000,0.100,1
9246,tests/train_files/train_none_none_dominated_no_tiny_v03.simpl,5,333.3333,0.100,1
9247,tests/train_files/train_none_none_none_no_large_v01.simpl,5,3205.3569,0.100,50
9248,tests/train_files/train_none_none_none_no_large_v02.simpl,5,3642.8572,0.100,50
9249,tests/train_files/train_none_none_none_no_large_v03.simpl,5,3025.2100,0.100,50
9250,tests/train_files/train_none_none_none_no_medium_v01.simpl,5,2999.9998,0.100,9
9251,tests/train_files/train_none_none_none_no_medium_v02.simpl,5,3166.6667,0.100,9
9252,tests/train_files/train_none_none_none_no_medium_v03.simpl,5,2999.9998,0.100,9
9253,tests/train_files/train_none_none_none_no_tiny_v01.simpl,5,1499.9999,0.100,2
9254,tests/train_files/train_none_none_none_no_tiny_v02.simpl,5,1999.9999,0.100,2
9255,tests/train_files/train_none_none_none_no_tiny_v03.simpl,5,1499.9999,0.100,2
9256,tests/train_files/train_shallow_few_dominated_has_large_v01.simpl,5,2066.6667,0.100,39
9257,tests/train_files/train_shallow_few_dominated_has_large_v02.simpl,5,2317.6470,0.100,37
9258,tests/train_files/train_shallow_few_dominated_has_large_v03.simpl,5,2166.6667,0.100,37
9259,tests/train_files/train_shallow_few_dominated_has_medium_v01.simpl,5,1454.5454,0.100,6
9260,tests/train_files/train_shallow_few_dominated_has_medium_v02.simpl,5,1300.0000,0.100,4
9261,tests/train_files/train_shallow_few_dominated_has_medium_v03.simpl,5,800.0000,0.100,4
9262,tests/train_files/train_shallow_few_dominated_no_large_v01.simpl,5,2138.8889,0.100,35
9263,tests/train_files/train_shallow_few_dominated_no_large_v02.simpl,5,1833.3334,0.100,33
9264,tests/train_files/train_shallow_few_dominated_no_large_v03.simpl,5,1950.0000,0.100,35
9265,tests/train_files/train_shallow_few_dominated_no_medium_v01.simpl,5,590.9091,0.100,2
9266,tests/train_files/train_shallow_few_dominated_no_medium_v02.simpl,5,0.0000,0.100,0
9267,tests/train_files/train_shallow_few_dominated_no_medium_v03.simpl,5,1111.1111,0.100,2
9268,tests/train_files/train_shallow_few_light_has_large_v01.simpl,5,2388.8892,0.100,41
9269,tests/train_files/train_shallow_few_light_has_large_v02.simpl,5,2200.0000,0.100,39
9270,tests/train_files/train_shallow_few_light_has_large_v03.simpl,5,2142.8572,0.100,39
9271,tests/train_files/train_shallow_few_light_has_medium_v01.simpl,5,1500.0000,0.100,6
9272,tests/train_files/train_shallow_few_light_has_medium_v02.simpl,5,1300.0000,0.100,4
9273,tests/train_files/train_shallow_few_light_has_medium_v03.simpl,5,730.7692,0.100,4
9274,tests/train_files/train_shallow_few_light_no_large_v01.simpl,5,1750.0000,0.100,37
9275,tests/train_files/train_shallow_few_light_no_large_v02.simpl,5,1590.9091,0.100,35
9276,tests/train_files/train_shallow_few_light_no_large_v03.simpl,5,2250.0000,0.100,37
9277,tests/train_files/train_shallow_few_light_no_medium_v01.simpl,5,571.4285,0.100,2
9278,tests/train_files/train_shallow_few_light_no_medium_v02.simpl,5,0.0000,0.100,0
9279,tests/train_files/train_shallow_few_light_no_medium_v03.simpl,5,611.1111,0.100,2
9280,tests/train_files/train_shallow_few_none_has_large_v01.simpl,5,2051.9480,0.100,43
9281,tests/train_files/train_shallow_few_none_has_large_v02.simpl,5,2552.9412,0.100,41
9282,tests/train_files/train_shallow_few_none_has_large_v03.simpl,5,1833.3333,0.100,41
9283,tests/train_files/train_shallow_few_none_has_medium_v01.simpl,5,1000.0000,0.100,6
9284,tests/train_files/train_shallow_few_none_has_medium_v02.simpl,5,800.0000,0.100,4
9285,tests/train_files/train_shallow_few_none_has_medium_v03.simpl,5,833.3333,0.100,4
9286,tests/train_files/train_shallow_few_none_no_large_v01.simpl,5,2361.1111,0.100,39
9287,tests/train_files/train_shallow_few_none_no_large_v02.simpl,5,1947.3685,0.100,37
9288,tests/train_files/train_shallow_few_none_no_large_v03.simpl,5,2100.0000,0.100,39
9289,tests/train_files/train_shallow_few_none_no_medium_v01.simpl,5,590.9091,0.100,2
9290,tests/train_files/train_shallow_few_none_no_medium_v02.simpl,5,0.0000,0.100,0
9291,tests/train_files/train_shallow_few_none_no_medium_v03.simpl,5,611.1111,0.100,2
9292,tests/train_files/train_shallow_many_dominated_has_large_v01.simpl,5,2983.3335,0.100,32
9293,tests/train_files/train_shallow_many_dominated_has_large_v02.simpl,5,2520.8333,0.100,29
9294,tests/train_files/train_shallow_many_dominated_has_large_v03.simpl,5,2477.7778,0.100,30
9295,tests/train_files/train_shallow_many_dominated_has_medium_v01.simpl,5,2499.9998,0.100,11
9296,tests/train_files/train_shallow_many_dominated_has_medium_v02.simpl,5,1750.0000,0.100,8
9297,tests/train_files/train_shallow_many_dominated_has_medium_v03.simpl,5,2617.6470,0.100,9
9298,tests/train_files/train_shallow_many_dominated_no_large_v01.simpl,5,2794.1177,0.100,31
9299,tests/train_files/train_shallow_many_dominated_no_large_v02.simpl,5,2566.6667,0.100,28
9300,tests/train_files/train_shallow_many_dominated_no_large_v03.simpl,5,2705.2632,0.100,29
9301,tests/train_files/train_shallow_many_dominated_no_medium_v01.simpl,5,2333.3333,0.100,10
9302,tests/train_files/train_shallow_many_dominated_no_medium_v02.simpl,5,1749.9999,0.100,7
9303,tests/train_files/train_shallow_many_dominated_no_medium_v03.simpl,5,2666.6667,0.100,8
9304,tests/train_files/train_shallow_many_light_has_large_v01.simpl,5,3364.7058,0.100,38
9305,tests/train_files/train_shallow_many_light_has_large_v02.simpl,5,2692.9827,0.100,35
9306,tests/train_files/train_shallow_many_light_has_large_v03.simpl,5,3061.1113,0.100,36
9307,tests/train_files/train_shallow_many_light_has_medium_v01.simpl,5,3583.3333,0.100,11
9308,tests/train_files/train_shallow_many_light_has_medium_v02.simpl,5,1726.1906,0.100,8
9309,tests/train_files/train_shallow_many_light_has_medium_v03.simpl,5,3166.6667,0.100,9
9310,tests/train_files/train_shallow_many_light_no_large_v01.simpl,5,3273.6841,0.100,37
9311,tests/train_files/train_shallow_many_light_no_large_v02.simpl,5,2587.7192,0.100,34
9312,tests/train_files/train_shallow_many_light_no_large_v03.simpl,5,2560.6060,0.100,35
9313,tests/train_files/train_shallow_many_light_no_medium_v01.simpl,5,3062.5000,0.100,10
9314,tests/train_files/train_shallow_many_light_no_medium_v02.simpl,5,2333.3333,0.100,7
9315,tests/train_files/train_shallow_many_light_no_medium_v03.simpl,5,2666.6667,0.100,8
9316,tests/train_files/train_shallow_many_none_has_large_v01.simpl,5,3250.8772,0.100,40
9317,tests/train_files/train_shallow_many_none_has_large_v02.simpl,5,2856.8625,0.100,37
9318,tests/train_files/train_shallow_many_none_has_large_v03.simpl,5,3176.1904,0.100,38
9319,tests/train_files/train_shallow_many_none_has_medium_v01.simpl,5,3106.0605,0.100,11
9320,tests/train_files/train_shallow_many_none_has_medium_v02.simpl,5,2403.8462,0.100,8
9321,tests/train_files/train_shallow_many_none_has_medium_v03.simpl,5,2653.8462,0.100,9
9322,tests/train_files/train_shallow_many_none_no_large_v01.simpl,5,3466.6667,0.100,39
9323,tests/train_files/train_shallow_many_none_no_large_v02.simpl,5,3011.1113,0.100,36
9324,tests/train_files/train_shallow_many_none_no_large_v03.simpl,5,2860.8696,0.100,37
9325,tests/train_files/train_shallow_many_none_no_medium_v01.simpl,5,4590.9092,0.100,10
9326,tests/train_files/train_shallow_many_none_no_medium_v02.simpl,5,2333.3333,0.100,7
9327,tests/train_files/train_shallow_many_none_no_medium_v03.simpl,5,1999.9999,0.100,8
9328,tests/train_files/train_shallow_none_dominated_no_large_v01.simpl,5,2000.0000,0.100,42
9329,tests/train_files/train_shallow_none_dominated_no_large_v02.simpl,5,2624.9998,0.100,42
9330,tests/train_files/train_shallow_none_dominated_no_large_v03.simpl,5,2000.0000,0.100,42
9331,tests/train_files/train_shallow_none_dominated_no_medium_v01.simpl,5,142.8571,0.100,1
9332,tests/train_files/train_shallow_none_dominated_no_medium_v02.simpl,5,142.8571,0.100,1
9333,tests/train_files/train_shallow_none_dominated_no_medium_v03.simpl,5,142.8571,0.100,1
9334,tests/train_files/train_shallow_none_none_no_large_v01.simpl,5,2210.5264,0.100,42
9335,tests/train_files/train_shallow_none_none_no_large_v02.simpl,5,2470.5881,0.100,42
9336,tests/train_files/train_shallow_none_none_no_large_v03.simpl,5,1826.0869,0.100,42
9337,tests/train_files/train_shallow_none_none_no_medium_v01.simpl,5,125.0000,0.100,1
9338,tests/train_files/train_shallow_none_none_no_medium_v02.simpl,5,125.0000,0.100,1
9339,tests/train_files/train_shallow_none_none_no_medium_v03.simpl,5,111.1111,0.100,1
9340,tests/train_files/train_shallow_none_none_no_tiny_v01.simpl,5,0.0000,0.100,0
9341,tests/train_files/train_shallow_none_none_no_tiny_v02.simpl,5,0.0000,0.100,0
9342,tests/train_files/train_shallow_none_none_no_tiny_v03.simpl,5,0.0000,0.100,0
9343,tests/train_files/train_deep_few_dominated_has_large_v01.simpl,5,1676.1906,0.100,32
9344,tests/train_files/train_deep_few_dominated_has_large_v02.simpl,5,1518.1819,0.100,30
9345,tests/train_files/train_deep_few_dominated_has_large_v03.simpl,5,1580.9524,0.100,30
9346,tests/train_files/train_deep_few_dominated_has_medium_v01.simpl,5,627.4510,0.100,6
9347,tests/train_files/train_deep_few_dominated_has_medium_v02.simpl,5,1187.4999,0.100,4
9348,tests/train_files/train_deep_few_dominated_has_medium_v03.simpl,5,1166.6666,0.100,4
9349,tests/train_files/train_deep_few_dominated_no_large_v01.simpl,5,1535.7144,0.100,28
9350,tests/train_files/train_deep_few_dominated_no_large_v02.simpl,5,1083.3334,0.100,26
9351,tests/train_files/train_deep_few_dominated_no_large_v03.simpl,5,1485.7144,0.100,28
9352,tests/train_files/train_deep_few_dominated_no_medium_v01.simpl,5,552.6315,0.100,2
9353,tests/train_files/train_deep_few_dominated_no_medium_v02.simpl,5,0.0000,0.100,0
9354,tests/train_files/train_deep_few_dominated_no_medium_v03.simpl,5,388.8889,0.100,2
9355,tests/train_files/train_deep_few_light_has_large_v01.simpl,5,1700.0000,0.100,34
9356,tests/train_files/train_deep_few_light_has_large_v02.simpl,5,1547.8260,0.100,32
9357,tests/train_files/train_deep_few_light_has_large_v03.simpl,5,1642.8572,0.100,32
9358,tests/train_files/train_deep_few_light_has_medium_v01.simpl,5,1333.3333,0.100,6
9359,tests/train_files/train_deep_few_light_has_medium_v02.simpl,5,1200.0000,0.100,4
9360,tests/train_files/train_deep_few_light_has_medium_v03.simpl,5,700.0000,0.100,4
9361,tests/train_files/train_deep_few_light_no_large_v01.simpl,5,1568.1819,0.100,30
9362,tests/train_files/train_deep_few_light_no_large_v02.simpl,5,1333.3334,0.100,28
9363,tests/train_files/train_deep_few_light_no_large_v03.simpl,5,1568.1819,0.100,30
9364,tests/train_files/train_deep_few_light_no_medium_v01.simpl,5,562.4999,0.100,2
9365,tests/train_files/train_deep_few_light_no_medium_v02.simpl,5,0.0000,0.100,0
9366,tests/train_files/train_deep_few_light_no_medium_v03.simpl,5,571.4285,0.100,2
9367,tests/train_files/train_deep_few_none_has_large_v01.simpl,5,1757.5757,0.100,36
9368,tests/train_files/train_deep_few_none_has_large_v02.simpl,5,1634.7826,0.100,34
9369,tests/train_files/train_deep_few_none_has_large_v03.simpl,5,1700.0000,0.100,34
9370,tests/train_files/train_deep_few_none_has_medium_v01.simpl,5,833.3333,0.100,6
9371,tests/train_files/train_deep_few_none_has_medium_v02.simpl,5,666.6666,0.100,4
9372,tests/train_files/train_deep_few_none_has_medium_v03.simpl,5,700.0000,0.100,4
9373,tests/train_files/train_deep_few_none_no_large_v01.simpl,5,1726.1906,0.100,32
9374,tests/train_files/train_deep_few_none_no_large_v02.simpl,5,1363.6364,0.100,30
9375,tests/train_files/train_deep_few_none_no_large_v03.simpl,5,1659.0909,0.100,32
9376,tests/train_files/train_deep_few_none_no_medium_v01.simpl,5,555.5555,0.100,2
9377,tests/train_files/train_deep_few_none_no_medium_v02.simpl,5,0.0000,0.100,0
9378,tests/train_files/train_deep_few_none_no_medium_v03.simpl,5,400.0000,0.100,2
9379,tests/train_files/train_deep_many_dominated_has_large_v01.simpl,5,2226.1904,0.100,25
9380,tests/train_files/train_deep_many_dominated_has_large_v02.simpl,5,2060.6060,0.100,22
9381,tests/train_files/train_deep_many_dominated_has_large_v03.simpl,5,2200.0000,0.100,23
9382,tests/train_files/train_deep_many_dominated_has_medium_v01.simpl,5,2019.6078,0.100,14
9383,tests/train_files/train_deep_many_dominated_has_medium_v02.simpl,5,1555.5555,0.100,10
9384,tests/train_files/train_deep_many_dominated_has_medium_v03.simpl,5,1922.2222,0.100,11
9385,tests/train_files/train_deep_many_dominated_no_large_v01.simpl,5,2181.8181,0.100,24
9386,tests/train_files/train_deep_many_dominated_no_large_v02.simpl,5,1750.0000,0.100,21
9387,tests/train_files/train_deep_many_dominated_no_large_v03.simpl,5,1893.3334,0.100,22
9388,tests/train_files/train_deep_many_dominated_no_medium_v01.simpl,5,1852.6316,0.100,10
9389,tests/train_files/train_deep_many_dominated_no_medium_v02.simpl,5,1749.9999,0.100,7
9390,tests/train_files/train_deep_many_dominated_no_medium_v03.simpl,5,1999.9999,0.100,8
9391,tests/train_files/train_deep_many_light_has_large_v01.simpl,5,2501.8518,0.100,31
9392,tests/train_files/train_deep_many_light_has_large_v02.simpl,5,2080.0000,0.100,28
9393,tests/train_files/train_deep_many_light_has_large_v03.simpl,5,2297.6189,0.100,29
9394,tests/train_files/train_deep_many_light_has_medium_v01.simpl,5,2108.3333,0.100,14
9395,tests/train_files/train_deep_many_light_has_medium_v02.simpl,5,1710.5264,0.100,10
9396,tests/train_files/train_deep_many_light_has_medium_v03.simpl,5,2222.2222,0.100,11
9397,tests/train_files/train_deep_many_light_no_large_v01.simpl,5,2335.7144,0.100,30
9398,tests/train_files/train_deep_many_light_no_large_v02.simpl,5,2000.0000,0.100,27
9399,tests/train_files/train_deep_many_light_no_large_v03.simpl,5,2242.4243,0.100,28
9400,tests/train_files/train_deep_many_light_no_medium_v01.simpl,5,2302.6316,0.100,10
9401,tests/train_files/train_deep_many_light_no_medium_v02.simpl,5,1749.9999,0.100,7
9402,tests/train_files/train_deep_many_light_no_medium_v03.simpl,5,1999.9999,0.100,8
9403,tests/train_files/train_deep_many_none_has_large_v01.simpl,5,2736.3638,0.100,33
9404,tests/train_files/train_deep_many_none_has_large_v02.simpl,5,2340.9092,0.100,30
9405,tests/train_files/train_deep_many_none_has_large_v03.simpl,5,2410.0000,0.100,31
9406,tests/train_files/train_deep_many_none_has_medium_v01.simpl,5,2458.3333,0.100,14
9407,tests/train_files/train_deep_many_none_has_medium_v02.simpl,5,1960.5264,0.100,10
9408,tests/train_files/train_deep_many_none_has_medium_v03.simpl,5,2235.2939,0.100,11
9409,tests/train_files/train_deep_many_none_no_large_v01.simpl,5,2950.0000,0.100,32
9410,tests/train_files/train_deep_many_none_no_large_v02.simpl,5,2123.1885,0.100,29
9411,tests/train_files/train_deep_many_none_no_large_v03.simpl,5,2250.0000,0.100,30
9412,tests/train_files/train_deep_many_none_no_medium_v01.simpl,5,2316.6667,0.100,10
9413,tests/train_files/train_deep_many_none_no_medium_v02.simpl,5,2333.3333,0.100,7
9414,tests/train_files/train_deep_many_none_no_medium_v03.simpl,5,1600.0000,0.100,8
9415,tests/train_files/train_deep_none_dominated_no_large_v01.simpl,5,1944.4446,0.100,35
9416,tests/train_files/train_deep_none_dominated_no_large_v02.simpl,5,2187.5000,0.100,35
9417,tests/train_files/train_deep_none_dominated_no_large_v03.simpl,5,1842.1053,0.100,35
9418,tests/train_files/train_deep_none_dominated_no_medium_v01.simpl,5,58.8235,0.100,1
9419,tests/train_files/train_deep_none_dominated_no_medium_v02.simpl,5,76.9231,0.100,1
9420,tests/train_files/train_deep_none_dominated_no_medium_v03.simpl,5,100.0000,0.100,1
9421,tests/train_files/train_deep_none_none_no_large_v01.simpl,5,1590.9091,0.100,35
9422,tests/train_files/train_deep_none_none_no_large_v02.simpl,5,1842.1053,0.100,35
9423,tests/train_files/train_deep_none_none_no_large_v03.simpl,5,1590.9091,0.100,35
9424,tests/train_files/train_deep_none_none_no_medium_v01.simpl,5,0.0000,0.100,0
9425,tests/train_files/train_deep_none_none_no_medium_v02.simpl,5,0.0000,0.100,0
9426,tests/train_files/train_deep_none_none_no_medium_v03.simpl,5,0.0000,0.100,0
9427,tests/train_files/train_none_few_dominated_has_large_v01.simpl,5,3577.7778,0.100,51
9428,tests/train_files/train_none_few_dominated_has_large_v02.simpl,5,4186.8130,0.100,51
9429,tests/train_files/train_none_few_dominated_has_large_v03.simpl,5,4282.0513,0.100,51
9430,tests/train_files/train_none_few_dominated_has_medium_v01.simpl,5,6333.3330,0.100,11
9431,tests/train_files/train_none_few_dominated_has_medium_v02.simpl,5,5749.9995,0.100,11
9432,tests/train_files/train_none_few_dominated_has_medium_v03.simpl,5,6333.3330,0.100,11
9433,tests/train_files/train_none_few_dominated_no_large_v01.simpl,5,4115.3843,0.100,51
9434,tests/train_files/train_none_few_dominated_no_large_v02.simpl,5,4773.8096,0.100,53
9435,tests/train_files/train_none_few_dominated_no_large_v03.simpl,5,4282.0513,0.100,51
9436,tests/train_files/train_none_few_dominated_no_medium_v01.simpl,5,6333.3330,0.100,11
9437,tests/train_files/train_none_few_dominated_no_medium_v02.simpl,5,4749.9995,0.100,13
9438,tests/train_files/train_none_few_dominated_no_medium_v03.simpl,5,3749.9998,0.100,11
9439,tests/train_files/train_none_few_light_has_large_v01.simpl,5,4269.2305,0.100,53
9440,tests/train_files/train_none_few_light_has_large_v02.simpl,5,3293.6509,0.100,53
9441,tests/train_files/train_none_few_light_has_large_v03.simpl,5,4654.7617,0.100,53
9442,tests/train_files/train_none_few_light_has_medium_v01.simpl,5,5999.9995,0.100,12
9443,tests/train_files/train_none_few_light_has_medium_v02.simpl,5,7999.9995,0.100,12
9444,tests/train_files/train_none_few_light_has_medium_v03.simpl,5,3999.9998,0.100,12
9445,tests/train_files/train_none_few_light_has_tiny_v01.simpl,5,5749.9995,0.100,11
9446,tests/train_files/train_none_few_light_has_tiny_v02.simpl,5,6333.3330,0.100,11
9447,tests/train_files/train_none_few_light_has_tiny_v03.simpl,5,3083.3333,0.100,11
9448,tests/train_files/train_none_few_light_no_large_v01.simpl,5,4340.6592,0.100,53
9449,tests/train_files/train_none_few_light_no_large_v02.simpl,5,4519.2305,0.100,55
9450,tests/train_files/train_none_few_light_no_large_v03.simpl,5,4071.4285,0.100,53
9451,tests/train_files/train_none_few_light_no_medium_v01.simpl,5,6666.6665,0.100,12
9452,tests/train_files/train_none_few_light_no_medium_v02.simpl,5,5666.6665,0.100,14
9453,tests/train_files/train_none_few_light_no_medium_v03.simpl,5,5999.9995,0.100,12
9454,tests/train_files/train_none_few_light_no_tiny_v01.simpl,5,4333.3330,0.100,11
9455,tests/train_files/train_none_few_light_no_tiny_v02.simpl,5,5333.3330,0.100,13
9456,tests/train_files/train_none_few_light_no_tiny_v03.simpl,5,6333.3330,0.100,11
9457,tests/train_files/train_none_few_none_has_large_v01.simpl,5,4142.8569,0.100,55
9458,tests/train_files/train_none_few_none_has_large_v02.simpl,5,3571.4282,0.100,55
9459,tests/train_files/train_none_few_none_has_large_v03.simpl,5,3499.9998,0.100,55
9460,tests/train_files/train_none_few_none_has_medium_v01.simpl,5,7333.3330,0.100,14
9461,tests/train_files/train_none_few_none_has_medium_v02.simpl,5,4500.0000,0.100,14
9462,tests/train_files/train_none_few_none_has_medium_v03.simpl,5,5333.3330,0.100,14
9463,tests/train_files/train_none_few_none_has_tiny_v01.simpl,5,6333.3330,0.100,11
9464,tests/train_files/train_none_few_none_has_tiny_v02.simpl,5,3749.9998,0.100,11
9465,tests/train_files/train_none_few_none_has_tiny_v03.simpl,5,4333.3330,0.100,11
9466,tests/train_files/train_none_few_none_no_large_v01.simpl,5,3687.4998,0.100,55
9467,tests/train_files/train_none_few_none_no_large_v02.simpl,5,4392.8569,0.100,57
9468,tests/train_files/train_none_few_none_no_large_v03.simpl,5,4494.5054,0.100,55
9469,tests/train_files/train_none_few_none_no_medium_v01.simpl,5,6500.0000,0.100,14
9470,tests/train_files/train_none_few_none_no_medium_v02.simpl,5,5500.0000,0.100,16
9471,tests/train_files/train_none_few_none_no_medium_v03.simpl,5,4500.0000,0.100,14
9472,tests/train_files/train_none_few_none_no_tiny_v01.simpl,5,6333.3330,0.100,11
9473,tests/train_files/train_none_few_none_no_tiny_v02.simpl,5,4749.9995,0.100,13
9474,tests/train_files/train_none_few_none_no_tiny_v03.simpl,5,6333.3330,0.100,11
9475,tests/train_files/train_none_many_dominated_has_large_v01.simpl,5,4742.4243,0.100,48
9476,tests/train_files/train_none_many_dominated_has_large_v02.simpl,5,4916.6665,0.100,51
9477,tests/train_files/train_none_many_dominated_has_large_v03.simpl,5,4440.4761,0.100,49
9478,tests/train_files/train_none_many_dominated_has_medium_v01.simpl,5,5500.0000,0.100,20
9479,tests/train_files/train_none_many_dominated_has_medium_v02.simpl,5,5666.6670,0.100,23
9480,tests/train_files/train_none_many_dominated_has_medium_v03.simpl,5,6000.0000,0.100,21
9481,tests/train_files/train_none_many_dominated_no_large_v01.simpl,5,4250.0000,0.100,47
9482,tests/train_files/train_none_many_dominated_no_large_v02.simpl,5,4750.0000,0.100,50
9483,tests/train_files/train_none_many_dominated_no_large_v03.simpl,5,4583.3330,0.100,48
9484,tests/train_files/train_none_many_dominated_no_medium_v01.simpl,5,7000.0000,0.100,19
9485,tests/train_files/train_none_many_dominated_no_medium_v02.simpl,5,5642.8569,0.100,22
9486,tests/train_files/train_none_many_dominated_no_medium_v03.simpl,5,5000.0000,0.100,20
9487,tests/train_files/train_none_many_light_has_large_v01.simpl,5,4483.5166,0.100,54
9488,tests/train_files/train_none_many_light_has_large_v02.simpl,5,4642.8569,0.100,57
9489,tests/train_files/train_none_many_light_has_large_v03.simpl,5,4769.2305,0.100,55
9490,tests/train_files/train_none_many_light_has_medium_v01.simpl,5,4666.6665,0.100,20
9491,tests/train_files/train_none_many_light_has_medium_v02.simpl,5,5666.6670,0.100,23
9492,tests/train_files/train_none_many_light_has_medium_v03.simpl,5,6000.0000,0.100,21
9493,tests/train_files/train_none_many_light_no_large_v01.simpl,5,4340.6592,0.100,53
9494,tests/train_files/train_none_many_light_no_large_v02.simpl,5,5083.3330,0.100,56
9495,tests/train_files/train_none_many_light_no_large_v03.simpl,5,4214.2856,0.100,54
9496,tests/train_files/train_none_many_light_no_medium_v01.simpl,5,5749.9995,0.100,19
9497,tests/train_files/train_none_many_light_no_medium_v02.simpl,5,7249.9995,0.100,22
9498,tests/train_files/train_none_many_light_no_medium_v03.simpl,5,6250.0000,0.100,20
9499,tests/train_files/train_none_many_none_has_large_v01.simpl,5,3458.3335,0.100,56
9500,tests/train_files/train_none_many_none_has_large_v02.simpl,5,5065.9341,0.100,59
9501,tests/train_files/train_none_many_none_has_large_v03.simpl,5,4780.2197,0.100,57
9502,tests/train_files/train_none_many_none_has_medium_v01.simpl,5,5500.0000,0.100,20
9503,tests/train_files/train_none_many_none_has_medium_v02.simpl,5,5666.6670,0.100,23
9504,tests/train_files/train_none_many_none_has_medium_v03.simpl,5,6000.0000,0.100,21
9505,tests/train_files/train_none_many_none_no_large_v01.simpl,5,4423.0767,0.100,55
9506,tests/train_files/train_none_many_none_no_large_v02.simpl,5,4923.0767,0.100,58
9507,tests/train_files/train_none_many_none_no_large_v03.simpl,5,5083.3335,0.100,56
9508,tests/train_files/train_none_many_none_no_medium_v01.simpl,5,5000.0000,0.100,19
9509,tests/train_files/train_none_many_none_no_medium_v02.simpl,5,7249.9995,0.100,22
9510,tests/train_files/train_none_many_none_no_medium_v03.simpl,5,4666.6665,0.100,20
9511,tests/train_files/train_none_none_dominated_no_large_v01.simpl,5,3500.0000,0.100,49
9512,tests/train_files/train_none_none_dominated_no_large_v02.simpl,5,2882.3528,0.100,49
9513,tests/train_files/train_none_none_dominated_no_large_v03.simpl,5,3062.4998,0.100,49
9514,tests/train_files/train_none_none_dominated_no_medium_v01.simpl,5,1999.9999,0.100,8
9515,tests/train_files/train_none_none_dominated_no_medium_v02.simpl,5,1999.9999,0.100,8
9516,tests/train_files/train_none_none_dominated_no_medium_v03.simpl,5,1999.9999,0.100,8
9517,tests/train_files/train_none_none_dominated_no_tiny_v01.simpl,5,333.3333,0.100,1
9518,tests/train_files/train_none_none_dominated_no_tiny_v02.simpl,5,333.3333,0.100,1
9519,tests/train_files/train_none_none_dominated_no_tiny_v03.simpl,5,500.0000,0.100,1
9520,tests/train_files/train_none_none_none_no_large_v01.simpl,5,3205.3569,0.100,50
9521,tests/train_files/train_none_none_none_no_large_v02.simpl,5,3205.3569,0.100,50
9522,tests/train_files/train_none_none_none_no_large_v03.simpl,5,3894.2307,0.100,50
9523,tests/train_files/train_none_none_none_no_medium_v01.simpl,5,3666.6667,0.100,9
9524,tests/train_files/train_none_none_none_no_medium_v02.simpl,5,1999.9999,0.100,9
9525,tests/train_files/train_none_none_none_no_medium_v03.simpl,5,2999.9998,0.100,9
9526,tests/train_files/train_none_none_none_no_tiny_v01.simpl,5,1333.3333,0.100,2
9527,tests/train_files/train_none_none_none_no_tiny_v02.simpl,5,1499.9999,0.100,2
9528,tests/train_files/train_none_none_none_no_tiny_v03.simpl,5,1333.3333,0.100,2
9529,tests/train_files/train_shallow_few_dominated_has_large_v01.simpl,5,2378.1511,0.100,39
9530,tests/train_files/train_shallow_few_dominated_has_large_v02.simpl,5,2250.0000,0.100,37
9531,tests/train_files/train_shallow_few_dominated_has_large_v03.simpl,5,2094.7368,0.100,37
9532,tests/train_files/train_shallow_few_dominated_has_medium_v01.simpl,5,1500.0000,0.100,6
9533,tests/train_files/train_shallow_few_dominated_has_medium_v02.simpl,5,1300.0000,0.100,4
9534,tests/train_files/train_shallow_few_dominated_has_medium_v03.simpl,5,800.0000,0.100,4
9535,tests/train_files/train_shallow_few_dominated_no_large_v01.simpl,5,1560.0000,0.100,35
9536,tests/train_files/train_shallow_few_dominated_no_large_v02.simpl,5,1736.8422,0.100,33
9537,tests/train_files/train_shallow_few_dominated_no_large_v03.simpl,5,1869.0476,0.100,35
9538,tests/train_files/train_shallow_few_dominated_no_medium_v01.simpl,5,590.9091,0.100,2
9539,tests/train_files/train_shallow_few_dominated_no_medium_v02.simpl,5,0.0000,0.100,0
9540,tests/train_files/train_shallow_few_dominated_no_medium_v03.simpl,5,424.2424,0.100,2
9541,tests/train_files/train_shallow_few_light_has_large_v01.simpl,5,1905.7970,0.100,41
9542,tests/train_files/train_shallow_few_light_has_large_v02.simpl,5,2066.6667,0.100,39
9543,tests/train_files/train_shallow_few_light_has_large_v03.simpl,5,1893.9393,0.100,39
9544,tests/train_files/train_shallow_few_light_has_medium_v01.simpl,5,1055.5555,0.100,6
9545,tests/train_files/train_shallow_few_light_has_medium_v02.simpl,5,1333.3333,0.100,4
9546,tests/train_files/train_shallow_few_light_has_medium_v03.simpl,5,800.0000,0.100,4
9547,tests/train_files/train_shallow_few_light_no_large_v01.simpl,5,2228.0703,0.100,37
9548,tests/train_files/train_shallow_few_light_no_large_v02.simpl,5,1944.4446,0.100,35
9549,tests/train_files/train_shallow_few_light_no_large_v03.simpl,5,1815.2174,0.100,37
9550,tests/train_files/train_shallow_few_light_no_medium_v01.simpl,5,600.0000,0.100,2
9551,tests/train_files/train_shallow_few_light_no_medium_v02.simpl,5,0.0000,0.100,0
9552,tests/train_files/train_shallow_few_light_no_medium_v03.simpl,5,410.2564,0.100,2
9553,tests/train_files/train_shallow_few_none_has_large_v01.simpl,5,2377.1931,0.100,43
9554,tests/train_files/train_shallow_few_none_has_large_v02.simpl,5,2666.6667,0.100,41
9555,tests/train_files/train_shallow_few_none_has_large_v03.simpl,5,1961.0391,0.100,41
9556,tests/train_files/train_shallow_few_none_has_medium_v01.simpl,5,1500.0000,0.100,6
9557,tests/train_files/train_shallow_few_none_has_medium_v02.simpl,5,800.0000,0.100,4
9558,tests/train_files/train_shallow_few_none_has_medium_v03.simpl,5,772.7272,0.100,4
9559,tests/train_files/train_shallow_few_none_no_large_v01.simpl,5,1833.3334,0.100,39
9560,tests/train_files/train_shallow_few_none_no_large_v02.simpl,5,2055.5557,0.100,37
9561,tests/train_files/train_shallow_few_none_no_large_v03.simpl,5,2150.0000,0.100,39
9562,tests/train_files/train_shallow_few_none_no_medium_v01.simpl,5,590.9091,0.100,2
9563,tests/train_files/train_shallow_few_none_no_medium_v02.simpl,5,0.0000,0.100,0
9564,tests/train_files/train_shallow_few_none_no_medium_v03.simpl,5,590.9091,0.100,2
9565,tests/train_files/train_shallow_many_dominated_has_large_v01.simpl,5,2513.1580,0.100,32
9566,tests/train_files/train_shallow_many_dominated_has_large_v02.simpl,5,2611.1111,0.100,29
9567,tests/train_files/train_shallow_many_dominated_has_large_v03.simpl,5,2660.5264,0.100,30
9568,tests/train_files/train_shallow_many_dominated_has_medium_v01.simpl,5,2314.1023,0.100,11
9569,tests/train_files/train_shallow_many_dominated_has_medium_v02.simpl,5,1903.8462,0.100,8
9570,tests/train_files/train_shallow_many_dominated_has_medium_v03.simpl,5,2142.8569,0.100,9
9571,tests/train_files/train_shallow_many_dominated_no_large_v01.simpl,5,2794.1177,0.100,31
9572,tests/train_files/train_shallow_many_dominated_no_large_v02.simpl,5,2566.6667,0.100,28
9573,tests/train_files/train_shallow_many_dominated_no_large_v03.simpl,5,2705.2632,0.100,29
9574,tests/train_files/train_shallow_many_dominated_no_medium_v01.simpl,5,2312.5000,0.100,10
9575,tests/train_files/train_shallow_many_dominated_no_medium_v02.simpl,5,1749.9999,0.100,7
9576,tests/train_files/train_shallow_many_dominated_no_medium_v03.simpl,5,1999.9999,0.100,8
9577,tests/train_files/train_shallow_many_light_has_large_v01.simpl,5,3100.0000,0.100,38
9578,tests/train_files/train_shallow_many_light_has_large_v02.simpl,5,2861.1113,0.100,35
9579,tests/train_files/train_shallow_many_light_has_large_v03.simpl,5,2816.6667,0.100,36
9580,tests/train_files/train_shallow_many_light_has_medium_v01.simpl,5,3083.3333,0.100,11
9581,tests/train_files/train_shallow_many_light_has_medium_v02.simpl,5,1642.8572,0.100,8
9582,tests/train_files/train_shallow_many_light_has_medium_v03.simpl,5,2642.8572,0.100,9
9583,tests/train_files/train_shallow_many_light_no_large_v01.simpl,5,2833.3335,0.100,37
9584,tests/train_files/train_shallow_many_light_no_large_v02.simpl,5,2666.6667,0.100,34
9585,tests/train_files/train_shallow_many_light_no_large_v03.simpl,5,3100.0000,0.100,35
9586,tests/train_files/train_shallow_many_light_no_medium_v01.simpl,5,2312.5000,0.100,10
9587,tests/train_files/train_shallow_many_light_no_medium_v02.simpl,5,2333.3333,0.100,7
9588,tests/train_files/train_shallow_many_light_no_medium_v03.simpl,5,2666.6667,0.100,8
9589,tests/train_files/train_shallow_many_none_has_large_v01.simpl,5,3727.7778,0.100,40
9590,tests/train_files/train_shallow_many_none_has_large_v02.simpl,5,2755.5557,0.100,37
9591,tests/train_files/train_shallow_many_none_has_large_v03.simpl,5,2859.0908,0.100,38
9592,tests/train_files/train_shallow_many_none_has_medium_v01.simpl,5,3083.3333,0.100,11
9593,tests/train_files/train_shallow_many_none_has_medium_v02.simpl,5,2320.5127,0.100,8
9594,tests/train_files/train_shallow_many_none_has_medium_v03.simpl,5,2653.8462,0.100,9
9595,tests/train_files/train_shallow_many_none_no_large_v01.simpl,5,3466.6667,0.100,39
9596,tests/train_files/train_shallow_many_none_no_large_v02.simpl,5,2926.3159,0.100,36
9597,tests/train_files/train_shallow_many_none_no_large_v03.simpl,5,3211.1113,0.100,37
9598,tests/train_files/train_shallow_many_none_no_medium_v01.simpl,5,3083.3333,0.100,10
9599,tests/train_files/train_shallow_many_none_no_medium_v02.simpl,5,2333.3333,0.100,7
9600,tests/train_files/train_shallow_many_none_no_medium_v03.simpl,5,1999.9999,0.100,8
9601,tests/train_files/train_shallow_none_dominated_no_large_v01.simpl,5,2624.9998,0.100,42
9602,tests/train_files/train_shallow_none_dominated_no_large_v02.simpl,5,2624.9998,0.100,42
9603,tests/train_files/train_shallow_none_dominated_no_large_v03.simpl,5,2210.5264,0.100,42
9604,tests/train_files/train_shallow_none_dominated_no_medium_v01.simpl,5,142.8571,0.100,1
9605,tests/train_files/train_shallow_none_dominated_no_medium_v02.simpl,5,142.8571,0.100,1
9606,tests/train_files/train_shallow_none_dominated_no_medium_v03.simpl,5,125.0000,0.100,1
9607,tests/train_files/train_shallow_none_none_no_large_v01.simpl,5,2100.0000,0.100,42
9608,tests/train_files/train_shallow_none_none_no_large_v02.simpl,5,2100.0000,0.100,42
9609,tests/train_files/train_shallow_none_none_no_large_v03.simpl,5,1826.0869,0.100,42
9610,tests/train_files/train_shallow_none_none_no_medium_v01.simpl,5,142.8571,0.100,1
9611,tests/train_files/train_shallow_none_none_no_medium_v02.simpl,5,111.1111,0.100,1
9612,tests/train_files/train_shallow_none_none_no_medium_v03.simpl,5,125.0000,0.100,1
9613,tests/train_files/train_shallow_none_none_no_tiny_v01.simpl,5,0.0000,0.100,0
9614,tests/train_files/train_shallow_none_none_no_tiny_v02.simpl,5,0.0000,0.100,0
9615,tests/train_files/train_shallow_none_none_no_tiny_v03.simpl,5,0.0000,0.100,0
9616,tests/train_files/train_deep_few_dominated_has_large_v01.simpl,5,1491.6666,0.100,32
9617,tests/train_files/train_deep_few_dominated_has_large_v02.simpl,5,1630.9524,0.100,30
9618,tests/train_files/train_deep_few_dominated_has_large_v03.simpl,5,1650.0000,0.100,30
9619,tests/train_files/train_deep_few_dominated_has_medium_v01.simpl,5,1333.3333,0.100,6
9620,tests/train_files/train_deep_few_dominated_has_medium_v02.simpl,5,1214.2856,0.100,4
9621,tests/train_files/train_deep_few_dominated_has_medium_v03.simpl,5,1214.2856,0.100,4
9622,tests/train_files/train_deep_few_dominated_no_large_v01.simpl,5,1550.0000,0.100,28
9623,tests/train_files/train_deep_few_dominated_no_large_v02.simpl,5,1238.0952,0.100,26
9624,tests/train_files/train_deep_few_dominated_no_large_v03.simpl,5,1485.7144,0.100,28
9625,tests/train_files/train_deep_few_dominated_no_medium_v01.simpl,5,400.0000,0.100,2
9626,tests/train_files/train_deep_few_dominated_no_medium_v02.simpl,5,0.0000,0.100,0
9627,tests/train_files/train_deep_few_dominated_no_medium_v03.simpl,5,395.8333,0.100,2
9628,tests/train_files/train_deep_few_light_has_large_v01.simpl,5,1684.7826,0.100,34
9629,tests/train_files/train_deep_few_light_has_large_v02.simpl,5,1726.1906,0.100,32
9630,tests/train_files/train_deep_few_light_has_large_v03.simpl,5,1609.0909,0.100,32
9631,tests/train_files/train_deep_few_light_has_medium_v01.simpl,5,833.3333,0.100,6
9632,tests/train_files/train_deep_few_light_has_medium_v02.simpl,5,687.4999,0.100,4
9633,tests/train_files/train_deep_few_light_has_medium_v03.simpl,5,1187.4999,0.100,4
9634,tests/train_files/train_deep_few_light_no_large_v01.simpl,5,1510.8695,0.100,30
9635,tests/train_files/train_deep_few_light_no_large_v02.simpl,5,1272.7273,0.100,28
9636,tests/train_files/train_deep_few_light_no_large_v03.simpl,5,1580.9524,0.100,30
9637,tests/train_files/train_deep_few_light_no_medium_v01.simpl,5,566.6666,0.100,2
9638,tests/train_files/train_deep_few_light_no_medium_v02.simpl,5,0.0000,0.100,0
9639,tests/train_files/train_deep_few_light_no_medium_v03.simpl,5,404.7619,0.100,2
9640,tests/train_files/train_deep_few_none_has_large_v01.simpl,5,1950.0000,0.100,36
9641,tests/train_files/train_deep_few_none_has_large_v02.simpl,5,1520.0000,0.100,34
9642,tests/train_files/train_deep_few_none_has_large_v03.simpl,5,1634.7826,0.100,34
9643,tests/train_files/train_deep_few_none_has_medium_v01.simpl,5,833.3333,0.100,6
9644,tests/train_files/train_deep_few_none_has_medium_v02.simpl,5,533.3334,0.100,4
9645,tests/train_files/train_deep_few_none_has_medium_v03.simpl,5,1200.0000,0.100,4
9646,tests/train_files/train_deep_few_none_no_large_v01.simpl,5,1726.1906,0.100,32
9647,tests/train_files/train_deep_few_none_no_large_v02.simpl,5,1363.6364,0.100,30
9648,tests/train_files/train_deep_few_none_no_large_v03.simpl,5,1597.8260,0.100,32
9649,tests/train_files/train_deep_few_none_no_medium_v01.simpl,5,404.7619,0.100,2
9650,tests/train_files/train_deep_few_none_no_medium_v02.simpl,5,0.0000,0.100,0
9651,tests/train_files/train_deep_few_none_no_medium_v03.simpl,5,562.4999,0.100,2
9652,tests/train_files/train_deep_many_dominated_has_large_v01.simpl,5,2144.7368,0.100,25
9653,tests/train_files/train_deep_many_dominated_has_large_v02.simpl,5,1890.0000,0.100,22
9654,tests/train_files/train_deep_many_dominated_has_large_v03.simpl,5,1834.4155,0.100,23
9655,tests/train_files/train_deep_many_dominated_has_medium_v01.simpl,5,2233.3333,0.100,14
9656,tests/train_files/train_deep_many_dominated_has_medium_v02.simpl,5,1722.2222,0.100,10
9657,tests/train_files/train_deep_many_dominated_has_medium_v03.simpl,5,1543.8597,0.100,11
9658,tests/train_files/train_deep_many_dominated_no_large_v01.simpl,5,2100.0000,0.100,24
9659,tests/train_files/train_deep_many_dominated_no_large_v02.simpl,5,1833.3333,0.100,21
9660,tests/train_files/train_deep_many_dominated_no_large_v03.simpl,5,2000.0000,0.100,22
9661,tests/train_files/train_deep_many_dominated_no_medium_v01.simpl,5,1855.5555,0.100,10
9662,tests/train_files/train_deep_many_dominated_no_medium_v02.simpl,5,1400.0000,0.100,7
9663,tests/train_files/train_deep_many_dominated_no_medium_v03.simpl,5,1999.9999,0.100,8
9664,tests/train_files/train_deep_many_light_has_large_v01.simpl,5,2375.0000,0.100,31
9665,tests/train_files/train_deep_many_light_has_large_v02.simpl,5,2166.6665,0.100,28
9666,tests/train_files/train_deep_many_light_has_large_v03.simpl,5,2200.0000,0.100,29
9667,tests/train_files/train_deep_many_light_has_medium_v01.simpl,5,3102.9409,0.100,14
9668,tests/train_files/train_deep_many_light_has_medium_v02.simpl,5,1972.2222,0.100,10
9669,tests/train_files/train_deep_many_light_has_medium_v03.simpl,5,1910.5264,0.100,11
9670,tests/train_files/train_deep_many_light_no_large_v01.simpl,5,2285.7144,0.100,30
9671,tests/train_files/train_deep_many_light_no_large_v02.simpl,5,2075.7576,0.100,27
9672,tests/train_files/train_deep_many_light_no_large_v03.simpl,5,2202.8984,0.100,28
9673,tests/train_files/train_deep_many_light_no_medium_v01.simpl,5,2312.5000,0.100,10
9674,tests/train_files/train_deep_many_light_no_medium_v02.simpl,5,1400.0000,0.100,7
9675,tests/train_files/train_deep_many_light_no_medium_v03.simpl,5,1999.9999,0.100,8
9676,tests/train_files/train_deep_many_none_has_large_v01.simpl,5,2786.3638,0.100,33
9677,tests/train_files/train_deep_many_none_has_large_v02.simpl,5,2126.8115,0.100,30
9678,tests/train_files/train_deep_many_none_has_large_v03.simpl,5,2243.4783,0.100,31
9679,tests/train_files/train_deep_many_none_has_medium_v01.simpl,5,2602.9409,0.100,14
9680,tests/train_files/train_deep_many_none_has_medium_v02.simpl,5,1735.2941,0.100,10
9681,tests/train_files/train_deep_many_none_has_medium_v03.simpl,5,2055.5554,0.100,11
9682,tests/train_files/train_deep_many_none_no_large_v01.simpl,5,2545.4546,0.100,32
9683,tests/train_files/train_deep_many_none_no_large_v02.simpl,5,2356.5217,0.100,29
9684,tests/train_files/train_deep_many_none_no_large_v03.simpl,5,2600.0000,0.100,30
9685,tests/train_files/train_deep_many_none_no_medium_v01.simpl,5,2316.6667,0.100,10
9686,tests/train_files/train_deep_many_none_no_medium_v02.simpl,5,1749.9999,0.100,7
9687,tests/train_files/train_deep_many_none_no_medium_v03.simpl,5,1999.9999,0.100,8
9688,tests/train_files/train_deep_none_dominated_no_large_v01.simpl,5,1750.0000,0.100,35
9689,tests/train_files/train_deep_none_dominated_no_large_v02.simpl,5,1944.4446,0.100,35
9690,tests/train_files/train_deep_none_dominated_no_large_v03.simpl,5,1521.7391,0.100,35
9691,tests/train_files/train_deep_none_dominated_no_medium_v01.simpl,5,83.3333,0.100,1
9692,tests/train_files/train_deep_none_dominated_no_medium_v02.simpl,5,100.0000,0.100,1
9693,tests/train_files/train_deep_none_dominated_no_medium_v03.simpl,5,55.5556,0.100,1
9694,tests/train_files/train_deep_none_none_no_large_v01.simpl,5,1842.1053,0.100,35
9695,tests/train_files/train_deep_none_none_no_large_v02.simpl,5,1590.9091,0.100,35
9696,tests/train_files/train_deep_none_none_no_large_v03.simpl,5,1666.6667,0.100,35
9697,tests/train_files/train_deep_none_none_no_medium_v01.simpl,5,0.0000,0.100,0
9698,tests/train_files/train_deep_none_none_no_medium_v02.simpl,5,0.0000,0.100,0
9699,tests/train_files/train_deep_none_none_no_medium_v03.simpl,5,0.0000,0.100,0
9700,tests/train_files/train_none_few_dominated_has_large_v01.simpl,5,4186.8130,0.100,51
9701,tests/train_files/train_none_few_dominated_has_large_v02.simpl,5,4186.8130,0.100,51
9702,tests/train_files/train_none_few_dominated_has_large_v03.simpl,5,4583.3335,0.100,51
9703,tests/train_files/train_none_few_dominated_has_medium_v01.simpl,5,4874.9995,0.100,11
9704,tests/train_files/train_none_few_dominated_has_medium_v02.simpl,5,4333.3330,0.100,11
9705,tests/train_files/train_none_few_dominated_has_medium_v03.simpl,5,5749.9995,0.100,11
9706,tests/train_files/train_none_few_dominated_no_large_v01.simpl,5,4282.0513,0.100,51
9707,tests/train_files/train_none_few_dominated_no_large_v02.simpl,5,4214.2856,0.100,53
9708,tests/train_files/train_none_few_dominated_no_large_v03.simpl,5,4282.0513,0.100,51
9709,tests/train_files/train_none_few_dominated_no_medium_v01.simpl,5,6333.3330,0.100,11
9710,tests/train_files/train_none_few_dominated_no_medium_v02.simpl,5,8333.3330,0.100,13
9711,tests/train_files/train_none_few_dominated_no_medium_v03.simpl,5,6333.3330,0.100,11
9712,tests/train_files/train_none_few_light_has_large_v01.simpl,5,4000.0000,0.100,53
9713,tests/train_files/train_none_few_light_has_large_v02.simpl,5,4340.6592,0.100,53
9714,tests/train_files/train_none_few_light_has_large_v03.simpl,5,4654.7617,0.100,53
9715,tests/train_files/train_none_few_light_has_medium_v01.simpl,5,5999.9995,0.100,12
9716,tests/train_files/train_none_few_light_has_medium_v02.simpl,5,5999.9995,0.100,12
9717,tests/train_files/train_none_few_light_has_medium_v03.simpl,5,3999.9998,0.100,12
9718,tests/train_files/train_none_few_light_has_tiny_v01.simpl,5,3749.9998,0.100,11
9719,tests/train_files/train_none_few_light_has_tiny_v02.simpl,5,6333.3330,0.100,11
9720,tests/train_files/train_none_few_light_has_tiny_v03.simpl,5,6333.3330,0.100,11
9721,tests/train_files/train_none_few_light_no_large_v01.simpl,5,3766.6667,0.100,53
9722,tests/train_files/train_none_few_light_no_large_v02.simpl,5,4519.2305,0.100,55
9723,tests/train_files/train_none_few_light_no_large_v03.simpl,5,4071.4285,0.100,53
9724,tests/train_files/train_none_few_light_no_medium_v01.simpl,5,4666.6665,0.100,12
9725,tests/train_files/train_none_few_light_no_medium_v02.simpl,5,8666.6660,0.100,14
9726,tests/train_files/train_none_few_light_no_medium_v03.simpl,5,6666.6665,0.100,12
9727,tests/train_files/train_none_few_light_no_tiny_v01.simpl,5,4333.3330,0.100,11
9728,tests/train_files/train_none_few_light_no_tiny_v02.simpl,5,7749.9995,0.100,13
9729,tests/train_files/train_none_few_light_no_tiny_v03.simpl,5,3749.9998,0.100,11
9730,tests/train_files/train_none_few_none_has_large_v01.simpl,5,4142.8569,0.100,55
9731,tests/train_files/train_none_few_none_has_large_v02.simpl,5,3900.0000,0.100,55
9732,tests/train_files/train_none_few_none_has_large_v03.simpl,5,3666.6665,0.100,55
9733,tests/train_files/train_none_few_none_has_medium_v01.simpl,5,3250.0000,0.100,14
9734,tests/train_files/train_none_few_none_has_medium_v02.simpl,5,5333.3330,0.100,14
9735,tests/train_files/train_none_few_none_has_medium_v03.simpl,5,4500.0000,0.100,14
9736,tests/train_files/train_none_few_none_has_tiny_v01.simpl,5,6333.3330,0.100,11
9737,tests/train_files/train_none_few_none_has_tiny_v02.simpl,5,5749.9995,0.100,11
9738,tests/train_files/train_none_few_none_has_tiny_v03.simpl,5,3749.9998,0.100,11
9739,tests/train_files/train_none_few_none_no_large_v01.simpl,5,3844.4443,0.100,55
9740,tests/train_files/train_none_few_none_no_large_v02.simpl,5,3937.4998,0.100,57
9741,tests/train_files/train_none_few_none_no_large_v03.simpl,5,4142.8569,0.100,55
9742,tests/train_files/train_none_few_none_no_medium_v01.simpl,5,6333.3335,0.100,14
9743,tests/train_files/train_none_few_none_no_medium_v02.simpl,5,6333.3330,0.100,16
9744,tests/train_files/train_none_few_none_no_medium_v03.simpl,5,3250.0000,0.100,14
9745,tests/train_files/train_none_few_none_no_tiny_v01.simpl,5,6333.3330,0.100,11
9746,tests/train_files/train_none_few_none_no_tiny_v02.simpl,5,8333.3330,0.100,13
9747,tests/train_files/train_none_few_none_no_tiny_v03.simpl,5,4333.3330,0.100,11
9748,tests/train_files/train_none_many_dominated_has_large_v01.simpl,5,4416.6665,0.100,48
9749,tests/train_files/train_none_many_dominated_has_large_v02.simpl,5,4916.6665,0.100,51
9750,tests/train_files/train_none_many_dominated_has_large_v03.simpl,5,4783.3330,0.100,49
9751,tests/train_files/train_none_many_dominated_has_medium_v01.simpl,5,4666.6665,0.100,20
9752,tests/train_files/train_none_many_dominated_has_medium_v02.simpl,5,4500.0000,0.100,23
9753,tests/train_files/train_none_many_dominated_has_medium_v03.simpl,5,5000.0000,0.100,21
9754,tests/train_files/train_none_many_dominated_no_large_v01.simpl,5,4250.0000,0.100,47
9755,tests/train_files/train_none_many_dominated_no_large_v02.simpl,5,4474.3589,0.100,50
9756,tests/train_files/train_none_many_dominated_no_large_v03.simpl,5,4583.3330,0.100,48
9757,tests/train_files/train_none_many_dominated_no_medium_v01.simpl,5,5749.9995,0.100,19
9758,tests/train_files/train_none_many_dominated_no_medium_v02.simpl,5,6000.0000,0.100,22
9759,tests/train_files/train_none_many_dominated_no_medium_v03.simpl,5,5500.0000,0.100,20
9760,tests/train_files/train_none_many_light_has_large_v01.simpl,5,4125.0000,0.100,54
9761,tests/train_files/train_none_many_light_has_large_v02.simpl,5,4769.2305,0.100,57
9762,tests/train_files/train_none_many_light_has_large_v03.simpl,5,4769.2305,0.100,55
9763,tests/train_files/train_none_many_light_has_medium_v01.simpl,5,5500.0000,0.100,20
9764,tests/train_files/train_none_many_light_has_medium_v02.simpl,5,3916.6667,0.100,23
9765,tests/train_files/train_none_many_light_has_medium_v03.simpl,5,6000.0000,0.100,21
9766,tests/train_files/train_none_many_light_no_large_v01.simpl,5,4269.2305,0.100,53
9767,tests/train_files/train_none_many_light_no_large_v02.simpl,5,4062.4998,0.100,56
9768,tests/train_files/train_none_many_light_no_large_v03.simpl,5,4333.3335,0.100,54
9769,tests/train_files/train_none_many_light_no_medium_v01.simpl,5,5749.9995,0.100,19
9770,tests/train_files/train_none_many_light_no_medium_v02.simpl,5,7249.9995,0.100,22
9771,tests/train_files/train_none_many_light_no_medium_v03.simpl,5,5500.0000,0.100,20
9772,tests/train_files/train_none_many_none_has_large_v01.simpl,5,4357.1426,0.100,56
9773,tests/train_files/train_none_many_none_has_large_v02.simpl,5,5065.9341,0.100,59
9774,tests/train_files/train_none_many_none_has_large_v03.simpl,5,4400.0000,0.100,57
9775,tests/train_files/train_none_many_none_has_medium_v01.simpl,5,7500.0000,0.100,20
9776,tests/train_files/train_none_many_none_has_medium_v02.simpl,5,7000.0000,0.100,23
9777,tests/train_files/train_none_many_none_has_medium_v03.simpl,5,6749.9995,0.100,21
9778,tests/train_files/train_none_many_none_no_large_v01.simpl,5,4423.0767,0.100,55
9779,tests/train_files/train_none_many_none_no_large_v02.simpl,5,4923.0767,0.100,58
9780,tests/train_files/train_none_many_none_no_large_v03.simpl,5,4357.1426,0.100,56
9781,tests/train_files/train_none_many_none_no_medium_v01.simpl,5,7749.9995,0.100,19
9782,tests/train_files/train_none_many_none_no_medium_v02.simpl,5,5333.3330,0.100,22
9783,tests/train_files/train_none_many_none_no_medium_v03.simpl,5,6250.0000,0.100,20
9784,tests/train_files/train_none_none_dominated_no_large_v01.simpl,5,2722.2224,0.100,49
9785,tests/train_files/train_none_none_dominated_no_large_v02.simpl,5,3062.4998,0.100,49
9786,tests/train_files/train_none_none_dominated_no_large_v03.simpl,5,3266.6667,0.100,49
9787,tests/train_files/train_none_none_dominated_no_medium_v01.simpl,5,3999.9998,0.100,8
9788,tests/train_files/train_none_none_dominated_no_medium_v02.simpl,5,1999.9999,0.100,8
9789,tests/train_files/train_none_none_dominated_no_medium_v03.simpl,5,2666.6667,0.100,8
9790,tests/train_files/train_none_none_dominated_no_tiny_v01.simpl,5,500.0000,0.100,1
9791,tests/train_files/train_none_none_dominated_no_tiny_v02.simpl,5,142.8571,0.100,1
9792,tests/train_files/train_none_none_dominated_no_tiny_v03.simpl,5,500.0000,0.100,1
9793,tests/train_files/train_none_none_none_no_large_v01.simpl,5,3229.1665,0.100,50
9794,tests/train_files/train_none_none_none_no_large_v02.simpl,5,3625.0000,0.100,50
9795,tests/train_files/train_none_none_none_no_large_v03.simpl,5,3391.6667,0.100,50
9796,tests/train_files/train_none_none_none_no_medium_v01.simpl,5,2999.9998,0.100,9
9797,tests/train_files/train_none_none_none_no_medium_v02.simpl,5,2499.9998,0.100,9
9798,tests/train_files/train_none_none_none_no_medium_v03.simpl,5,1999.9999,0.100,9
9799,tests/train_files/train_none_none_none_no_tiny_v01.simpl,5,1499.9999,0.100,2
9800,tests/train_files/train_none_none_none_no_tiny_v02.simpl,5,1499.9999,0.100,2
9801,tests/train_files/train_none_none_none_no_tiny_v03.simpl,5,1333.3333,0.100,2
9802,tests/train_files/train_shallow_few_dominated_has_large_v01.simpl,5,2100.0000,0.100,39
9803,tests/train_files/train_shallow_few_dominated_has_large_v02.simpl,5,2317.6470,0.100,37
9804,tests/train_files/train_shallow_few_dominated_has_large_v03.simpl,5,2000.0000,0.100,37
9805,tests/train_files/train_shallow_few_dominated_has_medium_v01.simpl,5,833.3334,0.100,6
9806,tests/train_files/train_shallow_few_dominated_has_medium_v02.simpl,5,1230.7692,0.100,4
9807,tests/train_files/train_shallow_few_dominated_has_medium_v03.simpl,5,1300.0000,0.100,4
9808,tests/train_files/train_shallow_few_dominated_no_large_v01.simpl,5,1950.0000,0.100,35
9809,tests/train_files/train_shallow_few_dominated_no_large_v02.simpl,5,1833.3334,0.100,33
9810,tests/train_files/train_shallow_few_dominated_no_large_v03.simpl,5,1795.4546,0.100,35
9811,tests/train_files/train_shallow_few_dominated_no_medium_v01.simpl,5,576.9230,0.100,2
9812,tests/train_files/train_shallow_few_dominated_no_medium_v02.simpl,5,0.0000,0.100,0
9813,tests/train_files/train_shallow_few_dominated_no_medium_v03.simpl,5,600.0000,0.100,2
9814,tests/train_files/train_shallow_few_light_has_large_v01.simpl,5,2166.6667,0.100,41
9815,tests/train_files/train_shallow_few_light_has_large_v02.simpl,5,2200.0000,0.100,39
9816,tests/train_files/train_shallow_few_light_has_large_v03.simpl,5,2100.0000,0.100,39
9817,tests/train_files/train_shallow_few_light_has_medium_v01.simpl,5,1500.0000,0.100,6
9818,tests/train_files/train_shallow_few_light_has_medium_v02.simpl,5,833.3333,0.100,4
9819,tests/train_files/train_shallow_few_light_has_medium_v03.simpl,5,772.7272,0.100,4
9820,tests/train_files/train_shallow_few_light_no_large_v01.simpl,5,2367.6470,0.100,37
9821,tests/train_files/train_shallow_few_light_no_large_v02.simpl,5,1944.4446,0.100,35
9822,tests/train_files/train_shallow_few_light_no_large_v03.simpl,5,2050.0000,0.100,37
9823,tests/train_files/train_shallow_few_light_no_medium_v01.simpl,5,611.1111,0.100,2
9824,tests/train_files/train_shallow_few_light_no_medium_v02.simpl,5,0.0000,0.100,0
9825,tests/train_files/train_shallow_few_light_no_medium_v03.simpl,5,600.0000,0.100,2
9826,tests/train_files/train_shallow_few_none_has_large_v01.simpl,5,2476.1907,0.100,43
9827,tests/train_files/train_shallow_few_none_has_large_v02.simpl,5,2422.2224,0.100,41
9828,tests/train_files/train_shallow_few_none_has_large_v03.simpl,5,2271.9299,0.100,41
9829,tests/train_files/train_shallow_few_none_has_medium_v01.simpl,5,1555.5555,0.100,6
9830,tests/train_files/train_shallow_few_none_has_medium_v02.simpl,5,1333.3333,0.100,4
9831,tests/train_files/train_shallow_few_none_has_medium_v03.simpl,5,1300.0000,0.100,4
9832,tests/train_files/train_shallow_few_none_no_large_v01.simpl,5,2060.6060,0.100,39
9833,tests/train_files/train_shallow_few_none_no_large_v02.simpl,5,1947.3685,0.100,37
9834,tests/train_files/train_shallow_few_none_no_large_v03.simpl,5,2060.6060,0.100,39
9835,tests/train_files/train_shallow_few_none_no_medium_v01.simpl,5,1111.1111,0.100,2
9836,tests/train_files/train_shallow_few_none_no_medium_v02.simpl,5,0.0000,0.100,0
9837,tests/train_files/train_shallow_few_none_no_medium_v03.simpl,5,1100.0000,0.100,2
9838,tests/train_files/train_shallow_many_dominated_has_large_v01.simpl,5,2828.4312,0.100,32
9839,tests/train_files/train_shallow_many_dominated_has_large_v02.simpl,5,2400.0000,0.100,29
9840,tests/train_files/train_shallow_many_dominated_has_large_v03.simpl,5,2545.2383,0.100,30
9841,tests/train_files/train_shallow_many_dominated_has_medium_v01.simpl,5,2499.9998,0.100,11
9842,tests/train_files/train_shallow_many_dominated_has_medium_v02.simpl,5,2125.0000,0.100,8
9843,tests/train_files/train_shallow_many_dominated_has_medium_v03.simpl,5,2153.8459,0.100,9
9844,tests/train_files/train_shallow_many_dominated_no_large_v01.simpl,5,2722.2222,0.100,31
9845,tests/train_files/train_shallow_many_dominated_no_large_v02.simpl,5,2635.2939,0.100,28
9846,tests/train_files/train_shallow_many_dominated_no_large_v03.simpl,5,2500.0000,0.100,29
9847,tests/train_files/train_shallow_many_dominated_no_medium_v01.simpl,5,2333.3333,0.100,10
9848,tests/train_files/train_shallow_many_dominated_no_medium_v02.simpl,5,1749.9999,0.100,7
9849,tests/train_files/train_shallow_many_dominated_no_medium_v03.simpl,5,1600.0000,0.100,8
9850,tests/train_files/train_shallow_many_light_has_large_v01.simpl,5,3266.6667,0.100,38
9851,tests/train_files/train_shallow_many_light_has_large_v02.simpl,5,2568.1819,0.100,35
9852,tests/train_files/train_shallow_many_light_has_large_v03.simpl,5,2726.3159,0.100,36
9853,tests/train_files/train_shallow_many_light_has_medium_v01.simpl,5,2480.7690,0.100,11
9854,tests/train_files/train_shallow_many_light_has_medium_v02.simpl,5,2309.5237,0.100,8
9855,tests/train_files/train_shallow_many_light_has_medium_v03.simpl,5,2653.8462,0.100,9
9856,tests/train_files/train_shallow_many_light_no_large_v01.simpl,5,3055.5557,0.100,37
9857,tests/train_files/train_shallow_many_light_no_large_v02.simpl,5,2500.0000,0.100,34
9858,tests/train_files/train_shallow_many_light_no_large_v03.simpl,5,2827.2727,0.100,35
9859,tests/train_files/train_shallow_many_light_no_medium_v01.simpl,5,2333.3333,0.100,10
9860,tests/train_files/train_shallow_many_light_no_medium_v02.simpl,5,2333.3333,0.100,7
9861,tests/train_files/train_shallow_many_light_no_medium_v03.simpl,5,1600.0000,0.100,8
9862,tests/train_files/train_shallow_many_none_has_large_v01.simpl,5,3284.2104,0.100,40
9863,tests/train_files/train_shallow_many_none_has_large_v02.simpl,5,2714.9124,0.100,37
9864,tests/train_files/train_shallow_many_none_has_large_v03.simpl,5,2747.8262,0.100,38
9865,tests/train_files/train_shallow_many_none_has_medium_v01.simpl,5,3606.0605,0.100,11
9866,tests/train_files/train_shallow_many_none_has_medium_v02.simpl,5,2320.5127,0.100,8
9867,tests/train_files/train_shallow_many_none_has_medium_v03.simpl,5,2666.6667,0.100,9
9868,tests/train_files/train_shallow_many_none_no_large_v01.simpl,5,3466.6667,0.100,39
9869,tests/train_files/train_shallow_many_none_no_large_v02.simpl,5,2777.7778,0.100,36
9870,tests/train_files/train_shallow_many_none_no_large_v03.simpl,5,3126.3159,0.100,37
9871,tests/train_files/train_shallow_many_none_no_medium_v01.simpl,5,3083.3333,0.100,10
9872,tests/train_files/train_shallow_many_none_no_medium_v02.simpl,5,1749.9999,0.100,7
9873,tests/train_files/train_shallow_many_none_no_medium_v03.simpl,5,2666.6667,0.100,8
9874,tests/train_files/train_shallow_none_dominated_no_large_v01.simpl,5,2624.9998,0.100,42
9875,tests/train_files/train_shallow_none_dominated_no_large_v02.simpl,5,2800.0000,0.100,42
9876,tests/train_files/train_shallow_none_dominated_no_large_v03.simpl,5,2333.3335,0.100,42
9877,tests/train_files/train_shallow_none_dominated_no_medium_v01.simpl,5,166.6667,0.100,1
9878,tests/train_files/train_shallow_none_dominated_no_medium_v02.simpl,5,125.0000,0.100,1
9879,tests/train_files/train_shallow_none_dominated_no_medium_v03.simpl,5,166.6667,0.100,1
9880,tests/train_files/train_shallow_none_none_no_large_v01.simpl,5,2333.3335,0.100,42
9881,tests/train_files/train_shallow_none_none_no_large_v02.simpl,5,2333.3335,0.100,42
9882,tests/train_files/train_shallow_none_none_no_large_v03.simpl,5,2100.0000,0.100,42
9883,tests/train_files/train_shallow_none_none_no_medium_v01.simpl,5,125.0000,0.100,1
9884,tests/train_files/train_shallow_none_none_no_medium_v02.simpl,5,125.0000,0.100,1
9885,tests/train_files/train_shallow_none_none_no_medium_v03.simpl,5,111.1111,0.100,1
9886,tests/train_files/train_shallow_none_none_no_tiny_v01.simpl,5,0.0000,0.100,0
9887,tests/train_files/train_shallow_none_none_no_tiny_v02.simpl,5,0.0000,0.100,0
9888,tests/train_files/train_shallow_none_none_no_tiny_v03.simpl,5,0.0000,0.100,0
9889,tests/train_files/train_deep_few_dominated_has_large_v01.simpl,5,1547.8260,0.100,32
9890,tests/train_files/train_deep_few_dominated_has_large_v02.simpl,5,1458.3334,0.100,30
9891,tests/train_files/train_deep_few_dominated_has_large_v03.simpl,5,1518.1819,0.100,30
9892,tests/train_files/train_deep_few_dominated_has_medium_v01.simpl,5,1333.3333,0.100,6
9893,tests/train_files/train_deep_few_dominated_has_medium_v02.simpl,5,1187.4999,0.100,4
9894,tests/train_files/train_deep_few_dominated_has_medium_v03.simpl,5,714.2856,0.100,4
9895,tests/train_files/train_deep_few_dominated_no_large_v01.simpl,5,1535.7144,0.100,28
9896,tests/train_files/train_deep_few_dominated_no_large_v02.simpl,5,1238.0952,0.100,26
9897,tests/train_files/train_deep_few_dominated_no_large_v03.simpl,5,1375.0000,0.100,28
9898,tests/train_files/train_deep_few_dominated_no_medium_v01.simpl,5,566.6666,0.100,2
9899,tests/train_files/train_deep_few_dominated_no_medium_v02.simpl,5,0.0000,0.100,0
9900,tests/train_files/train_deep_few_dominated_no_medium_v03.simpl,5,400.0000,0.100,2
9901,tests/train_files/train_deep_few_light_has_large_v01.simpl,5,1850.0000,0.100,34
9902,tests/train_files/train_deep_few_light_has_large_v02.simpl,5,1659.0909,0.100,32
9903,tests/train_files/train_deep_few_light_has_large_v03.simpl,5,1514.4927,0.100,32
9904,tests/train_files/train_deep_few_light_has_medium_v01.simpl,5,611.1111,0.100,6
9905,tests/train_files/train_deep_few_light_has_medium_v02.simpl,5,1187.4999,0.100,4
9906,tests/train_files/train_deep_few_light_has_medium_v03.simpl,5,700.0000,0.100,4
9907,tests/train_files/train_deep_few_light_no_large_v01.simpl,5,1580.9524,0.100,30
9908,tests/train_files/train_deep_few_light_no_large_v02.simpl,5,1120.0000,0.100,28
9909,tests/train_files/train_deep_few_light_no_large_v03.simpl,5,1510.8695,0.100,30
9910,tests/train_files/train_deep_few_light_no_medium_v01.simpl,5,558.8235,0.100,2
9911,tests/train_files/train_deep_few_light_no_medium_v02.simpl,5,0.0000,0.100,0
9912,tests/train_files/train_deep_few_light_no_medium_v03.simpl,5,571.4285,0.100,2
9913,tests/train_files/train_deep_few_none_has_large_v01.simpl,5,1790.9091,0.100,36
9914,tests/train_files/train_deep_few_none_has_large_v02.simpl,5,1850.0000,0.100,34
9915,tests/train_files/train_deep_few_none_has_large_v03.simpl,5,1575.0000,0.100,34
9916,tests/train_files/train_deep_few_none_has_medium_v01.simpl,5,1357.1428,0.100,6
9917,tests/train_files/train_deep_few_none_has_medium_v02.simpl,5,700.0000,0.100,4
9918,tests/train_files/train_deep_few_none_has_medium_v03.simpl,5,700.0000,0.100,4
9919,tests/train_files/train_deep_few_none_no_large_v01.simpl,5,1659.0909,0.100,32
9920,tests/train_files/train_deep_few_none_no_large_v02.simpl,5,1250.0000,0.100,30
9921,tests/train_files/train_deep_few_none_no_large_v03.simpl,5,1597.8260,0.100,32
9922,tests/train_files/train_deep_few_none_no_medium_v01.simpl,5,552.6315,0.100,2
9923,tests/train_files/train_deep_few_none_no_medium_v02.simpl,5,0.0000,0.100,0
9924,tests/train_files/train_deep_few_none_no_medium_v03.simpl,5,566.6666,0.100,2
9925,tests/train_files/train_deep_many_dominated_has_large_v01.simpl,5,2472.4636,0.100,25
9926,tests/train_files/train_deep_many_dominated_has_large_v02.simpl,5,2060.6060,0.100,22
9927,tests/train_files/train_deep_many_dominated_has_large_v03.simpl,5,2173.3333,0.100,23
9928,tests/train_files/train_deep_many_dominated_has_medium_v01.simpl,5,2519.6077,0.100,14
9929,tests/train_files/train_deep_many_dominated_has_medium_v02.simpl,5,1555.5555,0.100,10
9930,tests/train_files/train_deep_many_dominated_has_medium_v03.simpl,5,1555.5555,0.100,11
9931,tests/train_files/train_deep_many_dominated_no_large_v01.simpl,5,2075.1880,0.100,24
9932,tests/train_files/train_deep_many_dominated_no_large_v02.simpl,5,2036.3636,0.100,21
9933,tests/train_files/train_deep_many_dominated_no_large_v03.simpl,5,2266.6667,0.100,22
9934,tests/train_files/train_deep_many_dominated_no_medium_v01.simpl,5,1858.8235,0.100,10
9935,tests/train_files/train_deep_many_dominated_no_medium_v02.simpl,5,1749.9999,0.100,7
9936,tests/train_files/train_deep_many_dominated_no_medium_v03.simpl,5,1999.9999,0.100,8
9937,tests/train_files/train_deep_many_light_has_large_v01.simpl,5,2745.2383,0.100,31
9938,tests/train_files/train_deep_many_light_has_large_v02.simpl,5,1963.3333,0.100,28
9939,tests/train_files/train_deep_many_light_has_large_v03.simpl,5,2450.0000,0.100,29
9940,tests/train_files/train_deep_many_light_has_medium_v01.simpl,5,2775.0000,0.100,14
9941,tests/train_files/train_deep_many_light_has_medium_v02.simpl,5,1710.5264,0.100,10
9942,tests/train_files/train_deep_many_light_has_medium_v03.simpl,5,2235.2939,0.100,11
9943,tests/train_files/train_deep_many_light_no_large_v01.simpl,5,2413.0435,0.100,30
9944,tests/train_files/train_deep_many_light_no_large_v02.simpl,5,2036.2318,0.100,27
9945,tests/train_files/train_deep_many_light_no_large_v03.simpl,5,2509.0908,0.100,28
9946,tests/train_files/train_deep_many_light_no_medium_v01.simpl,5,2308.8235,0.100,10
9947,tests/train_files/train_deep_many_light_no_medium_v02.simpl,5,1749.9999,0.100,7
9948,tests/train_files/train_deep_many_light_no_medium_v03.simpl,5,1999.9999,0.100,8
9949,tests/train_files/train_deep_many_none_has_large_v01.simpl,5,2553.0303,0.100,33
9950,tests/train_files/train_deep_many_none_has_large_v02.simpl,5,2210.0000,0.100,30
9951,tests/train_files/train_deep_many_none_has_large_v03.simpl,5,2107.1428,0.100,31
9952,tests/train_files/train_deep_many_none_has_medium_v01.simpl,5,2252.9412,0.100,14
9953,tests/train_files/train_deep_many_none_has_medium_v02.simpl,5,2416.6665,0.100,10
9954,tests/train_files/train_deep_many_none_has_medium_v03.simpl,5,2222.2222,0.100,11
9955,tests/train_files/train_deep_many_none_no_large_v01.simpl,5,2545.4546,0.100,32
9956,tests/train_files/train_deep_many_none_no_large_v02.simpl,5,2280.0000,0.100,29
9957,tests/train_files/train_deep_many_none_no_large_v03.simpl,5,2414.8149,0.100,30
9958,tests/train_files/train_deep_many_none_no_medium_v01.simpl,5,3047.6191,0.100,10
9959,tests/train_files/train_deep_many_none_no_medium_v02.simpl,5,1749.9999,0.100,7
9960,tests/train_files/train_deep_many_none_no_medium_v03.simpl,5,1999.9999,0.100,8
9961,tests/train_files/train_deep_none_dominated_no_large_v01.simpl,5,1750.0000,0.100,35
9962,tests/train_files/train_deep_none_dominated_no_large_v02.simpl,5,1944.4446,0.100,35
9963,tests/train_files/train_deep_none_dominated_no_large_v03.simpl,5,1750.0000,0.100,35
9964,tests/train_files/train_deep_none_dominated_no_medium_v01.simpl,5,100.0000,0.100,1
9965,tests/train_files/train_deep_none_dominated_no_medium_v02.simpl,5,83.3333,0.100,1
9966,tests/train_files/train_deep_none_dominated_no_medium_v03.simpl,5,100.0000,0.100,1
9967,tests/train_files/train_deep_none_none_no_large_v01.simpl,5,1590.9091,0.100,35
9968,tests/train_files/train_deep_none_none_no_large_v02.simpl,5,1590.9091,0.100,35
9969,tests/train_files/train_deep_none_none_no_large_v03.simpl,5,1666.6667,0.100,35
9970,tests/train_files/train_deep_none_none_no_medium_v01.simpl,5,0.0000,0.100,0
9971,tests/train_files/train_deep_none_none_no_medium_v02.simpl,5,0.0000,0.100,0
9972,tests/train_files/train_deep_none_none_no_medium_v03.simpl,5,0.0000,0.100,0
9973,tests/train_files/train_none_few_dominated_has_large_v01.simpl,5,3704.7620,0.100,51
9974,tests/train_files/train_none_few_dominated_has_large_v02.simpl,5,3182.5398,0.100,51
9975,tests/train_files/train_none_few_dominated_has_large_v03.simpl,5,3508.9282,0.100,51
9976,tests/train_files/train_none_few_dominated_has_medium_v01.simpl,5,5749.9995,0.100,11
9977,tests/train_files/train_none_few_dominated_has_medium_v02.simpl,5,3749.9998,0.100,11
9978,tests/train_files/train_none_few_dominated_has_medium_v03.simpl,5,5749.9995,0.100,11
9979,tests/train_files/train_none_few_dominated_no_large_v01.simpl,5,3800.0002,0.100,51
9980,tests/train_files/train_none_few_dominated_no_large_v02.simpl,5,4773.8096,0.100,53
9981,tests/train_files/train_none_few_dominated_no_large_v03.simpl,5,4282.0513,0.100,51
9982,tests/train_files/train_none_few_dominated_no_medium_v01.simpl,5,3749.9998,0.100,11
9983,tests/train_files/train_none_few_dominated_no_medium_v02.simpl,5,8333.3330,0.100,13
9984,tests/train_files/train_none_few_dominated_no_medium_v03.simpl,5,6333.3330,0.100,11
9985,tests/train_files/train_none_few_light_has_large_v01.simpl,5,4340.6592,0.100,53
9986,tests/train_files/train_none_few_light_has_large_v02.simpl,5,3838.0952,0.100,53
9987,tests/train_files/train_none_few_light_has_large_v03.simpl,5,3562.4998,0.100,53
9988,tests/train_files/train_none_few_light_has_medium_v01.simpl,5,5999.9995,0.100,12
9989,tests/train_files/train_none_few_light_has_medium_v02.simpl,5,3999.9998,0.100,12
9990,tests/train_files/train_none_few_light_has_medium_v03.simpl,5,3999.9998,0.100,12
9991,tests/train_files/train_none_few_light_has_tiny_v01.simpl,5,5166.6665,0.100,11
9992,tests/train_files/train_none_few_light_has_tiny_v02.simpl,5,4333.3330,0.100,11
9993,tests/train_files/train_none_few_light_has_tiny_v03.simpl,5,6333.3330,0.100,11
9994,tests/train_files/train_none_few_light_no_large_v01.simpl,5,3023.3921,0.100,53
9995,tests/train_files/train_none_few_light_no_large_v02.simpl,5,4626.3735,0.100,55
9996,tests/train_files/train_none_few_light_no_large_v03.simpl,5,4340.6592,0.100,53
9997,tests/train_files/train_none_few_light_no_medium_v01.simpl,5,5999.9995,0.100,12
9998,tests/train_files/train_none_few_light_no_medium_v02.simpl,5,4999.9995,0.100,14
9999,tests/train_files/train_none_few_light_no_medium_v03.simpl,5,5999.9995,0.100,12
10000,tests/train_files/train_none_few_light_no_tiny_v01.simpl,5,3749.9998,0.100,11
10001,tests/train_files/train_none_few_light_no_tiny_v02.simpl,5,8333.3330,0.100,13
10002,tests/train_files/train_none_few_light_no_tiny_v03.simpl,5,5749.9995,0.100,11
10003,tests/train_files/train_none_few_none_has_large_v01.simpl,5,4142.8569,0.100,55
10004,tests/train_files/train_none_few_none_has_large_v02.simpl,5,4494.5054,0.100,55
10005,tests/train_files/train_none_few_none_has_large_v03.simpl,5,4214.2856,0.100,55
10006,tests/train_files/train_none_few_none_has_medium_v01.simpl,5,6500.0000,0.100,14
10007,tests/train_files/train_none_few_none_has_medium_v02.simpl,5,4500.0000,0.100,14
10008,tests/train_files/train_none_few_none_has_medium_v03.simpl,5,4500.0000,0.100,14
10009,tests/train_files/train_none_few_none_has_tiny_v01.simpl,5,5166.6665,0.100,11
10010,tests/train_files/train_none_few_none_has_tiny_v02.simpl,5,3749.9998,0.100,11
10011,tests/train_files/train_none_few_none_has_tiny_v03.simpl,5,6333.3330,0.100,11
10012,tests/train_files/train_none_few_none_no_large_v01.simpl,5,4142.8569,0.100,55
10013,tests/train_files/train_none_few_none_no_large_v02.simpl,5,4392.8569,0.100,57
10014,tests/train_files/train_none_few_none_no_large_v03.simpl,5,4142.8569,0.100,55
10015,tests/train_files/train_none_few_none_no_medium_v01.simpl,5,4500.0000,0.100,14
10016,tests/train_files/train_none_few_none_no_medium_v02.simpl,5,5500.0000,0.100,16
10017,tests/train_files/train_none_few_none_no_medium_v03.simpl,5,5666.6665,0.100,14
10018,tests/train_files/train_none_few_none_no_tiny_v01.simpl,5,6333.3330,0.100,11
10019,tests/train_files/train_none_few_none_no_tiny_v02.simpl,5,7749.9995,0.100,13
10020,tests/train_files/train_none_few_none_no_tiny_v03.simpl,5,6333.3330,0.100,11
10021,tests/train_files/train_none_many_dominated_has_large_v01.simpl,5,4416.6665,0.100,48
10022,tests/train_files/train_none_many_dominated_has_large_v02.simpl,5,4726.1904,0.100,51
10023,tests/train_files/train_none_many_dominated_has_large_v03.simpl,5,3866.6667,0.100,49
10024,tests/train_files/train_none_many_dominated_has_medium_v01.simpl,5,4166.6670,0.100,20
10025,tests/train_files/train_none_many_dominated_has_medium_v02.simpl,5,7000.0000,0.100,23
10026,tests/train_files/train_none_many_dominated_has_medium_v03.simpl,5,6000.0000,0.100,21
10027,tests/train_files/train_none_many_dominated_no_large_v01.simpl,5,3974.3589,0.100,47
10028,tests/train_files/train_none_many_dominated_no_large_v02.simpl,5,4983.3330,0.100,50
10029,tests/train_files/train_none_many_dominated_no_large_v03.simpl,5,4416.6665,0.100,48
10030,tests/train_files/train_none_many_dominated_no_medium_v01.simpl,5,5000.0000,0.100,19
10031,tests/train_files/train_none_many_dominated_no_medium_v02.simpl,5,6000.0000,0.100,22
10032,tests/train_files/train_none_many_dominated_no_medium_v03.simpl,5,5500.0000,0.100,20
10033,tests/train_files/train_none_many_light_has_large_v01.simpl,5,4214.2856,0.100,54
10034,tests/train_files/train_none_many_light_has_large_v02.simpl,5,3865.0796,0.100,57
10035,tests/train_files/train_none_many_light_has_large_v03.simpl,5,4500.0000,0.100,55
10036,tests/train_files/train_none_many_light_has_medium_v01.simpl,5,5500.0000,0.100,20
10037,tests/train_files/train_none_many_light_has_medium_v02.simpl,5,7000.0000,0.100,23
10038,tests/train_files/train_none_many_light_has_medium_v03.simpl,5,6749.9995,0.100,21
10039,tests/train_files/train_none_many_light_no_large_v01.simpl,5,3838.0952,0.100,53
10040,tests/train_files/train_none_many_light_no_large_v02.simpl,5,5083.3330,0.100,56
10041,tests/train_files/train_none_many_light_no_large_v03.simpl,5,4797.6191,0.100,54
10042,tests/train_files/train_none_many_light_no_medium_v01.simpl,5,5749.9995,0.100,19
10043,tests/train_files/train_none_many_light_no_medium_v02.simpl,5,7249.9995,0.100,22
10044,tests/train_files/train_none_many_light_no_medium_v03.simpl,5,6250.0000,0.100,20
10045,tests/train_files/train_none_many_none_has_large_v01.simpl,5,4025.0000,0.100,56
10046,tests/train_files/train_none_many_none_has_large_v02.simpl,5,4187.4995,0.100,59
10047,tests/train_files/train_none_many_none_has_large_v03.simpl,5,4923.0771,0.100,57
10048,tests/train_files/train_none_many_none_has_medium_v01.simpl,5,5500.0000,0.100,20
10049,tests/train_files/train_none_many_none_has_medium_v02.simpl,5,7000.0000,0.100,23
10050,tests/train_files/train_none_many_none_has_medium_v03.simpl,5,9000.0000,0.100,21
10051,tests/train_files/train_none_many_none_no_large_v01.simpl,5,4423.0767,0.100,55
10052,tests/train_files/train_none_many_none_no_large_v02.simpl,5,4517.8569,0.100,58
10053,tests/train_files/train_none_many_none_no_large_v03.simpl,5,4233.3335,0.100,56
10054,tests/train_files/train_none_many_none_no_medium_v01.simpl,5,5874.9995,0.100,19
10055,tests/train_files/train_none_many_none_no_medium_v02.simpl,5,6500.0000,0.100,22
10056,tests/train_files/train_none_many_none_no_medium_v03.simpl,5,4375.0000,0.100,20
10057,tests/train_files/train_none_none_dominated_no_large_v01.simpl,5,3769.2307,0.100,49
10058,tests/train_files/train_none_none_dominated_no_large_v02.simpl,5,3500.0000,0.100,49
10059,tests/train_files/train_none_none_dominated_no_large_v03.simpl,5,3266.6667,0.100,49
10060,tests/train_files/train_none_none_dominated_no_medium_v01.simpl,5,1999.9999,0.100,8
10061,tests/train_files/train_none_none_dominated_no_medium_v02.simpl,5,1333.3334,0.100,8
10062,tests/train_files/train_none_none_dominated_no_medium_v03.simpl,5,2666.6667,0.100,8
10063,tests/train_files/train_none_none_dominated_no_tiny_v01.simpl,5,166.6667,0.100,1
10064,tests/train_files/train_none_none_dominated_no_tiny_v02.simpl,5,250.0000,0.100,1
10065,tests/train_files/train_none_none_dominated_no_tiny_v03.simpl,5,333.3333,0.100,1
10066,tests/train_files/train_none_none_none_no_large_v01.simpl,5,3409.5239,0.100,50
10067,tests/train_files/train_none_none_none_no_large_v02.simpl,5,2865.0796,0.100,50
10068,tests/train_files/train_none_none_none_no_large_v03.simpl,5,3025.2100,0.100,50
10069,tests/train_files/train_none_none_none_no_medium_v01.simpl,5,3666.6667,0.100,9
10070,tests/train_files/train_none_none_none_no_medium_v02.simpl,5,1999.9999,0.100,9
10071,tests/train_files/train_none_none_none_no_medium_v03.simpl,5,2999.9998,0.100,9
10072,tests/train_files/train_none_none_none_no_tiny_v01.simpl,5,1499.9999,0.100,2
10073,tests/train_files/train_none_none_none_no_tiny_v02.simpl,5,1499.9999,0.100,2
10074,tests/train_files/train_none_none_none_no_tiny_v03.simpl,5,1499.9999,0.100,2
10075,tests/train_files/train_shallow_few_dominated_has_large_v01.simpl,5,2277.7778,0.100,39
10076,tests/train_files/train_shallow_few_dominated_has_large_v02.simpl,5,2166.6667,0.100,37
10077,tests/train_files/train_shallow_few_dominated_has_large_v03.simpl,5,1765.2174,0.100,37
10078,tests/train_files/train_shallow_few_dominated_has_medium_v01.simpl,5,1500.0000,0.100,6
10079,tests/train_files/train_shallow_few_dominated_has_medium_v02.simpl,5,1272.7272,0.100,4
10080,tests/train_files/train_shallow_few_dominated_has_medium_v03.simpl,5,800.0000,0.100,4
10081,tests/train_files/train_shallow_few_dominated_no_large_v01.simpl,5,2138.8889,0.100,35
10082,tests/train_files/train_shallow_few_dominated_no_large_v02.simpl,5,1833.3334,0.100,33
10083,tests/train_files/train_shallow_few_dominated_no_large_v03.simpl,5,1950.0000,0.100,35
10084,tests/train_files/train_shallow_few_dominated_no_medium_v01.simpl,5,590.9091,0.100,2
10085,tests/train_files/train_shallow_few_dominated_no_medium_v02.simpl,5,0.0000,0.100,0
10086,tests/train_files/train_shallow_few_dominated_no_medium_v03.simpl,5,1090.9091,0.100,2
10087,tests/train_files/train_shallow_few_light_has_large_v01.simpl,5,2495.7983,0.100,41
10088,tests/train_files/train_shallow_few_light_has_large_v02.simpl,5,2435.2939,0.100,39
10089,tests/train_files/train_shallow_few_light_has_large_v03.simpl,5,2100.0000,0.100,39
10090,tests/train_files/train_shallow_few_light_has_medium_v01.simpl,5,1000.0000,0.100,6
10091,tests/train_files/train_shallow_few_light_has_medium_v02.simpl,5,700.0000,0.100,4
10092,tests/train_files/train_shallow_few_light_has_medium_v03.simpl,5,1200.0000,0.100,4
10093,tests/train_files/train_shallow_few_light_no_large_v01.simpl,5,1700.0000,0.100,37
10094,tests/train_files/train_shallow_few_light_no_large_v02.simpl,5,1842.1053,0.100,35
10095,tests/train_files/train_shallow_few_light_no_large_v03.simpl,5,2200.0000,0.100,37
10096,tests/train_files/train_shallow_few_light_no_medium_v01.simpl,5,1090.9091,0.100,2
10097,tests/train_files/train_shallow_few_light_no_medium_v02.simpl,5,0.0000,0.100,0
10098,tests/train_files/train_shallow_few_light_no_medium_v03.simpl,5,600.0000,0.100,2
10099,tests/train_files/train_shallow_few_none_has_large_v01.simpl,5,2458.3335,0.100,43
10100,tests/train_files/train_shallow_few_none_has_large_v02.simpl,5,2422.2224,0.100,41
10101,tests/train_files/train_shallow_few_none_has_large_v03.simpl,5,2166.6667,0.100,41
10102,tests/train_files/train_shallow_few_none_has_medium_v01.simpl,5,1500.0000,0.100,6
10103,tests/train_files/train_shallow_few_none_has_medium_v02.simpl,5,1300.0000,0.100,4
10104,tests/train_files/train_shallow_few_none_has_medium_v03.simpl,5,1333.3333,0.100,4
10105,tests/train_files/train_shallow_few_none_no_large_v01.simpl,5,2250.0000,0.100,39
10106,tests/train_files/train_shallow_few_none_no_large_v02.simpl,5,1761.9048,0.100,37
10107,tests/train_files/train_shallow_few_none_no_large_v03.simpl,5,2250.0000,0.100,39
10108,tests/train_files/train_shallow_few_none_no_medium_v01.simpl,5,600.0000,0.100,2
10109,tests/train_files/train_shallow_few_none_no_medium_v02.simpl,5,0.0000,0.100,0
10110,tests/train_files/train_shallow_few_none_no_medium_v03.simpl,5,600.0000,0.100,2
10111,tests/train_files/train_shallow_many_dominated_has_large_v01.simpl,5,2983.3335,0.100,32
10112,tests/train_files/train_shallow_many_dominated_has_large_v02.simpl,5,2543.8596,0.100,29
10113,tests/train_files/train_shallow_many_dominated_has_large_v03.simpl,5,2610.5264,0.100,30
10114,tests/train_files/train_shallow_many_dominated_has_medium_v01.simpl,5,2449.9998,0.100,11
10115,tests/train_files/train_shallow_many_dominated_has_medium_v02.simpl,5,2403.8462,0.100,8
10116,tests/train_files/train_shallow_many_dominated_has_medium_v03.simpl,5,2133.3333,0.100,9
10117,tests/train_files/train_shallow_many_dominated_no_large_v01.simpl,5,3094.1177,0.100,31
10118,tests/train_files/train_shallow_many_dominated_no_large_v02.simpl,5,2354.5454,0.100,28
10119,tests/train_files/train_shallow_many_dominated_no_large_v03.simpl,5,2500.0000,0.100,29
10120,tests/train_files/train_shallow_many_dominated_no_medium_v01.simpl,5,2333.3333,0.100,10
10121,tests/train_files/train_shallow_many_dominated_no_medium_v02.simpl,5,1749.9999,0.100,7
10122,tests/train_files/train_shallow_many_dominated_no_medium_v03.simpl,5,1999.9999,0.100,8
10123,tests/train_files/train_shallow_many_light_has_large_v01.simpl,5,3578.9473,0.100,38
10124,tests/train_files/train_shallow_many_light_has_large_v02.simpl,5,2726.3159,0.100,35
10125,tests/train_files/train_shallow_many_light_has_large_v03.simpl,5,2926.3159,0.100,36
10126,tests/train_files/train_shallow_many_light_has_medium_v01.simpl,5,4730.7690,0.100,11
10127,tests/train_files/train_shallow_many_light_has_medium_v02.simpl,5,1653.8462,0.100,8
10128,tests/train_files/train_shallow_many_light_has_medium_v03.simpl,5,2653.8462,0.100,9
10129,tests/train_files/train_shallow_many_light_no_large_v01.simpl,5,2973.6841,0.100,37
10130,tests/train_files/train_shallow_many_light_no_large_v02.simpl,5,2666.6667,0.100,34
10131,tests/train_files/train_shallow_many_light_no_large_v03.simpl,5,2950.0000,0.100,35
10132,tests/train_files/train_shallow_many_light_no_medium_v01.simpl,5,2333.3333,0.100,10
10133,tests/train_files/train_shallow_many_light_no_medium_v02.simpl,5,2333.3333,0.100,7
10134,tests/train_files/train_shallow_many_light_no_medium_v03.simpl,5,1600.0000,0.100,8
10135,tests/train_files/train_shallow_many_none_has_large_v01.simpl,5,2880.0000,0.100,40
10136,tests/train_files/train_shallow_many_none_has_large_v02.simpl,5,2676.1904,0.100,37
10137,tests/train_files/train_shallow_many_none_has_large_v03.simpl,5,2640.0000,0.100,38
10138,tests/train_files/train_shallow_many_none_has_medium_v01.simpl,5,3583.3333,0.100,11
10139,tests/train_files/train_shallow_many_none_has_medium_v02.simpl,5,2833.3333,0.100,8
10140,tests/train_files/train_shallow_many_none_has_medium_v03.simpl,5,3153.8462,0.100,9
10141,tests/train_files/train_shallow_many_none_no_large_v01.simpl,5,3000.0000,0.100,39
10142,tests/train_files/train_shallow_many_none_no_large_v02.simpl,5,3011.1113,0.100,36
10143,tests/train_files/train_shallow_many_none_no_large_v03.simpl,5,3050.0000,0.100,37
10144,tests/train_files/train_shallow_many_none_no_medium_v01.simpl,5,3076.9231,0.100,10
10145,tests/train_files/train_shallow_many_none_no_medium_v02.simpl,5,1749.9999,0.100,7
10146,tests/train_files/train_shallow_many_none_no_medium_v03.simpl,5,1999.9999,0.100,8
10147,tests/train_files/train_shallow_none_dominated_no_large_v01.simpl,5,2624.9998,0.100,42
10148,tests/train_files/train_shallow_none_dominated_no_large_v02.simpl,5,2470.5881,0.100,42
10149,tests/train_files/train_shallow_none_dominated_no_large_v03.simpl,5,2100.0000,0.100,42
10150,tests/train_files/train_shallow_none_dominated_no_medium_v01.simpl,5,125.0000,0.100,1
10151,tests/train_files/train_shallow_none_dominated_no_medium_v02.simpl,5,142.8571,0.100,1
10152,tests/train_files/train_shallow_none_dominated_no_medium_v03.simpl,5,125.0000,0.100,1
10153,tests/train_files/train_shallow_none_none_no_large_v01.simpl,5,2333.3335,0.100,42
10154,tests/train_files/train_shallow_none_none_no_large_v02.simpl,5,2210.5264,0.100,42
10155,tests/train_files/train_shallow_none_none_no_large_v03.simpl,5,1909.0909,0.100,42
10156,tests/train_files/train_shallow_none_none_no_medium_v01.simpl,5,111.1111,0.100,1
10157,tests/train_files/train_shallow_none_none_no_medium_v02.simpl,5,111.1111,0.100,1
10158,tests/train_files/train_shallow_none_none_no_medium_v03.simpl,5,125.0000,0.100,1
10159,tests/train_files/train_shallow_none_none_no_tiny_v01.simpl,5,0.0000,0.100,0
10160,tests/train_files/train_shallow_none_none_no_tiny_v02.simpl,5,0.0000,0.100,0
10161,tests/train_files/train_shallow_none_none_no_tiny_v03.simpl,5,0.0000,0.100,0
10162,tests/train_files/train_deep_few_dominated_has_large_v01.simpl,5,1676.1906,0.100,32
10163,tests/train_files/train_deep_few_dominated_has_large_v02.simpl,5,1408.3334,0.100,30
10164,tests/train_files/train_deep_few_dominated_has_large_v03.simpl,5,1650.0000,0.100,30
10165,tests/train_files/train_deep_few_dominated_has_medium_v01.simpl,5,1333.3333,0.100,6
10166,tests/train_files/train_deep_few_dominated_has_medium_v02.simpl,5,714.2856,0.100,4
10167,tests/train_files/train_deep_few_dominated_has_medium_v03.simpl,5,687.4999,0.100,4
10168,tests/train_files/train_deep_few_dominated_no_large_v01.simpl,5,1423.9131,0.100,28
10169,tests/train_files/train_deep_few_dominated_no_large_v02.simpl,5,1181.8182,0.100,26
10170,tests/train_files/train_deep_few_dominated_no_large_v03.simpl,5,1477.2727,0.100,28
10171,tests/train_files/train_deep_few_dominated_no_medium_v01.simpl,5,562.4999,0.100,2
10172,tests/train_files/train_deep_few_dominated_no_medium_v02.simpl,5,0.0000,0.100,0
10173,tests/train_files/train_deep_few_dominated_no_medium_v03.simpl,5,566.6666,0.100,2
10174,tests/train_files/train_deep_few_light_has_large_v01.simpl,5,1700.0000,0.100,34
10175,tests/train_files/train_deep_few_light_has_large_v02.simpl,5,1597.8260,0.100,32
10176,tests/train_files/train_deep_few_light_has_large_v03.simpl,5,1676.1906,0.100,32
10177,tests/train_files/train_deep_few_light_has_medium_v01.simpl,5,777.7778,0.100,6
10178,tests/train_files/train_deep_few_light_has_medium_v02.simpl,5,1214.2856,0.100,4
10179,tests/train_files/train_deep_few_light_has_medium_v03.simpl,5,700.0000,0.100,4
10180,tests/train_files/train_deep_few_light_no_large_v01.simpl,5,1510.8695,0.100,30
10181,tests/train_files/train_deep_few_light_no_large_v02.simpl,5,1272.7273,0.100,28
10182,tests/train_files/train_deep_few_light_no_large_v03.simpl,5,1700.0000,0.100,30
10183,tests/train_files/train_deep_few_light_no_medium_v01.simpl,5,562.4999,0.100,2
10184,tests/train_files/train_deep_few_light_no_medium_v02.simpl,5,0.0000,0.100,0
10185,tests/train_files/train_deep_few_light_no_medium_v03.simpl,5,388.8889,0.100,2
10186,tests/train_files/train_deep_few_none_has_large_v01.simpl,5,1790.9091,0.100,36
10187,tests/train_files/train_deep_few_none_has_large_v02.simpl,5,1575.0000,0.100,34
10188,tests/train_files/train_deep_few_none_has_large_v03.simpl,5,1520.0000,0.100,34
10189,tests/train_files/train_deep_few_none_has_medium_v01.simpl,5,1333.3333,0.100,6
10190,tests/train_files/train_deep_few_none_has_medium_v02.simpl,5,714.2856,0.100,4
10191,tests/train_files/train_deep_few_none_has_medium_v03.simpl,5,700.0000,0.100,4
10192,tests/train_files/train_deep_few_none_no_large_v01.simpl,5,1609.0909,0.100,32
10193,tests/train_files/train_deep_few_none_no_large_v02.simpl,5,1304.3478,0.100,30
10194,tests/train_files/train_deep_few_none_no_large_v03.simpl,5,1597.8260,0.100,32
10195,tests/train_files/train_deep_few_none_no_medium_v01.simpl,5,566.6666,0.100,2
10196,tests/train_files/train_deep_few_none_no_medium_v02.simpl,5,0.0000,0.100,0
10197,tests/train_files/train_deep_few_none_no_medium_v03.simpl,5,566.6666,0.100,2
10198,tests/train_files/train_deep_many_dominated_has_large_v01.simpl,5,2183.3333,0.100,25
10199,tests/train_files/train_deep_many_dominated_has_large_v02.simpl,5,1845.2380,0.100,22
10200,tests/train_files/train_deep_many_dominated_has_large_v03.simpl,5,2145.6521,0.100,23
10201,tests/train_files/train_deep_many_dominated_has_medium_v01.simpl,5,2252.9412,0.100,14
10202,tests/train_files/train_deep_many_dominated_has_medium_v02.simpl,5,1700.0000,0.100,10
10203,tests/train_files/train_deep_many_dominated_has_medium_v03.simpl,5,1755.5555,0.100,11
10204,tests/train_files/train_deep_many_dominated_no_large_v01.simpl,5,2152.1738,0.100,24
10205,tests/train_files/train_deep_many_dominated_no_large_v02.simpl,5,1726.6666,0.100,21
10206,tests/train_files/train_deep_many_dominated_no_large_v03.simpl,5,1969.6970,0.100,22
10207,tests/train_files/train_deep_many_dominated_no_medium_v01.simpl,5,2308.8235,0.100,10
10208,tests/train_files/train_deep_many_dominated_no_medium_v02.simpl,5,1749.9999,0.100,7
10209,tests/train_files/train_deep_many_dominated_no_medium_v03.simpl,5,1999.9999,0.100,8
10210,tests/train_files/train_deep_many_light_has_large_v01.simpl,5,2745.2383,0.100,31
10211,tests/train_files/train_deep_many_light_has_large_v02.simpl,5,2250.0000,0.100,28
10212,tests/train_files/train_deep_many_light_has_large_v03.simpl,5,2366.6667,0.100,29
10213,tests/train_files/train_deep_many_light_has_medium_v01.simpl,5,2275.0000,0.100,14
10214,tests/train_files/train_deep_many_light_has_medium_v02.simpl,5,1805.5557,0.100,10
10215,tests/train_files/train_deep_many_light_has_medium_v03.simpl,5,2222.2222,0.100,11
10216,tests/train_files/train_deep_many_light_no_large_v01.simpl,5,2500.0000,0.100,30
10217,tests/train_files/train_deep_many_light_no_large_v02.simpl,5,2036.2318,0.100,27
10218,tests/train_files/train_deep_many_light_no_large_v03.simpl,5,2202.8984,0.100,28
10219,tests/train_files/train_deep_many_light_no_medium_v01.simpl,5,1862.5000,0.100,10
10220,tests/train_files/train_deep_many_light_no_medium_v02.simpl,5,2333.3333,0.100,7
10221,tests/train_files/train_deep_many_light_no_medium_v03.simpl,5,1600.0000,0.100,8
10222,tests/train_files/train_deep_many_none_has_large_v01.simpl,5,2666.6665,0.100,33
10223,tests/train_files/train_deep_many_none_has_large_v02.simpl,5,2076.8115,0.100,30
10224,tests/train_files/train_deep_many_none_has_large_v03.simpl,5,2400.0000,0.100,31
10225,tests/train_files/train_deep_many_none_has_medium_v01.simpl,5,2602.9409,0.100,14
10226,tests/train_files/train_deep_many_none_has_medium_v02.simpl,5,1735.2941,0.100,10
10227,tests/train_files/train_deep_many_none_has_medium_v03.simpl,5,2222.2222,0.100,11
10228,tests/train_files/train_deep_many_none_no_large_v01.simpl,5,2895.2383,0.100,32
10229,tests/train_files/train_deep_many_none_no_large_v02.simpl,5,2123.1885,0.100,29
10230,tests/train_files/train_deep_many_none_no_large_v03.simpl,5,2059.5237,0.100,30
10231,tests/train_files/train_deep_many_none_no_medium_v01.simpl,5,2302.6316,0.100,10
10232,tests/train_files/train_deep_many_none_no_medium_v02.simpl,5,1749.9999,0.100,7
10233,tests/train_files/train_deep_many_none_no_medium_v03.simpl,5,1999.9999,0.100,8
10234,tests/train_files/train_deep_none_dominated_no_large_v01.simpl,5,1944.4446,0.100,35
10235,tests/train_files/train_deep_none_dominated_no_large_v02.simpl,5,1944.4446,0.100,35
10236,tests/train_files/train_deep_none_dominated_no_large_v03.simpl,5,1750.0000,0.100,35
10237,tests/train_files/train_deep_none_dominated_no_medium_v01.simpl,5,100.0000,0.100,1
10238,tests/train_files/train_deep_none_dominated_no_medium_v02.simpl,5,100.0000,0.100,1
10239,tests/train_files/train_deep_none_dominated_no_medium_v03.simpl,5,100.0000,0.100,1
10240,tests/train_files/train_deep_none_none_no_large_v01.simpl,5,1666.6667,0.100,35
10241,tests/train_files/train_deep_none_none_no_large_v02.simpl,5,1590.9091,0.100,35
10242,tests/train_files/train_deep_none_none_no_large_v03.simpl,5,1590.9091,0.100,35
10243,tests/train_files/train_deep_none_none_no_medium_v01.simpl,5,0.0000,0.100,0
10244,tests/train_files/train_deep_none_none_no_medium_v02.simpl,5,0.0000,0.100,0
10245,tests/train_files/train_deep_none_none_no_medium_v03.simpl,5,0.0000,0.100,0
10246,tests/train_files/train_none_few_dominated_has_large_v01.simpl,5,4186.8130,0.100,51
10247,tests/train_files/train_none_few_dominated_has_large_v02.simpl,5,4186.8130,0.100,51
10248,tests/train_files/train_none_few_dominated_has_large_v03.simpl,5,4583.3335,0.100,51
10249,tests/train_files/train_none_few_dominated_has_medium_v01.simpl,5,6333.3330,0.100,11
10250,tests/train_files/train_none_few_dominated_has_medium_v02.simpl,5,3749.9998,0.100,11
10251,tests/train_files/train_none_few_dominated_has_medium_v03.simpl,5,3749.9998,0.100,11
10252,tests/train_files/train_none_few_dominated_no_large_v01.simpl,5,4186.8130,0.100,51
10253,tests/train_files/train_none_few_dominated_no_large_v02.simpl,5,4472.5273,0.100,53
10254,tests/train_files/train_none_few_dominated_no_large_v03.simpl,5,3800.0002,0.100,51
10255,tests/train_files/train_none_few_dominated_no_medium_v01.simpl,5,5749.9995,0.100,11
10256,tests/train_files/train_none_few_dominated_no_medium_v02.simpl,5,4749.9995,0.100,13
10257,tests/train_files/train_none_few_dominated_no_medium_v03.simpl,5,3749.9998,0.100,11
10258,tests/train_files/train_none_few_light_has_large_v01.simpl,5,3633.9282,0.100,53
10259,tests/train_files/train_none_few_light_has_large_v02.simpl,5,4269.2305,0.100,53
10260,tests/train_files/train_none_few_light_has_large_v03.simpl,5,3382.3528,0.100,53
10261,tests/train_files/train_none_few_light_has_medium_v01.simpl,5,5999.9995,0.100,12
10262,tests/train_files/train_none_few_light_has_medium_v02.simpl,5,6666.6665,0.100,12
10263,tests/train_files/train_none_few_light_has_medium_v03.simpl,5,3333.3333,0.100,12
10264,tests/train_files/train_none_few_light_has_tiny_v01.simpl,5,5499.9995,0.100,11
10265,tests/train_files/train_none_few_light_has_tiny_v02.simpl,5,2999.9998,0.100,11
10266,tests/train_files/train_none_few_light_has_tiny_v03.simpl,5,6333.3330,0.100,11
10267,tests/train_files/train_none_few_light_no_large_v01.simpl,5,4340.6592,0.100,53
10268,tests/train_files/train_none_few_light_no_large_v02.simpl,5,4519.2305,0.100,55
10269,tests/train_files/train_none_few_light_no_large_v03.simpl,5,4071.4285,0.100,53
10270,tests/train_files/train_none_few_light_no_medium_v01.simpl,5,3999.9998,0.100,12
10271,tests/train_files/train_none_few_light_no_medium_v02.simpl,5,4999.9995,0.100,14
10272,tests/train_files/train_none_few_light_no_medium_v03.simpl,5,4666.6665,0.100,12
10273,tests/train_files/train_none_few_light_no_tiny_v01.simpl,5,3749.9998,0.100,11
10274,tests/train_files/train_none_few_light_no_tiny_v02.simpl,5,5333.3330,0.100,13
10275,tests/train_files/train_none_few_light_no_tiny_v03.simpl,5,5749.9995,0.100,11
10276,tests/train_files/train_none_few_none_has_large_v01.simpl,5,3900.0000,0.100,55
10277,tests/train_files/train_none_few_none_has_large_v02.simpl,5,2681.8184,0.100,55
10278,tests/train_files/train_none_few_none_has_large_v03.simpl,5,4214.2856,0.100,55
10279,tests/train_files/train_none_few_none_has_medium_v01.simpl,5,5111.1108,0.100,14
10280,tests/train_files/train_none_few_none_has_medium_v02.simpl,5,5250.0000,0.100,14
10281,tests/train_files/train_none_few_none_has_medium_v03.simpl,5,3000.0000,0.100,14
10282,tests/train_files/train_none_few_none_has_tiny_v01.simpl,5,6333.3330,0.100,11
10283,tests/train_files/train_none_few_none_has_tiny_v02.simpl,5,6333.3330,0.100,11
10284,tests/train_files/train_none_few_none_has_tiny_v03.simpl,5,6333.3330,0.100,11
10285,tests/train_files/train_none_few_none_no_large_v01.simpl,5,4214.2856,0.100,55
10286,tests/train_files/train_none_few_none_no_large_v02.simpl,5,3937.4998,0.100,57
10287,tests/train_files/train_none_few_none_no_large_v03.simpl,5,3900.0000,0.100,55
10288,tests/train_files/train_none_few_none_no_medium_v01.simpl,5,6500.0000,0.100,14
10289,tests/train_files/train_none_few_none_no_medium_v02.simpl,5,4500.0000,0.100,16
10290,tests/train_files/train_none_few_none_no_medium_v03.simpl,5,4500.0000,0.100,14
10291,tests/train_files/train_none_few_none_no_tiny_v01.simpl,5,6333.3330,0.100,11
10292,tests/train_files/train_none_few_none_no_tiny_v02.simpl,5,8333.3330,0.100,13
10293,tests/train_files/train_none_few_none_no_tiny_v03.simpl,5,5749.9995,0.100,11
10294,tests/train_files/train_none_many_dominated_has_large_v01.simpl,5,4141.0254,0.100,48
10295,tests/train_files/train_none_many_dominated_has_large_v02.simpl,5,4404.7617,0.100,51
10296,tests/train_files/train_none_many_dominated_has_large_v03.simpl,5,4783.3330,0.100,49
10297,tests/train_files/train_none_many_dominated_has_medium_v01.simpl,5,5000.0000,0.100,20
10298,tests/train_files/train_none_many_dominated_has_medium_v02.simpl,5,5666.6670,0.100,23
10299,tests/train_files/train_none_many_dominated_has_medium_v03.simpl,5,5500.0000,0.100,21
10300,tests/train_files/train_none_many_dominated_no_large_v01.simpl,5,3738.0952,0.100,47
10301,tests/train_files/train_none_many_dominated_no_large_v02.simpl,5,4471.4287,0.100,50
10302,tests/train_files/train_none_many_dominated_no_large_v03.simpl,5,4583.3330,0.100,48
10303,tests/train_files/train_none_many_dominated_no_medium_v01.simpl,5,5000.0000,0.100,19
10304,tests/train_files/train_none_many_dominated_no_medium_v02.simpl,5,6000.0000,0.100,22
10305,tests/train_files/train_none_many_dominated_no_medium_v03.simpl,5,5500.0000,0.100,20
10306,tests/train_files/train_none_many_light_has_large_v01.simpl,5,4483.5166,0.100,54
10307,tests/train_files/train_none_many_light_has_large_v02.simpl,5,4642.8569,0.100,57
10308,tests/train_files/train_none_many_light_has_large_v03.simpl,5,4500.0000,0.100,55
10309,tests/train_files/train_none_many_light_has_medium_v01.simpl,5,5500.0000,0.100,20
10310,tests/train_files/train_none_many_light_has_medium_v02.simpl,5,7000.0000,0.100,23
10311,tests/train_files/train_none_many_light_has_medium_v03.simpl,5,5000.0000,0.100,21
10312,tests/train_files/train_none_many_light_no_large_v01.simpl,5,3838.0952,0.100,53
10313,tests/train_files/train_none_many_light_no_large_v02.simpl,5,4769.2305,0.100,56
10314,tests/train_files/train_none_many_light_no_large_v03.simpl,5,4100.0000,0.100,54
10315,tests/train_files/train_none_many_light_no_medium_v01.simpl,5,5749.9995,0.100,19
10316,tests/train_files/train_none_many_light_no_medium_v02.simpl,5,6500.0000,0.100,22
10317,tests/train_files/train_none_many_light_no_medium_v03.simpl,5,5500.0000,0.100,20
10318,tests/train_files/train_none_many_none_has_large_v01.simpl,5,4114.2856,0.100,56
10319,tests/train_files/train_none_many_none_has_large_v02.simpl,5,5065.9341,0.100,59
10320,tests/train_files/train_none_many_none_has_large_v03.simpl,5,4044.6426,0.100,57
10321,tests/train_files/train_none_many_none_has_medium_v01.simpl,5,5500.0000,0.100,20
10322,tests/train_files/train_none_many_none_has_medium_v02.simpl,5,5874.9995,0.100,23
10323,tests/train_files/train_none_many_none_has_medium_v03.simpl,5,6749.9995,0.100,21
10324,tests/train_files/train_none_many_none_no_large_v01.simpl,5,4494.5054,0.100,55
10325,tests/train_files/train_none_many_none_no_large_v02.simpl,5,4923.0767,0.100,58
10326,tests/train_files/train_none_many_none_no_large_v03.simpl,5,4233.3335,0.100,56
10327,tests/train_files/train_none_many_none_no_medium_v01.simpl,5,7000.0000,0.100,19
10328,tests/train_files/train_none_many_none_no_medium_v02.simpl,5,5333.3330,0.100,22
10329,tests/train_files/train_none_many_none_no_medium_v03.simpl,5,8750.0000,0.100,20
10330,tests/train_files/train_none_none_dominated_no_large_v01.simpl,5,3769.2307,0.100,49
10331,tests/train_files/train_none_none_dominated_no_large_v02.simpl,5,3769.2307,0.100,49
10332,tests/train_files/train_none_none_dominated_no_large_v03.simpl,5,3266.6667,0.100,49
10333,tests/train_files/train_none_none_dominated_no_medium_v01.simpl,5,2666.6667,0.100,8
10334,tests/train_files/train_none_none_dominated_no_medium_v02.simpl,5,1999.9999,0.100,8
10335,tests/train_files/train_none_none_dominated_no_medium_v03.simpl,5,2666.6667,0.100,8
10336,tests/train_files/train_none_none_dominated_no_tiny_v01.simpl,5,500.0000,0.100,1
10337,tests/train_files/train_none_none_dominated_no_tiny_v02.simpl,5,500.0000,0.100,1
10338,tests/train_files/train_none_none_dominated_no_tiny_v03.simpl,5,333.3333,0.100,1
10339,tests/train_files/train_none_none_none_no_large_v01.simpl,5,2847.2224,0.100,50
10340,tests/train_files/train_none_none_none_no_large_v02.simpl,5,3025.2100,0.100,50
10341,tests/train_files/train_none_none_none_no_large_v03.simpl,5,3642.8572,0.100,50
10342,tests/train_files/train_none_none_none_no_medium_v01.simpl,5,1888.8889,0.100,9
10343,tests/train_files/train_none_none_none_no_medium_v02.simpl,5,2333.3333,0.100,9
10344,tests/train_files/train_none_none_none_no_medium_v03.simpl,5,3666.6667,0.100,9
10345,tests/train_files/train_none_none_none_no_tiny_v01.simpl,5,1333.3333,0.100,2
10346,tests/train_files/train_none_none_none_no_tiny_v02.simpl,5,1499.9999,0.100,2
10347,tests/train_files/train_none_none_none_no_tiny_v03.simpl,5,1499.9999,0.100,2
10348,tests/train_files/train_shallow_few_dominated_has_large_v01.simpl,5,2277.7778,0.100,39
10349,tests/train_files/train_shallow_few_dominated_has_large_v02.simpl,5,2144.7368,0.100,37
10350,tests/train_files/train_shallow_few_dominated_has_large_v03.simpl,5,1880.9524,0.100,37
10351,tests/train_files/train_shallow_few_dominated_has_medium_v01.simpl,5,1000.0000,0.100,6
10352,tests/train_files/train_shallow_few_dominated_has_medium_v02.simpl,5,1300.0000,0.100,4
10353,tests/train_files/train_shallow_few_dominated_has_medium_v03.simpl,5,1333.3333,0.100,4
10354,tests/train_files/train_shallow_few_dominated_no_large_v01.simpl,5,2039.4738,0.100,35
10355,tests/train_files/train_shallow_few_dominated_no_large_v02.simpl,5,1833.3334,0.100,33
10356,tests/train_files/train_shallow_few_dominated_no_large_v03.simpl,5,1900.0000,0.100,35
10357,tests/train_files/train_shallow_few_dominated_no_medium_v01.simpl,5,590.9091,0.100,2
10358,tests/train_files/train_shallow_few_dominated_no_medium_v02.simpl,5,0.0000,0.100,0
10359,tests/train_files/train_shallow_few_dominated_no_medium_v03.simpl,5,576.9230,0.100,2
10360,tests/train_files/train_shallow_few_light_has_large_v01.simpl,5,1961.0391,0.100,41
10361,tests/train_files/train_shallow_few_light_has_large_v02.simpl,5,2361.1111,0.100,39
10362,tests/train_files/train_shallow_few_light_has_large_v03.simpl,5,2166.6667,0.100,39
10363,tests/train_files/train_shallow_few_light_has_medium_v01.simpl,5,954.5454,0.100,6
10364,tests/train_files/train_shallow_few_light_has_medium_v02.simpl,5,833.3333,0.100,4
10365,tests/train_files/train_shallow_few_light_has_medium_v03.simpl,5,1300.0000,0.100,4
10366,tests/train_files/train_shallow_few_light_no_large_v01.simpl,5,2317.6470,0.100,37
10367,tests/train_files/train_shallow_few_light_no_large_v02.simpl,5,1666.6667,0.100,35
10368,tests/train_files/train_shallow_few_light_no_large_v03.simpl,5,2250.0000,0.100,37
10369,tests/train_files/train_shallow_few_light_no_medium_v01.simpl,5,590.9091,0.100,2
10370,tests/train_files/train_shallow_few_light_no_medium_v02.simpl,5,0.0000,0.100,0
10371,tests/train_files/train_shallow_few_light_no_medium_v03.simpl,5,611.1111,0.100,2
10372,tests/train_files/train_shallow_few_none_has_large_v01.simpl,5,2476.1907,0.100,43
10373,tests/train_files/train_shallow_few_none_has_large_v02.simpl,5,2552.9412,0.100,41
10374,tests/train_files/train_shallow_few_none_has_large_v03.simpl,5,1833.3333,0.100,41
10375,tests/train_files/train_shallow_few_none_has_medium_v01.simpl,5,1055.5555,0.100,6
10376,tests/train_files/train_shallow_few_none_has_medium_v02.simpl,5,1300.0000,0.100,4
10377,tests/train_files/train_shallow_few_none_has_medium_v03.simpl,5,833.3333,0.100,4
10378,tests/train_files/train_shallow_few_none_no_large_v01.simpl,5,2361.1111,0.100,39
10379,tests/train_files/train_shallow_few_none_no_large_v02.simpl,5,1947.3685,0.100,37
10380,tests/train_files/train_shallow_few_none_no_large_v03.simpl,5,1740.7407,0.100,39
10381,tests/train_files/train_shallow_few_none_no_medium_v01.simpl,5,611.1111,0.100,2
10382,tests/train_files/train_shallow_few_none_no_medium_v02.simpl,5,0.0000,0.100,0
10383,tests/train_files/train_shallow_few_none_no_medium_v03.simpl,5,1111.1111,0.100,2
10384,tests/train_files/train_shallow_many_dominated_has_large_v01.simpl,5,3150.0000,0.100,32
10385,tests/train_files/train_shallow_many_dominated_has_large_v02.simpl,5,2611.1111,0.100,29
10386,tests/train_files/train_shallow_many_dominated_has_large_v03.simpl,5,2602.9412,0.100,30
10387,tests/train_files/train_shallow_many_dominated_has_medium_v01.simpl,5,2999.9998,0.100,11
10388,tests/train_files/train_shallow_many_dominated_has_medium_v02.simpl,5,2153.8462,0.100,8
10389,tests/train_files/train_shallow_many_dominated_has_medium_v03.simpl,5,2153.8459,0.100,9
10390,tests/train_files/train_shallow_many_dominated_no_large_v01.simpl,5,2900.0000,0.100,31
10391,tests/train_files/train_shallow_many_dominated_no_large_v02.simpl,5,2400.0000,0.100,28
10392,tests/train_files/train_shallow_many_dominated_no_large_v03.simpl,5,2513.0435,0.100,29
10393,tests/train_files/train_shallow_many_dominated_no_medium_v01.simpl,5,2326.9231,0.100,10
10394,tests/train_files/train_shallow_many_dominated_no_medium_v02.simpl,5,1749.9999,0.100,7
10395,tests/train_files/train_shallow_many_dominated_no_medium_v03.simpl,5,1999.9999,0.100,8
10396,tests/train_files/train_shallow_many_light_has_large_v01.simpl,5,3266.6667,0.100,38
10397,tests/train_files/train_shallow_many_light_has_large_v02.simpl,5,2811.1113,0.100,35
10398,tests/train_files/train_shallow_many_light_has_large_v03.simpl,5,3200.0000,0.100,36
10399,tests/train_files/train_shallow_many_light_has_medium_v01.simpl,5,3064.1025,0.100,11
10400,tests/train_files/train_shallow_many_light_has_medium_v02.simpl,5,1903.8462,0.100,8
10401,tests/train_files/train_shallow_many_light_has_medium_v03.simpl,5,2166.6665,0.100,9
10402,tests/train_files/train_shallow_many_light_no_large_v01.simpl,5,3355.5557,0.100,37
10403,tests/train_files/train_shallow_many_light_no_large_v02.simpl,5,2900.0000,0.100,34
10404,tests/train_files/train_shallow_many_light_no_large_v03.simpl,5,2619.0479,0.100,35
10405,tests/train_files/train_shallow_many_light_no_medium_v01.simpl,5,2333.3333,0.100,10
10406,tests/train_files/train_shallow_many_light_no_medium_v02.simpl,5,2333.3333,0.100,7
10407,tests/train_files/train_shallow_many_light_no_medium_v03.simpl,5,2666.6667,0.100,8
10408,tests/train_files/train_shallow_many_none_has_large_v01.simpl,5,3377.7778,0.100,40
10409,tests/train_files/train_shallow_many_none_has_large_v02.simpl,5,3073.5293,0.100,37
10410,tests/train_files/train_shallow_many_none_has_large_v03.simpl,5,2842.8572,0.100,38
10411,tests/train_files/train_shallow_many_none_has_medium_v01.simpl,5,3583.3333,0.100,11
10412,tests/train_files/train_shallow_many_none_has_medium_v02.simpl,5,2820.5127,0.100,8
10413,tests/train_files/train_shallow_many_none_has_medium_v03.simpl,5,3166.6667,0.100,9
10414,tests/train_files/train_shallow_many_none_no_large_v01.simpl,5,3300.0000,0.100,39
10415,tests/train_files/train_shallow_many_none_no_large_v02.simpl,5,2926.3159,0.100,36
10416,tests/train_files/train_shallow_many_none_no_large_v03.simpl,5,2980.9524,0.100,37
10417,tests/train_files/train_shallow_many_none_no_medium_v01.simpl,5,3083.3333,0.100,10
10418,tests/train_files/train_shallow_many_none_no_medium_v02.simpl,5,2333.3333,0.100,7
10419,tests/train_files/train_shallow_many_none_no_medium_v03.simpl,5,2666.6667,0.100,8
10420,tests/train_files/train_shallow_none_dominated_no_large_v01.simpl,5,1448.2759,0.100,42
10421,tests/train_files/train_shallow_none_dominated_no_large_v02.simpl,5,2624.9998,0.100,42
10422,tests/train_files/train_shallow_none_dominated_no_large_v03.simpl,5,2100.0000,0.100,42
10423,tests/train_files/train_shallow_none_dominated_no_medium_v01.simpl,5,142.8571,0.100,1
10424,tests/train_files/train_shallow_none_dominated_no_medium_v02.simpl,5,142.8571,0.100,1
10425,tests/train_files/train_shallow_none_dominated_no_medium_v03.simpl,5,142.8571,0.100,1
10426,tests/train_files/train_shallow_none_none_no_large_v01.simpl,5,2333.3335,0.100,42
10427,tests/train_files/train_shallow_none_none_no_large_v02.simpl,5,2470.5881,0.100,42
10428,tests/train_files/train_shallow_none_none_no_large_v03.simpl,5,2000.0000,0.100,42
10429,tests/train_files/train_shallow_none_none_no_medium_v01.simpl,5,125.0000,0.100,1
10430,tests/train_files/train_shallow_none_none_no_medium_v02.simpl,5,125.0000,0.100,1
10431,tests/train_files/train_shallow_none_none_no_medium_v03.simpl,5,111.1111,0.100,1
10432,tests/train_files/train_shallow_none_none_no_tiny_v01.simpl,5,0.0000,0.100,0
10433,tests/train_files/train_shallow_none_none_no_tiny_v02.simpl,5,0.0000,0.100,0
10434,tests/train_files/train_shallow_none_none_no_tiny_v03.simpl,5,0.0000,0.100,0
10435,tests/train_files/train_deep_few_dominated_has_large_v01.simpl,5,1676.1906,0.100,32
10436,tests/train_files/train_deep_few_dominated_has_large_v02.simpl,5,1700.0000,0.100,30
10437,tests/train_files/train_deep_few_dominated_has_large_v03.simpl,5,1518.1819,0.100,30
10438,tests/train_files/train_deep_few_dominated_has_medium_v01.simpl,5,1333.3333,0.100,6
10439,tests/train_files/train_deep_few_dominated_has_medium_v02.simpl,5,700.0000,0.100,4
10440,tests/train_files/train_deep_few_dominated_has_medium_v03.simpl,5,700.0000,0.100,4
10441,tests/train_files/train_deep_few_dominated_no_large_v01.simpl,5,1550.0000,0.100,28
10442,tests/train_files/train_deep_few_dominated_no_large_v02.simpl,5,1181.8182,0.100,26
10443,tests/train_files/train_deep_few_dominated_no_large_v03.simpl,5,1280.0000,0.100,28
10444,tests/train_files/train_deep_few_dominated_no_medium_v01.simpl,5,395.8333,0.100,2
10445,tests/train_files/train_deep_few_dominated_no_medium_v02.simpl,5,0.0000,0.100,0
10446,tests/train_files/train_deep_few_dominated_no_medium_v03.simpl,5,566.6666,0.100,2
10447,tests/train_files/train_deep_few_light_has_large_v01.simpl,5,1575.0000,0.100,34
10448,tests/train_files/train_deep_few_light_has_large_v02.simpl,5,1726.1906,0.100,32
10449,tests/train_files/train_deep_few_light_has_large_v03.simpl,5,1609.0909,0.100,32
10450,tests/train_files/train_deep_few_light_has_medium_v01.simpl,5,1357.1428,0.100,6
10451,tests/train_files/train_deep_few_light_has_medium_v02.simpl,5,687.4999,0.100,4
10452,tests/train_files/train_deep_few_light_has_medium_v03.simpl,5,700.0000,0.100,4
10453,tests/train_files/train_deep_few_light_no_large_v01.simpl,5,1568.1819,0.100,30
10454,tests/train_files/train_deep_few_light_no_large_v02.simpl,5,1272.7273,0.100,28
10455,tests/train_files/train_deep_few_light_no_large_v03.simpl,5,1650.0000,0.100,30
10456,tests/train_files/train_deep_few_light_no_medium_v01.simpl,5,395.8333,0.100,2
10457,tests/train_files/train_deep_few_light_no_medium_v02.simpl,5,0.0000,0.100,0
10458,tests/train_files/train_deep_few_light_no_medium_v03.simpl,5,400.0000,0.100,2
10459,tests/train_files/train_deep_few_none_has_large_v01.simpl,5,1866.6667,0.100,36
10460,tests/train_files/train_deep_few_none_has_large_v02.simpl,5,1850.0000,0.100,34
10461,tests/train_files/train_deep_few_none_has_large_v03.simpl,5,1634.7826,0.100,34
10462,tests/train_files/train_deep_few_none_has_medium_v01.simpl,5,857.1428,0.100,6
10463,tests/train_files/train_deep_few_none_has_medium_v02.simpl,5,666.6666,0.100,4
10464,tests/train_files/train_deep_few_none_has_medium_v03.simpl,5,687.4999,0.100,4
10465,tests/train_files/train_deep_few_none_no_large_v01.simpl,5,1750.0000,0.100,32
10466,tests/train_files/train_deep_few_none_no_large_v02.simpl,5,1304.3478,0.100,30
10467,tests/train_files/train_deep_few_none_no_large_v03.simpl,5,1307.1428,0.100,32
10468,tests/train_files/train_deep_few_none_no_medium_v01.simpl,5,566.6666,0.100,2
10469,tests/train_files/train_deep_few_none_no_medium_v02.simpl,5,0.0000,0.100,0
10470,tests/train_files/train_deep_few_none_no_medium_v03.simpl,5,566.6666,0.100,2
10471,tests/train_files/train_deep_many_dominated_has_large_v01.simpl,5,2311.4036,0.100,25
10472,tests/train_files/train_deep_many_dominated_has_large_v02.simpl,5,1977.2727,0.100,22
10473,tests/train_files/train_deep_many_dominated_has_large_v03.simpl,5,2250.0000,0.100,23
10474,tests/train_files/train_deep_many_dominated_has_medium_v01.simpl,5,2019.6078,0.100,14
10475,tests/train_files/train_deep_many_dominated_has_medium_v02.simpl,5,1543.8596,0.100,10
10476,tests/train_files/train_deep_many_dominated_has_medium_v03.simpl,5,1543.8597,0.100,11
10477,tests/train_files/train_deep_many_dominated_no_large_v01.simpl,5,2250.0000,0.100,24
10478,tests/train_files/train_deep_many_dominated_no_large_v02.simpl,5,1833.3333,0.100,21
10479,tests/train_files/train_deep_many_dominated_no_large_v03.simpl,5,2236.3638,0.100,22
10480,tests/train_files/train_deep_many_dominated_no_medium_v01.simpl,5,2308.8235,0.100,10
10481,tests/train_files/train_deep_many_dominated_no_medium_v02.simpl,5,1749.9999,0.100,7
10482,tests/train_files/train_deep_many_dominated_no_medium_v03.simpl,5,1600.0000,0.100,8
10483,tests/train_files/train_deep_many_light_has_large_v01.simpl,5,2695.4546,0.100,31
10484,tests/train_files/train_deep_many_light_has_large_v02.simpl,5,2333.3333,0.100,28
10485,tests/train_files/train_deep_many_light_has_large_v03.simpl,5,2296.1538,0.100,29
10486,tests/train_files/train_deep_many_light_has_medium_v01.simpl,5,2602.9409,0.100,14
10487,tests/train_files/train_deep_many_light_has_medium_v02.simpl,5,1710.5264,0.100,10
10488,tests/train_files/train_deep_many_light_has_medium_v03.simpl,5,1935.2941,0.100,11
10489,tests/train_files/train_deep_many_light_no_large_v01.simpl,5,2240.2598,0.100,30
10490,tests/train_files/train_deep_many_light_no_large_v02.simpl,5,2075.7576,0.100,27
10491,tests/train_files/train_deep_many_light_no_large_v03.simpl,5,2242.4243,0.100,28
10492,tests/train_files/train_deep_many_light_no_medium_v01.simpl,5,3058.8235,0.100,10
10493,tests/train_files/train_deep_many_light_no_medium_v02.simpl,5,1749.9999,0.100,7
10494,tests/train_files/train_deep_many_light_no_medium_v03.simpl,5,1999.9999,0.100,8
10495,tests/train_files/train_deep_many_none_has_large_v01.simpl,5,2469.6970,0.100,33
10496,tests/train_files/train_deep_many_none_has_large_v02.simpl,5,2340.9092,0.100,30
10497,tests/train_files/train_deep_many_none_has_large_v03.simpl,5,2410.0000,0.100,31
10498,tests/train_files/train_deep_many_none_has_medium_v01.simpl,5,3102.9409,0.100,14
10499,tests/train_files/train_deep_many_none_has_medium_v02.simpl,5,1818.6274,0.100,10
10500,tests/train_files/train_deep_many_none_has_medium_v03.simpl,5,1755.5557,0.100,11
10501,tests/train_files/train_deep_many_none_no_large_v01.simpl,5,2650.0000,0.100,32
10502,tests/train_files/train_deep_many_none_no_large_v02.simpl,5,1956.5217,0.100,29
10503,tests/train_files/train_deep_many_none_no_large_v03.simpl,5,2289.8550,0.100,30
10504,tests/train_files/train_deep_many_none_no_medium_v01.simpl,5,2312.5000,0.100,10
10505,tests/train_files/train_deep_many_none_no_medium_v02.simpl,5,1749.9999,0.100,7
10506,tests/train_files/train_deep_many_none_no_medium_v03.simpl,5,1999.9999,0.100,8
10507,tests/train_files/train_deep_none_dominated_no_large_v01.simpl,5,1750.0000,0.100,35
10508,tests/train_files/train_deep_none_dominated_no_large_v02.simpl,5,1944.4446,0.100,35
10509,tests/train_files/train_deep_none_dominated_no_large_v03.simpl,5,1750.0000,0.100,35
10510,tests/train_files/train_deep_none_dominated_no_medium_v01.simpl,5,90.9091,0.100,1
10511,tests/train_files/train_deep_none_dominated_no_medium_v02.simpl,5,83.3333,0.100,1
10512,tests/train_files/train_deep_none_dominated_no_medium_v03.simpl,5,90.9091,0.100,1
10513,tests/train_files/train_deep_none_none_no_large_v01.simpl,5,1521.7391,0.100,35
10514,tests/train_files/train_deep_none_none_no_large_v02.simpl,5,1842.1053,0.100,35
10515,tests/train_files/train_deep_none_none_no_large_v03.simpl,5,1400.0000,0.100,35
10516,tests/train_files/train_deep_none_none_no_medium_v01.simpl,5,0.0000,0.100,0
10517,tests/train_files/train_deep_none_none_no_medium_v02.simpl,5,0.0000,0.100,0
10518,tests/train_files/train_deep_none_none_no_medium_v03.simpl,5,0.0000,0.100,0
10519,tests/train_files/train_none_few_dominated_has_large_v01.simpl,5,3508.9282,0.100,51
10520,tests/train_files/train_none_few_dominated_has_large_v02.simpl,5,4059.8291,0.100,51
10521,tests/train_files/train_none_few_dominated_has_large_v03.simpl,5,4186.8130,0.100,51
10522,tests/train_files/train_none_few_dominated_has_medium_v01.simpl,5,5749.9995,0.100,11
10523,tests/train_files/train_none_few_dominated_has_medium_v02.simpl,5,6333.3330,0.100,11
10524,tests/train_files/train_none_few_dominated_has_medium_v03.simpl,5,6333.3330,0.100,11
10525,tests/train_files/train_none_few_dominated_no_large_v01.simpl,5,4115.3843,0.100,51
10526,tests/train_files/train_none_few_dominated_no_large_v02.simpl,5,3800.0002,0.100,53
10527,tests/train_files/train_none_few_dominated_no_large_v03.simpl,5,4488.0952,0.100,51
10528,tests/train_files/train_none_few_dominated_no_medium_v01.simpl,5,3749.9998,0.100,11
10529,tests/train_files/train_none_few_dominated_no_medium_v02.simpl,5,8333.3330,0.100,13
10530,tests/train_files/train_none_few_dominated_no_medium_v03.simpl,5,5499.9995,0.100,11
10531,tests/train_files/train_none_few_light_has_large_v01.simpl,5,4000.0000,0.100,53
10532,tests/train_files/train_none_few_light_has_large_v02.simpl,5,3838.0952,0.100,53
10533,tests/train_files/train_none_few_light_has_large_v03.simpl,5,4340.6592,0.100,53
10534,tests/train_files/train_none_few_light_has_medium_v01.simpl,5,7999.9995,0.100,12
10535,tests/train_files/train_none_few_light_has_medium_v02.simpl,5,5999.9995,0.100,12
10536,tests/train_files/train_none_few_light_has_medium_v03.simpl,5,3999.9998,0.100,12
10537,tests/train_files/train_none_few_light_has_tiny_v01.simpl,5,5400.0000,0.100,11
10538,tests/train_files/train_none_few_light_has_tiny_v02.simpl,5,4333.3330,0.100,11
10539,tests/train_files/train_none_few_light_has_tiny_v03.simpl,5,5749.9995,0.100,11
10540,tests/train_files/train_none_few_light_no_large_v01.simpl,5,4071.4285,0.100,53
10541,tests/train_files/train_none_few_light_no_large_v02.simpl,5,4016.6667,0.100,55
10542,tests/train_files/train_none_few_light_no_large_v03.simpl,5,4071.4285,0.100,53
10543,tests/train_files/train_none_few_light_no_medium_v01.simpl,5,5999.9995,0.100,12
10544,tests/train_files/train_none_few_light_no_medium_v02.simpl,5,7999.9995,0.100,14
10545,tests/train_files/train_none_few_light_no_medium_v03.simpl,5,3999.9998,0.100,12
10546,tests/train_files/train_none_few_light_no_tiny_v01.simpl,5,6333.3330,0.100,11
10547,tests/train_files/train_none_few_light_no_tiny_v02.simpl,5,5333.3330,0.100,13
10548,tests/train_files/train_none_few_light_no_tiny_v03.simpl,5,6333.3330,0.100,11
10549,tests/train_files/train_none_few_none_has_large_v01.simpl,5,3184.2107,0.100,55
10550,tests/train_files/train_none_few_none_has_large_v02.simpl,5,3971.4285,0.100,55
10551,tests/train_files/train_none_few_none_has_large_v03.simpl,5,4214.2856,0.100,55
10552,tests/train_files/train_none_few_none_has_medium_v01.simpl,5,6500.0000,0.100,14
10553,tests/train_files/train_none_few_none_has_medium_v02.simpl,5,3833.3335,0.100,14
10554,tests/train_files/train_none_few_none_has_medium_v03.simpl,5,4666.6665,0.100,14
10555,tests/train_files/train_none_few_none_has_tiny_v01.simpl,5,6333.3330,0.100,11
10556,tests/train_files/train_none_few_none_has_tiny_v02.simpl,5,7499.9995,0.100,11
10557,tests/train_files/train_none_few_none_has_tiny_v03.simpl,5,6333.3330,0.100,11
10558,tests/train_files/train_none_few_none_no_large_v01.simpl,5,4214.2856,0.100,55
10559,tests/train_files/train_none_few_none_no_large_v02.simpl,5,4150.0000,0.100,57
10560,tests/train_files/train_none_few_none_no_large_v03.simpl,5,4214.2856,0.100,55
10561,tests/train_files/train_none_few_none_no_medium_v01.simpl,5,6500.0000,0.100,14
10562,tests/train_files/train_none_few_none_no_medium_v02.simpl,5,8500.0000,0.100,16
10563,tests/train_files/train_none_few_none_no_medium_v03.simpl,5,7333.3330,0.100,14
10564,tests/train_files/train_none_few_none_no_tiny_v01.simpl,5,6333.3330,0.100,11
10565,tests/train_files/train_none_few_none_no_tiny_v02.simpl,5,8333.3330,0.100,13
10566,tests/train_files/train_none_few_none_no_tiny_v03.simpl,5,6333.3330,0.100,11
10567,tests/train_files/train_none_many_dominated_has_large_v01.simpl,5,4742.4243,0.100,48
10568,tests/train_files/train_none_many_dominated_has_large_v02.simpl,5,4009.5239,0.100,51
10569,tests/train_files/train_none_many_dominated_has_large_v03.simpl,5,5109.0908,0.100,49
10570,tests/train_files/train_none_many_dominated_has_medium_v01.simpl,5,5500.0000,0.100,20
10571,tests/train_files/train_none_many_dominated_has_medium_v02.simpl,5,5666.6670,0.100,23
10572,tests/train_files/train_none_many_dominated_has_medium_v03.simpl,5,6000.0000,0.100,21
10573,tests/train_files/train_none_many_dominated_no_large_v01.simpl,5,3533.3335,0.100,47
10574,tests/train_files/train_none_many_dominated_no_large_v02.simpl,5,4474.3589,0.100,50
10575,tests/train_files/train_none_many_dominated_no_large_v03.simpl,5,4307.6924,0.100,48
10576,tests/train_files/train_none_many_dominated_no_medium_v01.simpl,5,4333.3335,0.100,19
10577,tests/train_files/train_none_many_dominated_no_medium_v02.simpl,5,6500.0000,0.100,22
10578,tests/train_files/train_none_many_dominated_no_medium_v03.simpl,5,5000.0000,0.100,20
10579,tests/train_files/train_none_many_light_has_large_v01.simpl,5,4324.7861,0.100,54
10580,tests/train_files/train_none_many_light_has_large_v02.simpl,5,4912.0879,0.100,57
10581,tests/train_files/train_none_many_light_has_large_v03.simpl,5,4266.6670,0.100,55
10582,tests/train_files/train_none_many_light_has_medium_v01.simpl,5,3863.6362,0.100,20
10583,tests/train_files/train_none_many_light_has_medium_v02.simpl,5,9000.0000,0.100,23
10584,tests/train_files/train_none_many_light_has_medium_v03.simpl,5,6000.0000,0.100,21
10585,tests/train_files/train_none_many_light_no_large_v01.simpl,5,4071.4285,0.100,53
10586,tests/train_files/train_none_many_light_no_large_v02.simpl,5,4958.3330,0.100,56
10587,tests/train_files/train_none_many_light_no_large_v03.simpl,5,4602.5640,0.100,54
10588,tests/train_files/train_none_many_light_no_medium_v01.simpl,5,5749.9995,0.100,19
10589,tests/train_files/train_none_many_light_no_medium_v02.simpl,5,7249.9995,0.100,22
10590,tests/train_files/train_none_many_light_no_medium_v03.simpl,5,4642.8574,0.100,20
10591,tests/train_files/train_none_many_none_has_large_v01.simpl,5,3547.6191,0.100,56
10592,tests/train_files/train_none_many_none_has_large_v02.simpl,5,4923.0767,0.100,59
10593,tests/train_files/train_none_many_none_has_large_v03.simpl,5,4642.8569,0.100,57
10594,tests/train_files/train_none_many_none_has_medium_v01.simpl,5,5500.0000,0.100,20
10595,tests/train_files/train_none_many_none_has_medium_v02.simpl,5,7749.9995,0.100,23
10596,tests/train_files/train_none_many_none_has_medium_v03.simpl,5,6749.9995,0.100,21
10597,tests/train_files/train_none_many_none_no_large_v01.simpl,5,3971.4285,0.100,55
10598,tests/train_files/train_none_many_none_no_large_v02.simpl,5,5089.7437,0.100,58
10599,tests/train_files/train_none_many_none_no_large_v03.simpl,5,4756.4102,0.100,56
10600,tests/train_files/train_none_many_none_no_medium_v01.simpl,5,7749.9995,0.100,19
10601,tests/train_files/train_none_many_none_no_medium_v02.simpl,5,5333.3330,0.100,22
10602,tests/train_files/train_none_many_none_no_medium_v03.simpl,5,8000.0000,0.100,20
10603,tests/train_files/train_none_none_dominated_no_large_v01.simpl,5,3769.2307,0.100,49
10604,tests/train_files/train_none_none_dominated_no_large_v02.simpl,5,3769.2307,0.100,49
10605,tests/train_files/train_none_none_dominated_no_large_v03.simpl,5,3266.6667,0.100,49
10606,tests/train_files/train_none_none_dominated_no_medium_v01.simpl,5,2666.6667,0.100,8
10607,tests/train_files/train_none_none_dominated_no_medium_v02.simpl,5,3999.9998,0.100,8
10608,tests/train_files/train_none_none_dominated_no_medium_v03.simpl,5,2666.6667,0.100,8
10609,tests/train_files/train_none_none_dominated_no_tiny_v01.simpl,5,500.0000,0.100,1
10610,tests/train_files/train_none_none_dominated_no_tiny_v02.simpl,5,500.0000,0.100,1
10611,tests/train_files/train_none_none_dominated_no_tiny_v03.simpl,5,333.3333,0.100,1
10612,tests/train_files/train_none_none_none_no_large_v01.simpl,5,2865.0796,0.100,50
10613,tests/train_files/train_none_none_none_no_large_v02.simpl,5,3642.8572,0.100,50
10614,tests/train_files/train_none_none_none_no_large_v03.simpl,5,3912.0879,0.100,50
10615,tests/train_files/train_none_none_none_no_medium_v01.simpl,5,2999.9998,0.100,9
10616,tests/train_files/train_none_none_none_no_medium_v02.simpl,5,2999.9998,0.100,9
10617,tests/train_files/train_none_none_none_no_medium_v03.simpl,5,2600.0000,0.100,9
10618,tests/train_files/train_none_none_none_no_tiny_v01.simpl,5,1499.9999,0.100,2
10619,tests/train_files/train_none_none_none_no_tiny_v02.simpl,5,1499.9999,0.100,2
10620,tests/train_files/train_none_none_none_no_tiny_v03.simpl,5,999.9999,0.100,2
10621,tests/train_files/train_shallow_few_dominated_has_large_v01.simpl,5,2401.9607,0.100,39
10622,tests/train_files/train_shallow_few_dominated_has_large_v02.simpl,5,2416.6667,0.100,37
10623,tests/train_files/train_shallow_few_dominated_has_large_v03.simpl,5,2000.0000,0.100,37
10624,tests/train_files/train_shallow_few_dominated_has_medium_v01.simpl,5,884.6154,0.100,6
10625,tests/train_files/train_shallow_few_dominated_has_medium_v02.simpl,5,1272.7272,0.100,4
10626,tests/train_files/train_shallow_few_dominated_has_medium_v03.simpl,5,1272.7272,0.100,4
10627,tests/train_files/train_shallow_few_dominated_no_large_v01.simpl,5,1795.4546,0.100,35
10628,tests/train_files/train_shallow_few_dominated_no_large_v02.simpl,5,1833.3334,0.100,33
10629,tests/train_files/train_shallow_few_dominated_no_large_v03.simpl,5,1950.0000,0.100,35
10630,tests/train_files/train_shallow_few_dominated_no_medium_v01.simpl,5,590.9091,0.100,2
10631,tests/train_files/train_shallow_few_dominated_no_medium_v02.simpl,5,0.0000,0.100,0
10632,tests/train_files/train_shallow_few_dominated_no_medium_v03.simpl,5,600.0000,0.100,2
10633,tests/train_files/train_shallow_few_light_has_large_v01.simpl,5,2166.6667,0.100,41
10634,tests/train_files/train_shallow_few_light_has_large_v02.simpl,5,2401.9607,0.100,39
10635,tests/train_files/train_shallow_few_light_has_large_v03.simpl,5,2166.6667,0.100,39
10636,tests/train_files/train_shallow_few_light_has_medium_v01.simpl,5,1055.5555,0.100,6
10637,tests/train_files/train_shallow_few_light_has_medium_v02.simpl,5,1300.0000,0.100,4
10638,tests/train_files/train_shallow_few_light_has_medium_v03.simpl,5,772.7272,0.100,4
10639,tests/train_files/train_shallow_few_light_no_large_v01.simpl,5,2144.7368,0.100,37
10640,tests/train_files/train_shallow_few_light_no_large_v02.simpl,5,1842.1053,0.100,35
10641,tests/train_files/train_shallow_few_light_no_large_v03.simpl,5,2133.3333,0.100,37
10642,tests/train_files/train_shallow_few_light_no_medium_v01.simpl,5,611.1111,0.100,2
10643,tests/train_files/train_shallow_few_light_no_medium_v02.simpl,5,0.0000,0.100,0
10644,tests/train_files/train_shallow_few_light_no_medium_v03.simpl,5,590.9091,0.100,2
10645,tests/train_files/train_shallow_few_none_has_large_v01.simpl,5,2266.6667,0.100,43
10646,tests/train_files/train_shallow_few_none_has_large_v02.simpl,5,2200.0000,0.100,41
10647,tests/train_files/train_shallow_few_none_has_large_v03.simpl,5,2029.7620,0.100,41
10648,tests/train_files/train_shallow_few_none_has_medium_v01.simpl,5,1454.5454,0.100,6
10649,tests/train_files/train_shallow_few_none_has_medium_v02.simpl,5,633.3334,0.100,4
10650,tests/train_files/train_shallow_few_none_has_medium_v03.simpl,5,1272.7272,0.100,4
10651,tests/train_files/train_shallow_few_none_no_large_v01.simpl,5,2250.0000,0.100,39
10652,tests/train_files/train_shallow_few_none_no_large_v02.simpl,5,1681.8182,0.100,37
10653,tests/train_files/train_shallow_few_none_no_large_v03.simpl,5,2150.0000,0.100,39
10654,tests/train_files/train_shallow_few_none_no_medium_v01.simpl,5,576.9230,0.100,2
10655,tests/train_files/train_shallow_few_none_no_medium_v02.simpl,5,0.0000,0.100,0
10656,tests/train_files/train_shallow_few_none_no_medium_v03.simpl,5,1076.9230,0.100,2
10657,tests/train_files/train_shallow_many_dominated_has_large_v01.simpl,5,3150.0000,0.100,32
10658,tests/train_files/train_shallow_many_dominated_has_large_v02.simpl,5,2436.2744,0.100,29
10659,tests/train_files/train_shallow_many_dominated_has_large_v03.simpl,5,2377.1931,0.100,30
10660,tests/train_files/train_shallow_many_dominated_has_medium_v01.simpl,5,2999.9998,0.100,11
10661,tests/train_files/train_shallow_many_dominated_has_medium_v02.simpl,5,2309.5237,0.100,8
10662,tests/train_files/train_shallow_many_dominated_has_medium_v03.simpl,5,2142.8569,0.100,9
10663,tests/train_files/train_shallow_many_dominated_no_large_v01.simpl,5,2794.1177,0.100,31
10664,tests/train_files/train_shallow_many_dominated_no_large_v02.simpl,5,2505.2632,0.100,28
10665,tests/train_files/train_shallow_many_dominated_no_large_v03.simpl,5,2500.0000,0.100,29
10666,tests/train_files/train_shallow_many_dominated_no_medium_v01.simpl,5,2333.3333,0.100,10
10667,tests/train_files/train_shallow_many_dominated_no_medium_v02.simpl,5,1400.0000,0.100,7
10668,tests/train_files/train_shallow_many_dominated_no_medium_v03.simpl,5,1600.0000,0.100,8
10669,tests/train_files/train_shallow_many_light_has_large_v01.simpl,5,3450.0000,0.100,38
10670,tests/train_files/train_shallow_many_light_has_large_v02.simpl,5,2776.3159,0.100,35
10671,tests/train_files/train_shallow_many_light_has_large_v03.simpl,5,2780.9524,0.100,36
10672,tests/train_files/train_shallow_many_light_has_medium_v01.simpl,5,3606.0605,0.100,11
10673,tests/train_files/train_shallow_many_light_has_medium_v02.simpl,5,1903.8462,0.100,8
10674,tests/train_files/train_shallow_many_light_has_medium_v03.simpl,5,2653.8462,0.100,9
10675,tests/train_files/train_shallow_many_light_no_large_v01.simpl,5,3200.0000,0.100,37
10676,tests/train_files/train_shallow_many_light_no_large_v02.simpl,5,2900.0000,0.100,34
10677,tests/train_files/train_shallow_many_light_no_large_v03.simpl,5,2950.0000,0.100,35
10678,tests/train_files/train_shallow_many_light_no_medium_v01.simpl,5,2333.3333,0.100,10
10679,tests/train_files/train_shallow_many_light_no_medium_v02.simpl,5,1749.9999,0.100,7
10680,tests/train_files/train_shallow_many_light_no_medium_v03.simpl,5,1999.9999,0.100,8
10681,tests/train_files/train_shallow_many_none_has_large_v01.simpl,5,3377.7778,0.100,40
10682,tests/train_files/train_shallow_many_none_has_large_v02.simpl,5,2664.9124,0.100,37
10683,tests/train_files/train_shallow_many_none_has_large_v03.simpl,5,2491.6665,0.100,38
10684,tests/train_files/train_shallow_many_none_has_medium_v01.simpl,5,3064.1025,0.100,11
10685,tests/train_files/train_shallow_many_none_has_medium_v02.simpl,5,2320.5127,0.100,8
10686,tests/train_files/train_shallow_many_none_has_medium_v03.simpl,5,2153.8459,0.100,9
10687,tests/train_files/train_shallow_many_none_no_large_v01.simpl,5,3378.9473,0.100,39
10688,tests/train_files/train_shallow_many_none_no_large_v02.simpl,5,2692.9824,0.100,36
10689,tests/train_files/train_shallow_many_none_no_large_v03.simpl,5,2859.6492,0.100,37
10690,tests/train_files/train_shallow_many_none_no_medium_v01.simpl,5,2333.3333,0.100,10
10691,tests/train_files/train_shallow_many_none_no_medium_v02.simpl,5,2333.3333,0.100,7
10692,tests/train_files/train_shallow_many_none_no_medium_v03.simpl,5,1999.9999,0.100,8
10693,tests/train_files/train_shallow_none_dominated_no_large_v01.simpl,5,2470.5881,0.100,42
10694,tests/train_files/train_shallow_none_dominated_no_large_v02.simpl,5,2800.0000,0.100,42
10695,tests/train_files/train_shallow_none_dominated_no_large_v03.simpl,5,2100.0000,0.100,42
10696,tests/train_files/train_shallow_none_dominated_no_medium_v01.simpl,5,142.8571,0.100,1
10697,tests/train_files/train_shallow_none_dominated_no_medium_v02.simpl,5,125.0000,0.100,1
10698,tests/train_files/train_shallow_none_dominated_no_medium_v03.simpl,5,125.0000,0.100,1
10699,tests/train_files/train_shallow_none_none_no_large_v01.simpl,5,1909.0909,0.100,42
10700,tests/train_files/train_shallow_none_none_no_large_v02.simpl,5,2470.5881,0.100,42
10701,tests/train_files/train_shallow_none_none_no_large_v03.simpl,5,2000.0000,0.100,42
10702,tests/train_files/train_shallow_none_none_no_medium_v01.simpl,5,100.0000,0.100,1
10703,tests/train_files/train_shallow_none_none_no_medium_v02.simpl,5,111.1111,0.100,1
10704,tests/train_files/train_shallow_none_none_no_medium_v03.simpl,5,125.0000,0.100,1
10705,tests/train_files/train_shallow_none_none_no_tiny_v01.simpl,5,0.0000,0.100,0
10706,tests/train_files/train_shallow_none_none_no_tiny_v02.simpl,5,0.0000,0.100,0
10707,tests/train_files/train_shallow_none_none_no_tiny_v03.simpl,5,0.0000,0.100,0
10708,tests/train_files/train_deep_few_dominated_has_large_v01.simpl,5,1609.0909,0.100,32
10709,tests/train_files/train_deep_few_dominated_has_large_v02.simpl,5,1460.8695,0.100,30
10710,tests/train_files/train_deep_few_dominated_has_large_v03.simpl,5,1518.1819,0.100,30
10711,tests/train_files/train_deep_few_dominated_has_medium_v01.simpl,5,1333.3333,0.100,6
10712,tests/train_files/train_deep_few_dominated_has_medium_v02.simpl,5,1214.2856,0.100,4
10713,tests/train_files/train_deep_few_dominated_has_medium_v03.simpl,5,687.4999,0.100,4
10714,tests/train_files/train_deep_few_dominated_no_large_v01.simpl,5,1535.7144,0.100,28
10715,tests/train_files/train_deep_few_dominated_no_large_v02.simpl,5,1238.0952,0.100,26
10716,tests/train_files/train_deep_few_dominated_no_large_v03.simpl,5,1485.7144,0.100,28
10717,tests/train_files/train_deep_few_dominated_no_medium_v01.simpl,5,562.4999,0.100,2
10718,tests/train_files/train_deep_few_dominated_no_medium_v02.simpl,5,0.0000,0.100,0
10719,tests/train_files/train_deep_few_dominated_no_medium_v03.simpl,5,562.4999,0.100,2
10720,tests/train_files/train_deep_few_light_has_large_v01.simpl,5,1771.4286,0.100,34
10721,tests/train_files/train_deep_few_light_has_large_v02.simpl,5,1609.0909,0.100,32
10722,tests/train_files/train_deep_few_light_has_large_v03.simpl,5,1609.0909,0.100,32
10723,tests/train_files/train_deep_few_light_has_medium_v01.simpl,5,833.3333,0.100,6
10724,tests/train_files/train_deep_few_light_has_medium_v02.simpl,5,714.2856,0.100,4
10725,tests/train_files/train_deep_few_light_has_medium_v03.simpl,5,520.8333,0.100,4
10726,tests/train_files/train_deep_few_light_no_large_v01.simpl,5,1568.1819,0.100,30
10727,tests/train_files/train_deep_few_light_no_large_v02.simpl,5,1217.3914,0.100,28
10728,tests/train_files/train_deep_few_light_no_large_v03.simpl,5,1518.1819,0.100,30
10729,tests/train_files/train_deep_few_light_no_medium_v01.simpl,5,395.8333,0.100,2
10730,tests/train_files/train_deep_few_light_no_medium_v02.simpl,5,0.0000,0.100,0
10731,tests/train_files/train_deep_few_light_no_medium_v03.simpl,5,562.4999,0.100,2
10732,tests/train_files/train_deep_few_none_has_large_v01.simpl,5,1546.1538,0.100,36
10733,tests/train_files/train_deep_few_none_has_large_v02.simpl,5,1700.0000,0.100,34
10734,tests/train_files/train_deep_few_none_has_large_v03.simpl,5,1634.7826,0.100,34
10735,tests/train_files/train_deep_few_none_has_medium_v01.simpl,5,666.6667,0.100,6
10736,tests/train_files/train_deep_few_none_has_medium_v02.simpl,5,687.4999,0.100,4
10737,tests/train_files/train_deep_few_none_has_medium_v03.simpl,5,1200.0000,0.100,4
10738,tests/train_files/train_deep_few_none_no_large_v01.simpl,5,1659.0909,0.100,32
10739,tests/train_files/train_deep_few_none_no_large_v02.simpl,5,1428.5714,0.100,30
10740,tests/train_files/train_deep_few_none_no_large_v03.simpl,5,1597.8260,0.100,32
10741,tests/train_files/train_deep_few_none_no_medium_v01.simpl,5,400.0000,0.100,2
10742,tests/train_files/train_deep_few_none_no_medium_v02.simpl,5,0.0000,0.100,0
10743,tests/train_files/train_deep_few_none_no_medium_v03.simpl,5,562.4999,0.100,2
10744,tests/train_files/train_deep_many_dominated_has_large_v01.simpl,5,2266.6665,0.100,25
10745,tests/train_files/train_deep_many_dominated_has_large_v02.simpl,5,2060.6060,0.100,22
10746,tests/train_files/train_deep_many_dominated_has_large_v03.simpl,5,2060.6060,0.100,23
10747,tests/train_files/train_deep_many_dominated_has_medium_v01.simpl,5,2259.8037,0.100,11
10748,tests/train_files/train_deep_many_dominated_has_medium_v02.simpl,5,1605.2632,0.100,8
10749,tests/train_files/train_deep_many_dominated_has_medium_v03.simpl,5,1638.5964,0.100,9
10750,tests/train_files/train_deep_many_dominated_no_large_v01.simpl,5,2289.4736,0.100,24
10751,tests/train_files/train_deep_many_dominated_no_large_v02.simpl,5,1803.0303,0.100,21
10752,tests/train_files/train_deep_many_dominated_no_large_v03.simpl,5,2033.3334,0.100,22
10753,tests/train_files/train_deep_many_dominated_no_medium_v01.simpl,5,2312.5000,0.100,10
10754,tests/train_files/train_deep_many_dominated_no_medium_v02.simpl,5,1400.0000,0.100,7
10755,tests/train_files/train_deep_many_dominated_no_medium_v03.simpl,5,1999.9999,0.100,8
10756,tests/train_files/train_deep_many_light_has_large_v01.simpl,5,2745.2383,0.100,31
10757,tests/train_files/train_deep_many_light_has_large_v02.simpl,5,2130.0000,0.100,28
10758,tests/train_files/train_deep_many_light_has_large_v03.simpl,5,2330.0000,0.100,29
10759,tests/train_files/train_deep_many_light_has_medium_v01.simpl,5,3020.8333,0.100,11
10760,tests/train_files/train_deep_many_light_has_medium_v02.simpl,5,2271.9297,0.100,8
10761,tests/train_files/train_deep_many_light_has_medium_v03.simpl,5,2117.6470,0.100,9
10762,tests/train_files/train_deep_many_light_no_large_v01.simpl,5,2850.0000,0.100,30
10763,tests/train_files/train_deep_many_light_no_large_v02.simpl,5,2000.0000,0.100,27
10764,tests/train_files/train_deep_many_light_no_large_v03.simpl,5,2202.8984,0.100,28
10765,tests/train_files/train_deep_many_light_no_medium_v01.simpl,5,2290.0000,0.100,10
10766,tests/train_files/train_deep_many_light_no_medium_v02.simpl,5,1749.9999,0.100,7
10767,tests/train_files/train_deep_many_light_no_medium_v03.simpl,5,1999.9999,0.100,8
10768,tests/train_files/train_deep_many_none_has_large_v01.simpl,5,2840.4761,0.100,33
10769,tests/train_files/train_deep_many_none_has_large_v02.simpl,5,1890.4761,0.100,30
10770,tests/train_files/train_deep_many_none_has_large_v03.simpl,5,2373.0769,0.100,31
10771,tests/train_files/train_deep_many_none_has_medium_v01.simpl,5,2087.5000,0.100,11
10772,tests/train_files/train_deep_many_none_has_medium_v02.simpl,5,1861.1111,0.100,8
10773,tests/train_files/train_deep_many_none_has_medium_v03.simpl,5,2111.1108,0.100,9
10774,tests/train_files/train_deep_many_none_no_large_v01.simpl,5,2650.0000,0.100,32
10775,tests/train_files/train_deep_many_none_no_large_v02.simpl,5,2316.6667,0.100,29
10776,tests/train_files/train_deep_many_none_no_large_v03.simpl,5,2250.0000,0.100,30
10777,tests/train_files/train_deep_many_none_no_medium_v01.simpl,5,2308.8235,0.100,10
10778,tests/train_files/train_deep_many_none_no_medium_v02.simpl,5,2333.3333,0.100,7
10779,tests/train_files/train_deep_many_none_no_medium_v03.simpl,5,1999.9999,0.100,8
10780,tests/train_files/train_deep_none_dominated_no_large_v01.simpl,5,1842.1053,0.100,35
10781,tests/train_files/train_deep_none_dominated_no_large_v02.simpl,5,1944.4446,0.100,35
10782,tests/train_files/train_deep_none_dominated_no_large_v03.simpl,5,1750.0000,0.100,35
10783,tests/train_files/train_deep_none_dominated_no_medium_v01.simpl,5,100.0000,0.100,1
10784,tests/train_files/train_deep_none_dominated_no_medium_v02.simpl,5,90.9091,0.100,1
10785,tests/train_files/train_deep_none_dominated_no_medium_v03.simpl,5,100.0000,0.100,1
10786,tests/train_files/train_deep_none_none_no_large_v01.simpl,5,1750.0000,0.100,35
10787,tests/train_files/train_deep_none_none_no_large_v02.simpl,5,1750.0000,0.100,35
10788,tests/train_files/train_deep_none_none_no_large_v03.simpl,5,1521.7391,0.100,35
10789,tests/train_files/train_deep_none_none_no_medium_v01.simpl,5,0.0000,0.100,0
10790,tests/train_files/train_deep_none_none_no_medium_v02.simpl,5,0.0000,0.100,0
10791,tests/train_files/train_deep_none_none_no_medium_v03.simpl,5,0.0000,0.100,0
10792,tests/train_files/train_none_few_dominated_has_large_v01.simpl,5,4186.8130,0.100,51
10793,tests/train_files/train_none_few_dominated_has_large_v02.simpl,5,3857.1428,0.100,51
10794,tests/train_files/train_none_few_dominated_has_large_v03.simpl,5,3757.1428,0.100,51
10795,tests/train_files/train_none_few_dominated_has_medium_v01.simpl,5,5749.9995,0.100,11
10796,tests/train_files/train_none_few_dominated_has_medium_v02.simpl,5,3749.9998,0.100,11
10797,tests/train_files/train_none_few_dominated_has_medium_v03.simpl,5,5400.0000,0.100,11
10798,tests/train_files/train_none_few_dominated_no_large_v01.simpl,5,3857.1428,0.100,51
10799,tests/train_files/train_none_few_dominated_no_large_v02.simpl,5,4472.5273,0.100,53
10800,tests/train_files/train_none_few_dominated_no_large_v03.simpl,5,4186.8130,0.100,51
10801,tests/train_files/train_none_few_dominated_no_medium_v01.simpl,5,5749.9995,0.100,11
10802,tests/train_files/train_none_few_dominated_no_medium_v02.simpl,5,7749.9995,0.100,13
10803,tests/train_files/train_none_few_dominated_no_medium_v03.simpl,5,6333.3330,0.100,11
10804,tests/train_files/train_none_few_light_has_large_v01.simpl,5,4000.0000,0.100,53
10805,tests/train_files/train_none_few_light_has_large_v02.simpl,5,4071.4285,0.100,53
10806,tests/train_files/train_none_few_light_has_large_v03.simpl,5,4071.4285,0.100,53
10807,tests/train_files/train_none_few_light_has_medium_v01.simpl,5,6666.6665,0.100,12
10808,tests/train_files/train_none_few_light_has_medium_v02.simpl,5,3999.9998,0.100,12
10809,tests/train_files/train_none_few_light_has_medium_v03.simpl,5,5142.8569,0.100,12
10810,tests/train_files/train_none_few_light_has_tiny_v01.simpl,5,3083.3333,0.100,11
10811,tests/train_files/train_none_few_light_has_tiny_v02.simpl,5,3749.9998,0.100,11
10812,tests/train_files/train_none_few_light_has_tiny_v03.simpl,5,4333.3330,0.100,11
10813,tests/train_files/train_none_few_light_no_large_v01.simpl,5,4000.0000,0.100,53
10814,tests/train_files/train_none_few_light_no_large_v02.simpl,5,3472.2224,0.100,55
10815,tests/train_files/train_none_few_light_no_large_v03.simpl,5,3078.9475,0.100,53
10816,tests/train_files/train_none_few_light_no_medium_v01.simpl,5,3999.9998,0.100,12
10817,tests/train_files/train_none_few_light_no_medium_v02.simpl,5,5666.6665,0.100,14
10818,tests/train_files/train_none_few_light_no_medium_v03.simpl,5,4666.6665,0.100,12
10819,tests/train_files/train_none_few_light_no_tiny_v01.simpl,5,3749.9998,0.100,11
10820,tests/train_files/train_none_few_light_no_tiny_v02.simpl,5,7749.9995,0.100,13
10821,tests/train_files/train_none_few_light_no_tiny_v03.simpl,5,7499.9995,0.100,11
10822,tests/train_files/train_none_few_none_has_large_v01.simpl,5,4142.8569,0.100,55
10823,tests/train_files/train_none_few_none_has_large_v02.simpl,5,4142.8569,0.100,55
10824,tests/train_files/train_none_few_none_has_large_v03.simpl,5,4821.4287,0.100,55
10825,tests/train_files/train_none_few_none_has_medium_v01.simpl,5,6500.0000,0.100,14
10826,tests/train_files/train_none_few_none_has_medium_v02.simpl,5,3666.6665,0.100,14
10827,tests/train_files/train_none_few_none_has_medium_v03.simpl,5,4500.0000,0.100,14
10828,tests/train_files/train_none_few_none_has_tiny_v01.simpl,5,4999.9995,0.100,11
10829,tests/train_files/train_none_few_none_has_tiny_v02.simpl,5,6333.3330,0.100,11
10830,tests/train_files/train_none_few_none_has_tiny_v03.simpl,5,4333.3330,0.100,11
10831,tests/train_files/train_none_few_none_no_large_v01.simpl,5,3758.9282,0.100,55
10832,tests/train_files/train_none_few_none_no_large_v02.simpl,5,4150.0000,0.100,57
10833,tests/train_files/train_none_few_none_no_large_v03.simpl,5,3971.4285,0.100,55
10834,tests/train_files/train_none_few_none_no_medium_v01.simpl,5,4500.0000,0.100,14
10835,tests/train_files/train_none_few_none_no_medium_v02.simpl,5,4428.5713,0.100,16
10836,tests/train_files/train_none_few_none_no_medium_v03.simpl,5,7333.3330,0.100,14
10837,tests/train_files/train_none_few_none_no_tiny_v01.simpl,5,4333.3330,0.100,11
10838,tests/train_files/train_none_few_none_no_tiny_v02.simpl,5,8333.3330,0.100,13
10839,tests/train_files/train_none_few_none_no_tiny_v03.simpl,5,5749.9995,0.100,11
10840,tests/train_files/train_none_many_dominated_has_large_v01.simpl,5,4297.6191,0.100,48
10841,tests/train_files/train_none_many_dominated_has_large_v02.simpl,5,4200.0000,0.100,51
10842,tests/train_files/train_none_many_dominated_has_large_v03.simpl,5,4909.0908,0.100,49
10843,tests/train_files/train_none_many_dominated_has_medium_v01.simpl,5,4166.6665,0.100,20
10844,tests/train_files/train_none_many_dominated_has_medium_v02.simpl,5,5166.6670,0.100,23
10845,tests/train_files/train_none_many_dominated_has_medium_v03.simpl,5,3666.6667,0.100,21
10846,tests/train_files/train_none_many_dominated_no_large_v01.simpl,5,4083.3333,0.100,47
10847,tests/train_files/train_none_many_dominated_no_large_v02.simpl,5,5075.7573,0.100,50
10848,tests/train_files/train_none_many_dominated_no_large_v03.simpl,5,4909.0908,0.100,48
10849,tests/train_files/train_none_many_dominated_no_medium_v01.simpl,5,5000.0000,0.100,19
10850,tests/train_files/train_none_many_dominated_no_medium_v02.simpl,5,6000.0000,0.100,22
10851,tests/train_files/train_none_many_dominated_no_medium_v03.simpl,5,5000.0000,0.100,20
10852,tests/train_files/train_none_many_light_has_large_v01.simpl,5,3776.7854,0.100,54
10853,tests/train_files/train_none_many_light_has_large_v02.simpl,5,4205.3569,0.100,57
10854,tests/train_files/train_none_many_light_has_large_v03.simpl,5,3882.3528,0.100,55
10855,tests/train_files/train_none_many_light_has_medium_v01.simpl,5,5500.0000,0.100,20
10856,tests/train_files/train_none_many_light_has_medium_v02.simpl,5,5666.6670,0.100,23
10857,tests/train_files/train_none_many_light_has_medium_v03.simpl,5,6000.0000,0.100,21
10858,tests/train_files/train_none_many_light_no_large_v01.simpl,5,4213.6753,0.100,53
10859,tests/train_files/train_none_many_light_no_large_v02.simpl,5,4769.2305,0.100,56
10860,tests/train_files/train_none_many_light_no_large_v03.simpl,5,4602.5640,0.100,54
10861,tests/train_files/train_none_many_light_no_medium_v01.simpl,5,7000.0000,0.100,19
10862,tests/train_files/train_none_many_light_no_medium_v02.simpl,5,6083.3330,0.100,22
10863,tests/train_files/train_none_many_light_no_medium_v03.simpl,5,6250.0000,0.100,20
10864,tests/train_files/train_none_many_none_has_large_v01.simpl,5,4025.0000,0.100,56
10865,tests/train_files/train_none_many_none_has_large_v02.simpl,5,4642.8569,0.100,59
10866,tests/train_files/train_none_many_none_has_large_v03.simpl,5,4642.8569,0.100,57
10867,tests/train_files/train_none_many_none_has_medium_v01.simpl,5,4666.6665,0.100,20
10868,tests/train_files/train_none_many_none_has_medium_v02.simpl,5,7000.0000,0.100,23
10869,tests/train_files/train_none_many_none_has_medium_v03.simpl,5,6000.0000,0.100,21
10870,tests/train_files/train_none_many_none_no_large_v01.simpl,5,4214.2856,0.100,55
10871,tests/train_files/train_none_many_none_no_large_v02.simpl,5,5089.7437,0.100,58
10872,tests/train_files/train_none_many_none_no_large_v03.simpl,5,4756.4102,0.100,56
10873,tests/train_files/train_none_many_none_no_medium_v01.simpl,5,5749.9995,0.100,19
10874,tests/train_files/train_none_many_none_no_medium_v02.simpl,5,10000.0000,0.100,22
10875,tests/train_files/train_none_many_none_no_medium_v03.simpl,5,8000.0000,0.100,20
10876,tests/train_files/train_none_none_dominated_no_large_v01.simpl,5,3062.4998,0.100,49
10877,tests/train_files/train_none_none_dominated_no_large_v02.simpl,5,3769.2307,0.100,49
10878,tests/train_files/train_none_none_dominated_no_large_v03.simpl,5,3062.4998,0.100,49
10879,tests/train_files/train_none_none_dominated_no_medium_v01.simpl,5,1333.3334,0.100,8
10880,tests/train_files/train_none_none_dominated_no_medium_v02.simpl,5,2666.6667,0.100,8
10881,tests/train_files/train_none_none_dominated_no_medium_v03.simpl,5,3999.9998,0.100,8
10882,tests/train_files/train_none_none_dominated_no_tiny_v01.simpl,5,500.0000,0.100,1
10883,tests/train_files/train_none_none_dominated_no_tiny_v02.simpl,5,250.0000,0.100,1
10884,tests/train_files/train_none_none_dominated_no_tiny_v03.simpl,5,333.3333,0.100,1
10885,tests/train_files/train_none_none_none_no_large_v01.simpl,5,3912.0879,0.100,50
10886,tests/train_files/train_none_none_none_no_large_v02.simpl,5,3007.3528,0.100,50
10887,tests/train_files/train_none_none_none_no_large_v03.simpl,5,3642.8572,0.100,50
10888,tests/train_files/train_none_none_none_no_medium_v01.simpl,5,2999.9998,0.100,9
10889,tests/train_files/train_none_none_none_no_medium_v02.simpl,5,2333.3333,0.100,9
10890,tests/train_files/train_none_none_none_no_medium_v03.simpl,5,2999.9998,0.100,9
10891,tests/train_files/train_none_none_none_no_tiny_v01.simpl,5,999.9999,0.100,1
10892,tests/train_files/train_none_none_none_no_tiny_v02.simpl,5,999.9999,0.100,1
10893,tests/train_files/train_none_none_none_no_tiny_v03.simpl,5,999.9999,0.100,1
10894,tests/train_files/train_shallow_few_dominated_has_large_v01.simpl,5,2042.8572,0.100,39
10895,tests/train_files/train_shallow_few_dominated_has_large_v02.simpl,5,2317.6470,0.100,37
10896,tests/train_files/train_shallow_few_dominated_has_large_v03.simpl,5,2166.6667,0.100,37
10897,tests/train_files/train_shallow_few_dominated_has_medium_v01.simpl,5,1055.5555,0.100,6
10898,tests/train_files/train_shallow_few_dominated_has_medium_v02.simpl,5,1300.0000,0.100,4
10899,tests/train_files/train_shallow_few_dominated_has_medium_v03.simpl,5,772.7272,0.100,4
10900,tests/train_files/train_shallow_few_dominated_no_large_v01.simpl,5,2088.8889,0.100,35
10901,tests/train_files/train_shallow_few_dominated_no_large_v02.simpl,5,1833.3334,0.100,33
10902,tests/train_files/train_shallow_few_dominated_no_large_v03.simpl,5,2039.4738,0.100,35
10903,tests/train_files/train_shallow_few_dominated_no_medium_v01.simpl,5,590.9091,0.100,2
10904,tests/train_files/train_shallow_few_dominated_no_medium_v02.simpl,5,0.0000,0.100,0
10905,tests/train_files/train_shallow_few_dominated_no_medium_v03.simpl,5,590.9091,0.100,2
10906,tests/train_files/train_shallow_few_light_has_large_v01.simpl,5,2271.9299,0.100,41
10907,tests/train_files/train_shallow_few_light_has_large_v02.simpl,5,2166.6667,0.100,39
10908,tests/train_files/train_shallow_few_light_has_large_v03.simpl,5,1852.1740,0.100,39
10909,tests/train_files/train_shallow_few_light_has_medium_v01.simpl,5,1555.5555,0.100,6
10910,tests/train_files/train_shallow_few_light_has_medium_v02.simpl,5,772.7272,0.100,4
10911,tests/train_files/train_shallow_few_light_has_medium_v03.simpl,5,800.0000,0.100,4
10912,tests/train_files/train_shallow_few_light_no_large_v01.simpl,5,2250.0000,0.100,37
10913,tests/train_files/train_shallow_few_light_no_large_v02.simpl,5,1842.1053,0.100,35
10914,tests/train_files/train_shallow_few_light_no_large_v03.simpl,5,2228.0703,0.100,37
10915,tests/train_files/train_shallow_few_light_no_medium_v01.simpl,5,600.0000,0.100,2
10916,tests/train_files/train_shallow_few_light_no_medium_v02.simpl,5,0.0000,0.100,0
10917,tests/train_files/train_shallow_few_light_no_medium_v03.simpl,5,576.9230,0.100,2
10918,tests/train_files/train_shallow_few_none_has_large_v01.simpl,5,2377.1931,0.100,43
10919,tests/train_files/train_shallow_few_none_has_large_v02.simpl,5,2552.9412,0.100,41
10920,tests/train_files/train_shallow_few_none_has_large_v03.simpl,5,2305.2632,0.100,41
10921,tests/train_files/train_shallow_few_none_has_medium_v01.simpl,5,1555.5555,0.100,6
10922,tests/train_files/train_shallow_few_none_has_medium_v02.simpl,5,800.0000,0.100,4
10923,tests/train_files/train_shallow_few_none_has_medium_v03.simpl,5,1300.0000,0.100,4
10924,tests/train_files/train_shallow_few_none_no_large_v01.simpl,5,2250.0000,0.100,39
10925,tests/train_files/train_shallow_few_none_no_large_v02.simpl,5,1850.0000,0.100,37
10926,tests/train_files/train_shallow_few_none_no_large_v03.simpl,5,2250.0000,0.100,39
10927,tests/train_files/train_shallow_few_none_no_medium_v01.simpl,5,1111.1111,0.100,2
10928,tests/train_files/train_shallow_few_none_no_medium_v02.simpl,5,0.0000,0.100,0
10929,tests/train_files/train_shallow_few_none_no_medium_v03.simpl,5,1100.0000,0.100,2
10930,tests/train_files/train_shallow_many_dominated_has_large_v01.simpl,5,2850.0000,0.100,32
10931,tests/train_files/train_shallow_many_dominated_has_large_v02.simpl,5,2345.2383,0.100,29
10932,tests/train_files/train_shallow_many_dominated_has_large_v03.simpl,5,2527.7778,0.100,30
10933,tests/train_files/train_shallow_many_dominated_has_medium_v01.simpl,5,2500.0000,0.100,11
10934,tests/train_files/train_shallow_many_dominated_has_medium_v02.simpl,5,1903.8462,0.100,8
10935,tests/train_files/train_shallow_many_dominated_has_medium_v03.simpl,5,2111.1108,0.100,9
10936,tests/train_files/train_shallow_many_dominated_no_large_v01.simpl,5,2875.0000,0.100,31
10937,tests/train_files/train_shallow_many_dominated_no_large_v02.simpl,5,2635.2939,0.100,28
10938,tests/train_files/train_shallow_many_dominated_no_large_v03.simpl,5,2383.3335,0.100,29
10939,tests/train_files/train_shallow_many_dominated_no_medium_v01.simpl,5,2333.3333,0.100,10
10940,tests/train_files/train_shallow_many_dominated_no_medium_v02.simpl,5,1749.9999,0.100,7
10941,tests/train_files/train_shallow_many_dominated_no_medium_v03.simpl,5,1999.9999,0.100,8
10942,tests/train_files/train_shallow_many_light_has_large_v01.simpl,5,3266.6667,0.100,38
10943,tests/train_files/train_shallow_many_light_has_large_v02.simpl,5,2580.9524,0.100,35
10944,tests/train_files/train_shallow_many_light_has_large_v03.simpl,5,2718.1819,0.100,36
10945,tests/train_files/train_shallow_many_light_has_medium_v01.simpl,5,2897.4358,0.100,11
10946,tests/train_files/train_shallow_many_light_has_medium_v02.simpl,5,2320.5127,0.100,8
10947,tests/train_files/train_shallow_many_light_has_medium_v03.simpl,5,2153.8459,0.100,9
10948,tests/train_files/train_shallow_many_light_no_large_v01.simpl,5,2973.6841,0.100,37
10949,tests/train_files/train_shallow_many_light_no_large_v02.simpl,5,2516.6665,0.100,34
10950,tests/train_files/train_shallow_many_light_no_large_v03.simpl,5,2267.8569,0.100,35
10951,tests/train_files/train_shallow_many_light_no_medium_v01.simpl,5,3083.3333,0.100,10
10952,tests/train_files/train_shallow_many_light_no_medium_v02.simpl,5,2333.3333,0.100,7
10953,tests/train_files/train_shallow_many_light_no_medium_v03.simpl,5,1999.9999,0.100,8
10954,tests/train_files/train_shallow_many_none_has_large_v01.simpl,5,3344.4443,0.100,40
10955,tests/train_files/train_shallow_many_none_has_large_v02.simpl,5,3023.5293,0.100,37
10956,tests/train_files/train_shallow_many_none_has_large_v03.simpl,5,2747.8262,0.100,38
10957,tests/train_files/train_shallow_many_none_has_medium_v01.simpl,5,3583.3333,0.100,11
10958,tests/train_files/train_shallow_many_none_has_medium_v02.simpl,5,3153.8462,0.100,8
10959,tests/train_files/train_shallow_many_none_has_medium_v03.simpl,5,2487.1794,0.100,9
10960,tests/train_files/train_shallow_many_none_no_large_v01.simpl,5,3228.5713,0.100,39
10961,tests/train_files/train_shallow_many_none_no_large_v02.simpl,5,2780.9524,0.100,36
10962,tests/train_files/train_shallow_many_none_no_large_v03.simpl,5,3050.0000,0.100,37
10963,tests/train_files/train_shallow_many_none_no_medium_v01.simpl,5,3083.3333,0.100,10
10964,tests/train_files/train_shallow_many_none_no_medium_v02.simpl,5,1400.0000,0.100,7
10965,tests/train_files/train_shallow_many_none_no_medium_v03.simpl,5,2666.6667,0.100,8
10966,tests/train_files/train_shallow_none_dominated_no_large_v01.simpl,5,2800.0000,0.100,42
10967,tests/train_files/train_shallow_none_dominated_no_large_v02.simpl,5,2470.5881,0.100,42
10968,tests/train_files/train_shallow_none_dominated_no_large_v03.simpl,5,2210.5264,0.100,42
10969,tests/train_files/train_shallow_none_dominated_no_medium_v01.simpl,5,142.8571,0.100,1
10970,tests/train_files/train_shallow_none_dominated_no_medium_v02.simpl,5,142.8571,0.100,1
10971,tests/train_files/train_shallow_none_dominated_no_medium_v03.simpl,5,142.8571,0.100,1
10972,tests/train_files/train_shallow_none_none_no_large_v01.simpl,5,2100.0000,0.100,42
10973,tests/train_files/train_shallow_none_none_no_large_v02.simpl,5,2100.0000,0.100,42
10974,tests/train_files/train_shallow_none_none_no_large_v03.simpl,5,2000.0000,0.100,42
10975,tests/train_files/train_shallow_none_none_no_medium_v01.simpl,5,111.1111,0.100,1
10976,tests/train_files/train_shallow_none_none_no_medium_v02.simpl,5,125.0000,0.100,1
10977,tests/train_files/train_shallow_none_none_no_medium_v03.simpl,5,111.1111,0.100,1
10978,tests/train_files/train_shallow_none_none_no_tiny_v01.simpl,5,0.0000,0.100,0
10979,tests/train_files/train_shallow_none_none_no_tiny_v02.simpl,5,0.0000,0.100,0
10980,tests/train_files/train_shallow_none_none_no_tiny_v03.simpl,5,0.0000,0.100,0
10981,tests/train_files/train_deep_few_dominated_has_large_v01.simpl,5,1575.7576,0.100,32
10982,tests/train_files/train_deep_few_dominated_has_large_v02.simpl,5,1580.9524,0.100,30
10983,tests/train_files/train_deep_few_dominated_has_large_v03.simpl,5,1460.8695,0.100,30
10984,tests/train_files/train_deep_few_dominated_has_medium_v01.simpl,5,812.5000,0.100,6
10985,tests/train_files/train_deep_few_dominated_has_medium_v02.simpl,5,520.8333,0.100,4
10986,tests/train_files/train_deep_few_dominated_has_medium_v03.simpl,5,666.6666,0.100,4
10987,tests/train_files/train_deep_few_dominated_no_large_v01.simpl,5,1485.7144,0.100,28
10988,tests/train_files/train_deep_few_dominated_no_large_v02.simpl,5,1083.3334,0.100,26
10989,tests/train_files/train_deep_few_dominated_no_large_v03.simpl,5,1477.2727,0.100,28
10990,tests/train_files/train_deep_few_dominated_no_medium_v01.simpl,5,566.6666,0.100,2
10991,tests/train_files/train_deep_few_dominated_no_medium_v02.simpl,5,0.0000,0.100,0
10992,tests/train_files/train_deep_few_dominated_no_medium_v03.simpl,5,571.4285,0.100,2
10993,tests/train_files/train_deep_few_light_has_large_v01.simpl,5,1700.0000,0.100,34
10994,tests/train_files/train_deep_few_light_has_large_v02.simpl,5,1726.1906,0.100,32
10995,tests/train_files/train_deep_few_light_has_large_v03.simpl,5,1609.0909,0.100,32
10996,tests/train_files/train_deep_few_light_has_medium_v01.simpl,5,1312.5000,0.100,6
10997,tests/train_files/train_deep_few_light_has_medium_v02.simpl,5,676.4706,0.100,4
10998,tests/train_files/train_deep_few_light_has_medium_v03.simpl,5,700.0000,0.100,4
10999,tests/train_files/train_deep_few_light_no_large_v01.simpl,5,1630.9524,0.100,30
11000,tests/train_files/train_deep_few_light_no_large_v02.simpl,5,1166.6666,0.100,28
11001,tests/train_files/train_deep_few_light_no_large_v03.simpl,5,1458.3334,0.100,30
11002,tests/train_files/train_deep_few_light_no_medium_v01.simpl,5,316.6667,0.100,2
11003,tests/train_files/train_deep_few_light_no_medium_v02.simpl,5,0.0000,0.100,0
11004,tests/train_files/train_deep_few_light_no_medium_v03.simpl,5,400.0000,0.100,2
11005,tests/train_files/train_deep_few_none_has_large_v01.simpl,5,1866.6667,0.100,36
11006,tests/train_files/train_deep_few_none_has_large_v02.simpl,5,1575.0000,0.100,34
11007,tests/train_files/train_deep_few_none_has_large_v03.simpl,5,1520.0000,0.100,34
11008,tests/train_files/train_deep_few_none_has_medium_v01.simpl,5,833.3333,0.100,6
11009,tests/train_files/train_deep_few_none_has_medium_v02.simpl,5,676.4706,0.100,4
11010,tests/train_files/train_deep_few_none_has_medium_v03.simpl,5,700.0000,0.100,4
11011,tests/train_files/train_deep_few_none_no_large_v01.simpl,5,1491.6666,0.100,32
11012,tests/train_files/train_deep_few_none_no_large_v02.simpl,5,1363.6364,0.100,30
11013,tests/train_files/train_deep_few_none_no_large_v03.simpl,5,1541.6666,0.100,32
11014,tests/train_files/train_deep_few_none_no_medium_v01.simpl,5,562.4999,0.100,2
11015,tests/train_files/train_deep_few_none_no_medium_v02.simpl,5,0.0000,0.100,0
11016,tests/train_files/train_deep_few_none_no_medium_v03.simpl,5,566.6666,0.100,2
11017,tests/train_files/train_deep_many_dominated_has_large_v01.simpl,5,2266.6665,0.100,25
11018,tests/train_files/train_deep_many_dominated_has_large_v02.simpl,5,1862.3188,0.100,22
11019,tests/train_files/train_deep_many_dominated_has_large_v03.simpl,5,2145.6521,0.100,23
11020,tests/train_files/train_deep_many_dominated_has_medium_v01.simpl,5,2416.6665,0.100,11
11021,tests/train_files/train_deep_many_dominated_has_medium_v02.simpl,5,1850.0000,0.100,8
11022,tests/train_files/train_deep_many_dominated_has_medium_v03.simpl,5,2105.2629,0.100,9
11023,tests/train_files/train_deep_many_dominated_no_large_v01.simpl,5,2550.0000,0.100,24
11024,tests/train_files/train_deep_many_dominated_no_large_v02.simpl,5,1750.0000,0.100,21
11025,tests/train_files/train_deep_many_dominated_no_large_v03.simpl,5,2236.3638,0.100,22
11026,tests/train_files/train_deep_many_dominated_no_medium_v01.simpl,5,2308.8235,0.100,10
11027,tests/train_files/train_deep_many_dominated_no_medium_v02.simpl,5,1749.9999,0.100,7
11028,tests/train_files/train_deep_many_dominated_no_medium_v03.simpl,5,1600.0000,0.100,8
11029,tests/train_files/train_deep_many_light_has_large_v01.simpl,5,2558.3333,0.100,31
11030,tests/train_files/train_deep_many_light_has_large_v02.simpl,5,2206.5217,0.100,28
11031,tests/train_files/train_deep_many_light_has_large_v03.simpl,5,2406.5217,0.100,29
11032,tests/train_files/train_deep_many_light_has_medium_v01.simpl,5,3009.8037,0.100,11
11033,tests/train_files/train_deep_many_light_has_medium_v02.simpl,5,1861.1111,0.100,8
11034,tests/train_files/train_deep_many_light_has_medium_v03.simpl,5,2117.6470,0.100,9
11035,tests/train_files/train_deep_many_light_no_large_v01.simpl,5,2713.0435,0.100,30
11036,tests/train_files/train_deep_many_light_no_large_v02.simpl,5,2352.3809,0.100,27
11037,tests/train_files/train_deep_many_light_no_large_v03.simpl,5,2202.8984,0.100,28
11038,tests/train_files/train_deep_many_light_no_medium_v01.simpl,5,2312.5000,0.100,10
11039,tests/train_files/train_deep_many_light_no_medium_v02.simpl,5,1749.9999,0.100,7
11040,tests/train_files/train_deep_many_light_no_medium_v03.simpl,5,1999.9999,0.100,8
11041,tests/train_files/train_deep_many_none_has_large_v01.simpl,5,2553.0303,0.100,33
11042,tests/train_files/train_deep_many_none_has_large_v02.simpl,5,2293.4783,0.100,30
11043,tests/train_files/train_deep_many_none_has_large_v03.simpl,5,2540.9092,0.100,31
11044,tests/train_files/train_deep_many_none_has_medium_v01.simpl,5,3009.8037,0.100,11
11045,tests/train_files/train_deep_many_none_has_medium_v02.simpl,5,1861.1111,0.100,8
11046,tests/train_files/train_deep_many_none_has_medium_v03.simpl,5,2111.1108,0.100,9
11047,tests/train_files/train_deep_many_none_no_large_v01.simpl,5,2710.5264,0.100,32
11048,tests/train_files/train_deep_many_none_no_large_v02.simpl,5,2356.5217,0.100,29
11049,tests/train_files/train_deep_many_none_no_large_v03.simpl,5,2333.3335,0.100,30
11050,tests/train_files/train_deep_many_none_no_medium_v01.simpl,5,2305.5557,0.100,10
11051,tests/train_files/train_deep_many_none_no_medium_v02.simpl,5,2333.3333,0.100,7
11052,tests/train_files/train_deep_many_none_no_medium_v03.simpl,5,2666.6667,0.100,8
11053,tests/train_files/train_deep_none_dominated_no_large_v01.simpl,5,1750.0000,0.100,35
11054,tests/train_files/train_deep_none_dominated_no_large_v02.simpl,5,1944.4446,0.100,35
11055,tests/train_files/train_deep_none_dominated_no_large_v03.simpl,5,1521.7391,0.100,35
11056,tests/train_files/train_deep_none_dominated_no_medium_v01.simpl,5,90.9091,0.100,1
11057,tests/train_files/train_deep_none_dominated_no_medium_v02.simpl,5,90.9091,0.100,1
11058,tests/train_files/train_deep_none_dominated_no_medium_v03.simpl,5,90.9091,0.100,1
11059,tests/train_files/train_deep_none_none_no_large_v01.simpl,5,1521.7391,0.100,35
11060,tests/train_files/train_deep_none_none_no_large_v02.simpl,5,1842.1053,0.100,35
11061,tests/train_files/train_deep_none_none_no_large_v03.simpl,5,1590.9091,0.100,35
11062,tests/train_files/train_deep_none_none_no_medium_v01.simpl,5,0.0000,0.100,0
11063,tests/train_files/train_deep_none_none_no_medium_v02.simpl,5,0.0000,0.100,0
11064,tests/train_files/train_deep_none_none_no_medium_v03.simpl,5,0.0000,0.100,0
11065,tests/train_files/train_none_few_dominated_has_large_v01.simpl,5,3928.5713,0.100,51
11066,tests/train_files/train_none_few_dominated_has_large_v02.simpl,5,3633.3335,0.100,51
11067,tests/train_files/train_none_few_dominated_has_large_v03.simpl,5,4186.8130,0.100,51
11068,tests/train_files/train_none_few_dominated_has_medium_v01.simpl,5,3083.3333,0.100,11
11069,tests/train_files/train_none_few_dominated_has_medium_v02.simpl,5,5749.9995,0.100,11
11070,tests/train_files/train_none_few_dominated_has_medium_v03.simpl,5,6333.3330,0.100,11
11071,tests/train_files/train_none_few_dominated_no_large_v01.simpl,5,4186.8130,0.100,51
11072,tests/train_files/train_none_few_dominated_no_large_v02.simpl,5,4472.5273,0.100,53
11073,tests/train_files/train_none_few_dominated_no_large_v03.simpl,5,4186.8130,0.100,51
11074,tests/train_files/train_none_few_dominated_no_medium_v01.simpl,5,3749.9998,0.100,11
11075,tests/train_files/train_none_few_dominated_no_medium_v02.simpl,5,8333.3330,0.100,13
11076,tests/train_files/train_none_few_dominated_no_medium_v03.simpl,5,4333.3330,0.100,11
11077,tests/train_files/train_none_few_light_has_large_v01.simpl,5,4340.6592,0.100,53
11078,tests/train_files/train_none_few_light_has_large_v02.simpl,5,4340.6592,0.100,53
11079,tests/train_files/train_none_few_light_has_large_v03.simpl,5,3838.0952,0.100,53
11080,tests/train_files/train_none_few_light_has_medium_v01.simpl,5,3333.3333,0.100,12
11081,tests/train_files/train_none_few_light_has_medium_v02.simpl,5,4666.6665,0.100,12
11082,tests/train_files/train_none_few_light_has_medium_v03.simpl,5,3333.3333,0.100,12
11083,tests/train_files/train_none_few_light_has_tiny_v01.simpl,5,3749.9998,0.100,11
11084,tests/train_files/train_none_few_light_has_tiny_v02.simpl,5,3749.9998,0.100,11
11085,tests/train_files/train_none_few_light_has_tiny_v03.simpl,5,5749.9995,0.100,11
11086,tests/train_files/train_none_few_light_no_large_v01.simpl,5,4340.6592,0.100,53
11087,tests/train_files/train_none_few_light_no_large_v02.simpl,5,4357.1426,0.100,55
11088,tests/train_files/train_none_few_light_no_large_v03.simpl,5,3633.9282,0.100,53
11089,tests/train_files/train_none_few_light_no_medium_v01.simpl,5,3999.9998,0.100,12
11090,tests/train_files/train_none_few_light_no_medium_v02.simpl,5,4999.9995,0.100,14
11091,tests/train_files/train_none_few_light_no_medium_v03.simpl,5,5999.9995,0.100,12
11092,tests/train_files/train_none_few_light_no_tiny_v01.simpl,5,6333.3330,0.100,11
11093,tests/train_files/train_none_few_light_no_tiny_v02.simpl,5,8333.3330,0.100,13
11094,tests/train_files/train_none_few_light_no_tiny_v03.simpl,5,6333.3330,0.100,11
11095,tests/train_files/train_none_few_none_has_large_v01.simpl,5,3758.9282,0.100,55
11096,tests/train_files/train_none_few_none_has_large_v02.simpl,5,4142.8569,0.100,55
11097,tests/train_files/train_none_few_none_has_large_v03.simpl,5,4214.2856,0.100,55
11098,tests/train_files/train_none_few_none_has_medium_v01.simpl,5,4500.0000,0.100,14
11099,tests/train_files/train_none_few_none_has_medium_v02.simpl,5,4500.0000,0.100,14
11100,tests/train_files/train_none_few_none_has_medium_v03.simpl,5,6500.0000,0.100,14
11101,tests/train_files/train_none_few_none_has_tiny_v01.simpl,5,5749.9995,0.100,11
11102,tests/train_files/train_none_few_none_has_tiny_v02.simpl,5,6333.3330,0.100,11
11103,tests/train_files/train_none_few_none_has_tiny_v03.simpl,5,6333.3330,0.100,11
11104,tests/train_files/train_none_few_none_no_large_v01.simpl,5,3404.7620,0.100,55
11105,tests/train_files/train_none_few_none_no_large_v02.simpl,5,4500.0000,0.100,57
11106,tests/train_files/train_none_few_none_no_large_v03.simpl,5,4142.8569,0.100,55
11107,tests/train_files/train_none_few_none_no_medium_v01.simpl,5,6500.0000,0.100,14
11108,tests/train_files/train_none_few_none_no_medium_v02.simpl,5,5500.0000,0.100,16
11109,tests/train_files/train_none_few_none_no_medium_v03.simpl,5,6500.0000,0.100,14
11110,tests/train_files/train_none_few_none_no_tiny_v01.simpl,5,6333.3330,0.100,11
11111,tests/train_files/train_none_few_none_no_tiny_v02.simpl,5,5333.3330,0.100,13
11112,tests/train_files/train_none_few_none_no_tiny_v03.simpl,5,6333.3330,0.100,11
11113,tests/train_files/train_none_many_dominated_has_large_v01.simpl,5,4297.6191,0.100,48
11114,tests/train_files/train_none_many_dominated_has_large_v02.simpl,5,4009.5239,0.100,51
11115,tests/train_files/train_none_many_dominated_has_large_v03.simpl,5,5109.0908,0.100,49
11116,tests/train_files/train_none_many_dominated_has_medium_v01.simpl,5,4666.6665,0.100,20
11117,tests/train_files/train_none_many_dominated_has_medium_v02.simpl,5,7000.0000,0.100,23
11118,tests/train_files/train_none_many_dominated_has_medium_v03.simpl,5,6000.0000,0.100,21
11119,tests/train_files/train_none_many_dominated_no_large_v01.simpl,5,4250.0000,0.100,47
11120,tests/train_files/train_none_many_dominated_no_large_v02.simpl,5,4750.0000,0.100,50
11121,tests/train_files/train_none_many_dominated_no_large_v03.simpl,5,4583.3330,0.100,48
11122,tests/train_files/train_none_many_dominated_no_medium_v01.simpl,5,5000.0000,0.100,19
11123,tests/train_files/train_none_many_dominated_no_medium_v02.simpl,5,6500.0000,0.100,22
11124,tests/train_files/train_none_many_dominated_no_medium_v03.simpl,5,6250.0000,0.100,20
11125,tests/train_files/train_none_many_light_has_large_v01.simpl,5,3980.9524,0.100,54
11126,tests/train_files/train_none_many_light_has_large_v02.simpl,5,5226.1904,0.100,57
11127,tests/train_files/train_none_many_light_has_large_v03.simpl,5,5083.3330,0.100,55
11128,tests/train_files/train_none_many_light_has_medium_v01.simpl,5,6250.0000,0.100,20
11129,tests/train_files/train_none_many_light_has_medium_v02.simpl,5,7000.0000,0.100,23
11130,tests/train_files/train_none_many_light_has_medium_v03.simpl,5,6000.0000,0.100,21
11131,tests/train_files/train_none_many_light_no_large_v01.simpl,5,3633.9282,0.100,53
11132,tests/train_files/train_none_many_light_no_large_v02.simpl,5,3882.3528,0.100,56
11133,tests/train_files/train_none_many_light_no_large_v03.simpl,5,4100.0000,0.100,54
11134,tests/train_files/train_none_many_light_no_medium_v01.simpl,5,5874.9995,0.100,19
11135,tests/train_files/train_none_many_light_no_medium_v02.simpl,5,7249.9995,0.100,22
11136,tests/train_files/train_none_many_light_no_medium_v03.simpl,5,8000.0000,0.100,20
11137,tests/train_files/train_none_many_none_has_large_v01.simpl,5,4025.0000,0.100,56
11138,tests/train_files/train_none_many_none_has_large_v02.simpl,5,5392.8569,0.100,59
11139,tests/train_files/train_none_many_none_has_large_v03.simpl,5,4923.0771,0.100,57
11140,tests/train_files/train_none_many_none_has_medium_v01.simpl,5,7500.0000,0.100,20
11141,tests/train_files/train_none_many_none_has_medium_v02.simpl,5,7749.9995,0.100,23
11142,tests/train_files/train_none_many_none_has_medium_v03.simpl,5,6000.0000,0.100,21
11143,tests/train_files/train_none_many_none_no_large_v01.simpl,5,3900.0000,0.100,55
11144,tests/train_files/train_none_many_none_no_large_v02.simpl,5,4923.0767,0.100,58
11145,tests/train_files/train_none_many_none_no_large_v03.simpl,5,4476.1904,0.100,56
11146,tests/train_files/train_none_many_none_no_medium_v01.simpl,5,5083.3330,0.100,19
11147,tests/train_files/train_none_many_none_no_medium_v02.simpl,5,10749.9990,0.100,22
11148,tests/train_files/train_none_many_none_no_medium_v03.simpl,5,5416.6665,0.100,20
11149,tests/train_files/train_none_none_dominated_no_large_v01.simpl,5,3266.6667,0.100,49
11150,tests/train_files/train_none_none_dominated_no_large_v02.simpl,5,3266.6667,0.100,49
11151,tests/train_files/train_none_none_dominated_no_large_v03.simpl,5,3769.2307,0.100,49
11152,tests/train_files/train_none_none_dominated_no_medium_v01.simpl,5,2666.6667,0.100,8
11153,tests/train_files/train_none_none_dominated_no_medium_v02.simpl,5,1999.9999,0.100,8
11154,tests/train_files/train_none_none_dominated_no_medium_v03.simpl,5,2666.6667,0.100,8
11155,tests/train_files/train_none_none_dominated_no_tiny_v01.simpl,5,500.0000,0.100,1
11156,tests/train_files/train_none_none_dominated_no_tiny_v02.simpl,5,333.3333,0.100,1
11157,tests/train_files/train_none_none_dominated_no_tiny_v03.simpl,5,500.0000,0.100,1
11158,tests/train_files/train_none_none_none_no_large_v01.simpl,5,3205.3569,0.100,50
11159,tests/train_files/train_none_none_none_no_large_v02.simpl,5,3912.0879,0.100,50
11160,tests/train_files/train_none_none_none_no_large_v03.simpl,5,3205.3569,0.100,50
11161,tests/train_files/train_none_none_none_no_medium_v01.simpl,5,2999.9998,0.100,9
11162,tests/train_files/train_none_none_none_no_medium_v02.simpl,5,2999.9998,0.100,9
11163,tests/train_files/train_none_none_none_no_medium_v03.simpl,5,3666.6667,0.100,9
11164,tests/train_files/train_none_none_none_no_tiny_v01.simpl,5,1999.9999,0.100,2
11165,tests/train_files/train_none_none_none_no_tiny_v02.simpl,5,1999.9999,0.100,2
11166,tests/train_files/train_none_none_none_no_tiny_v03.simpl,5,1499.9999,0.100,2
11167,tests/train_files/train_shallow_few_dominated_has_large_v01.simpl,5,2066.6667,0.100,39
11168,tests/train_files/train_shallow_few_dominated_has_large_v02.simpl,5,2050.0000,0.100,37
11169,tests/train_files/train_shallow_few_dominated_has_large_v03.simpl,5,2061.4036,0.100,37
11170,tests/train_files/train_shallow_few_dominated_has_medium_v01.simpl,5,1500.0000,0.100,6
11171,tests/train_files/train_shallow_few_dominated_has_medium_v02.simpl,5,1272.7272,0.100,4
11172,tests/train_files/train_shallow_few_dominated_has_medium_v03.simpl,5,800.0000,0.100,4
11173,tests/train_files/train_shallow_few_dominated_no_large_v01.simpl,5,2039.4738,0.100,35
11174,tests/train_files/train_shallow_few_dominated_no_large_v02.simpl,5,1833.3334,0.100,33
11175,tests/train_files/train_shallow_few_dominated_no_large_v03.simpl,5,1950.0000,0.100,35
11176,tests/train_files/train_shallow_few_dominated_no_medium_v01.simpl,5,600.0000,0.100,2
11177,tests/train_files/train_shallow_few_dominated_no_medium_v02.simpl,5,0.0000,0.100,0
11178,tests/train_files/train_shallow_few_dominated_no_medium_v03.simpl,5,600.0000,0.100,2
11179,tests/train_files/train_shallow_few_light_has_large_v01.simpl,5,2365.0796,0.100,41
11180,tests/train_files/train_shallow_few_light_has_large_v02.simpl,5,2575.0000,0.100,39
11181,tests/train_files/train_shallow_few_light_has_large_v03.simpl,5,1927.2727,0.100,39
11182,tests/train_files/train_shallow_few_light_has_medium_v01.simpl,5,1000.0000,0.100,6
11183,tests/train_files/train_shallow_few_light_has_medium_v02.simpl,5,800.0000,0.100,4
11184,tests/train_files/train_shallow_few_light_has_medium_v03.simpl,5,833.3333,0.100,4
11185,tests/train_files/train_shallow_few_light_no_large_v01.simpl,5,1914.2858,0.100,37
11186,tests/train_files/train_shallow_few_light_no_large_v02.simpl,5,1666.6667,0.100,35
11187,tests/train_files/train_shallow_few_light_no_large_v03.simpl,5,2050.0000,0.100,37
11188,tests/train_files/train_shallow_few_light_no_medium_v01.simpl,5,576.9230,0.100,2
11189,tests/train_files/train_shallow_few_light_no_medium_v02.simpl,5,0.0000,0.100,0
11190,tests/train_files/train_shallow_few_light_no_medium_v03.simpl,5,566.6666,0.100,2
11191,tests/train_files/train_shallow_few_none_has_large_v01.simpl,5,2377.1931,0.100,43
11192,tests/train_files/train_shallow_few_none_has_large_v02.simpl,5,2422.2224,0.100,41
11193,tests/train_files/train_shallow_few_none_has_large_v03.simpl,5,2271.9299,0.100,41
11194,tests/train_files/train_shallow_few_none_has_medium_v01.simpl,5,1416.6666,0.100,6
11195,tests/train_files/train_shallow_few_none_has_medium_v02.simpl,5,833.3333,0.100,4
11196,tests/train_files/train_shallow_few_none_has_medium_v03.simpl,5,1300.0000,0.100,4
11197,tests/train_files/train_shallow_few_none_no_large_v01.simpl,5,1902.1740,0.100,39
11198,tests/train_files/train_shallow_few_none_no_large_v02.simpl,5,2055.5557,0.100,37
11199,tests/train_files/train_shallow_few_none_no_large_v03.simpl,5,2059.5237,0.100,39
11200,tests/train_files/train_shallow_few_none_no_medium_v01.simpl,5,600.0000,0.100,2
11201,tests/train_files/train_shallow_few_none_no_medium_v02.simpl,5,0.0000,0.100,0
11202,tests/train_files/train_shallow_few_none_no_medium_v03.simpl,5,600.0000,0.100,2
11203,tests/train_files/train_shallow_many_dominated_has_large_v01.simpl,5,2913.1580,0.100,32
11204,tests/train_files/train_shallow_many_dominated_has_large_v02.simpl,5,2602.9412,0.100,29
11205,tests/train_files/train_shallow_many_dominated_has_large_v03.simpl,5,2802.9412,0.100,30
11206,tests/train_files/train_shallow_many_dominated_has_medium_v01.simpl,5,3564.1025,0.100,11
11207,tests/train_files/train_shallow_many_dominated_has_medium_v02.simpl,5,1892.8572,0.100,8
11208,tests/train_files/train_shallow_many_dominated_has_medium_v03.simpl,5,2653.8462,0.100,9
11209,tests/train_files/train_shallow_many_dominated_no_large_v01.simpl,5,3175.0000,0.100,31
11210,tests/train_files/train_shallow_many_dominated_no_large_v02.simpl,5,2566.6667,0.100,28
11211,tests/train_files/train_shallow_many_dominated_no_large_v03.simpl,5,2500.0000,0.100,29
11212,tests/train_files/train_shallow_many_dominated_no_medium_v01.simpl,5,2316.6667,0.100,10
11213,tests/train_files/train_shallow_many_dominated_no_medium_v02.simpl,5,1749.9999,0.100,7
11214,tests/train_files/train_shallow_many_dominated_no_medium_v03.simpl,5,1999.9999,0.100,8
11215,tests/train_files/train_shallow_many_light_has_large_v01.simpl,5,3266.6667,0.100,38
11216,tests/train_files/train_shallow_many_light_has_large_v02.simpl,5,2694.4446,0.100,35
11217,tests/train_files/train_shallow_many_light_has_large_v03.simpl,5,2830.9524,0.100,36
11218,tests/train_files/train_shallow_many_light_has_medium_v01.simpl,5,2499.9998,0.100,11
11219,tests/train_files/train_shallow_many_light_has_medium_v02.simpl,5,2320.5127,0.100,8
11220,tests/train_files/train_shallow_many_light_has_medium_v03.simpl,5,2653.8462,0.100,9
11221,tests/train_files/train_shallow_many_light_no_large_v01.simpl,5,3133.3335,0.100,37
11222,tests/train_files/train_shallow_many_light_no_large_v02.simpl,5,2900.0000,0.100,34
11223,tests/train_files/train_shallow_many_light_no_large_v03.simpl,5,2885.7144,0.100,35
11224,tests/train_files/train_shallow_many_light_no_medium_v01.simpl,5,3083.3333,0.100,10
11225,tests/train_files/train_shallow_many_light_no_medium_v02.simpl,5,1749.9999,0.100,7
11226,tests/train_files/train_shallow_many_light_no_medium_v03.simpl,5,2666.6667,0.100,8
11227,tests/train_files/train_shallow_many_none_has_large_v01.simpl,5,3090.4763,0.100,40
11228,tests/train_files/train_shallow_many_none_has_large_v02.simpl,5,2972.2222,0.100,37
11229,tests/train_files/train_shallow_many_none_has_large_v03.simpl,5,2640.0000,0.100,38
11230,tests/train_files/train_shallow_many_none_has_medium_v01.simpl,5,3083.3333,0.100,11
11231,tests/train_files/train_shallow_many_none_has_medium_v02.simpl,5,2416.6665,0.100,8
11232,tests/train_files/train_shallow_many_none_has_medium_v03.simpl,5,3153.8462,0.100,9
11233,tests/train_files/train_shallow_many_none_no_large_v01.simpl,5,3166.6667,0.100,39
11234,tests/train_files/train_shallow_many_none_no_large_v02.simpl,5,2692.9824,0.100,36
11235,tests/train_files/train_shallow_many_none_no_large_v03.simpl,5,2918.1819,0.100,37
11236,tests/train_files/train_shallow_many_none_no_medium_v01.simpl,5,3076.9231,0.100,10
11237,tests/train_files/train_shallow_many_none_no_medium_v02.simpl,5,1749.9999,0.100,7
11238,tests/train_files/train_shallow_many_none_no_medium_v03.simpl,5,1999.9999,0.100,8
11239,tests/train_files/train_shallow_none_dominated_no_large_v01.simpl,5,2333.3335,0.100,42
11240,tests/train_files/train_shallow_none_dominated_no_large_v02.simpl,5,3000.0000,0.100,42
11241,tests/train_files/train_shallow_none_dominated_no_large_v03.simpl,5,2100.0000,0.100,42
11242,tests/train_files/train_shallow_none_dominated_no_medium_v01.simpl,5,142.8571,0.100,1
11243,tests/train_files/train_shallow_none_dominated_no_medium_v02.simpl,5,142.8571,0.100,1
11244,tests/train_files/train_shallow_none_dominated_no_medium_v03.simpl,5,125.0000,0.100,1
11245,tests/train_files/train_shallow_none_none_no_large_v01.simpl,5,2210.5264,0.100,42
11246,tests/train_files/train_shallow_none_none_no_large_v02.simpl,5,2470.5881,0.100,42
11247,tests/train_files/train_shallow_none_none_no_large_v03.simpl,5,1909.0909,0.100,42
11248,tests/train_files/train_shallow_none_none_no_medium_v01.simpl,5,111.1111,0.100,1
11249,tests/train_files/train_shallow_none_none_no_medium_v02.simpl,5,111.1111,0.100,1
11250,tests/train_files/train_shallow_none_none_no_medium_v03.simpl,5,142.8571,0.100,1
11251,tests/train_files/train_shallow_none_none_no_tiny_v01.simpl,5,0.0000,0.100,0
11252,tests/train_files/train_shallow_none_none_no_tiny_v02.simpl,5,0.0000,0.100,0
11253,tests/train_files/train_shallow_none_none_no_tiny_v03.simpl,5,0.0000,0.100,0
11254,tests/train_files/train_deep_few_dominated_has_large_v01.simpl,5,1676.1906,0.100,32
11255,tests/train_files/train_deep_few_dominated_has_large_v02.simpl,5,1630.9524,0.100,30
11256,tests/train_files/train_deep_few_dominated_has_large_v03.simpl,5,1518.1819,0.100,30
11257,tests/train_files/train_deep_few_dominated_has_medium_v01.simpl,5,812.5000,0.100,6
11258,tests/train_files/train_deep_few_dominated_has_medium_v02.simpl,5,650.0000,0.100,4
11259,tests/train_files/train_deep_few_dominated_has_medium_v03.simpl,5,700.0000,0.100,4
11260,tests/train_files/train_deep_few_dominated_no_large_v01.simpl,5,1427.2727,0.100,28
11261,tests/train_files/train_deep_few_dominated_no_large_v02.simpl,5,1238.0952,0.100,26
11262,tests/train_files/train_deep_few_dominated_no_large_v03.simpl,5,1427.2727,0.100,28
11263,tests/train_files/train_deep_few_dominated_no_medium_v01.simpl,5,558.8235,0.100,2
11264,tests/train_files/train_deep_few_dominated_no_medium_v02.simpl,5,0.0000,0.100,0
11265,tests/train_files/train_deep_few_dominated_no_medium_v03.simpl,5,558.8235,0.100,2
11266,tests/train_files/train_deep_few_light_has_large_v01.simpl,5,1700.0000,0.100,34
11267,tests/train_files/train_deep_few_light_has_large_v02.simpl,5,1750.0000,0.100,32
11268,tests/train_files/train_deep_few_light_has_large_v03.simpl,5,1659.0909,0.100,32
11269,tests/train_files/train_deep_few_light_has_medium_v01.simpl,5,833.3333,0.100,6
11270,tests/train_files/train_deep_few_light_has_medium_v02.simpl,5,700.0000,0.100,4
11271,tests/train_files/train_deep_few_light_has_medium_v03.simpl,5,1166.6666,0.100,4
11272,tests/train_files/train_deep_few_light_no_large_v01.simpl,5,1650.0000,0.100,30
11273,tests/train_files/train_deep_few_light_no_large_v02.simpl,5,1166.6666,0.100,28
11274,tests/train_files/train_deep_few_light_no_large_v03.simpl,5,1568.1819,0.100,30
11275,tests/train_files/train_deep_few_light_no_medium_v01.simpl,5,400.0000,0.100,2
11276,tests/train_files/train_deep_few_light_no_medium_v02.simpl,5,0.0000,0.100,0
11277,tests/train_files/train_deep_few_light_no_medium_v03.simpl,5,566.6666,0.100,2
11278,tests/train_files/train_deep_few_none_has_large_v01.simpl,5,1688.4058,0.100,36
11279,tests/train_files/train_deep_few_none_has_large_v02.simpl,5,896.8254,0.100,34
11280,tests/train_files/train_deep_few_none_has_large_v03.simpl,5,850.0000,0.100,34
11281,tests/train_files/train_deep_few_none_has_medium_v01.simpl,5,812.5000,0.100,6
11282,tests/train_files/train_deep_few_none_has_medium_v02.simpl,5,687.4999,0.100,4
11283,tests/train_files/train_deep_few_none_has_medium_v03.simpl,5,687.4999,0.100,4
11284,tests/train_files/train_deep_few_none_no_large_v01.simpl,5,1490.0000,0.100,32
11285,tests/train_files/train_deep_few_none_no_large_v02.simpl,5,1250.0000,0.100,30
11286,tests/train_files/train_deep_few_none_no_large_v03.simpl,5,1442.3076,0.100,32
11287,tests/train_files/train_deep_few_none_no_medium_v01.simpl,5,566.6666,0.100,2
11288,tests/train_files/train_deep_few_none_no_medium_v02.simpl,5,0.0000,0.100,0
11289,tests/train_files/train_deep_few_none_no_medium_v03.simpl,5,555.5555,0.100,2
11290,tests/train_files/train_deep_many_dominated_has_large_v01.simpl,5,2266.6665,0.100,25
11291,tests/train_files/train_deep_many_dominated_has_large_v02.simpl,5,2000.0001,0.100,22
11292,tests/train_files/train_deep_many_dominated_has_large_v03.simpl,5,2260.6060,0.100,23
11293,tests/train_files/train_deep_many_dominated_has_medium_v01.simpl,5,2086.2744,0.100,14
11294,tests/train_files/train_deep_many_dominated_has_medium_v02.simpl,5,1710.5264,0.100,10
11295,tests/train_files/train_deep_many_dominated_has_medium_v03.simpl,5,1710.5264,0.100,11
11296,tests/train_files/train_deep_many_dominated_no_large_v01.simpl,5,2250.0000,0.100,24
11297,tests/train_files/train_deep_many_dominated_no_large_v02.simpl,5,2036.3636,0.100,21
11298,tests/train_files/train_deep_many_dominated_no_large_v03.simpl,5,2236.3638,0.100,22
11299,tests/train_files/train_deep_many_dominated_no_medium_v01.simpl,5,2302.6316,0.100,10
11300,tests/train_files/train_deep_many_dominated_no_medium_v02.simpl,5,1166.6666,0.100,7
11301,tests/train_files/train_deep_many_dominated_no_medium_v03.simpl,5,1999.9999,0.100,8
11302,tests/train_files/train_deep_many_light_has_large_v01.simpl,5,2608.3333,0.100,31
11303,tests/train_files/train_deep_many_light_has_large_v02.simpl,5,2250.0000,0.100,28
11304,tests/train_files/train_deep_many_light_has_large_v03.simpl,5,2450.0000,0.100,29
11305,tests/train_files/train_deep_many_light_has_medium_v01.simpl,5,2602.9409,0.100,14
11306,tests/train_files/train_deep_many_light_has_medium_v02.simpl,5,1985.2941,0.100,10
11307,tests/train_files/train_deep_many_light_has_medium_v03.simpl,5,1910.5264,0.100,11
11308,tests/train_files/train_deep_many_light_no_large_v01.simpl,5,2850.0000,0.100,30
11309,tests/train_files/train_deep_many_light_no_large_v02.simpl,5,2309.0908,0.100,27
11310,tests/train_files/train_deep_many_light_no_large_v03.simpl,5,2433.3333,0.100,28
11311,tests/train_files/train_deep_many_light_no_medium_v01.simpl,5,2308.8235,0.100,10
11312,tests/train_files/train_deep_many_light_no_medium_v02.simpl,5,1749.9999,0.100,7
11313,tests/train_files/train_deep_many_light_no_medium_v03.simpl,5,1999.9999,0.100,8
11314,tests/train_files/train_deep_many_none_has_large_v01.simpl,5,2790.4761,0.100,33
11315,tests/train_files/train_deep_many_none_has_large_v02.simpl,5,2173.0769,0.100,30
11316,tests/train_files/train_deep_many_none_has_large_v03.simpl,5,2493.4783,0.100,31
11317,tests/train_files/train_deep_many_none_has_medium_v01.simpl,5,2583.3330,0.100,14
11318,tests/train_files/train_deep_many_none_has_medium_v02.simpl,5,1735.2941,0.100,10
11319,tests/train_files/train_deep_many_none_has_medium_v03.simpl,5,1910.5264,0.100,11
11320,tests/train_files/train_deep_many_none_no_large_v01.simpl,5,2545.4546,0.100,32
11321,tests/train_files/train_deep_many_none_no_large_v02.simpl,5,2400.0000,0.100,29
11322,tests/train_files/train_deep_many_none_no_large_v03.simpl,5,2516.6667,0.100,30
11323,tests/train_files/train_deep_many_none_no_medium_v01.simpl,5,3062.5000,0.100,10
11324,tests/train_files/train_deep_many_none_no_medium_v02.simpl,5,1749.9999,0.100,7
11325,tests/train_files/train_deep_many_none_no_medium_v03.simpl,5,1999.9999,0.100,8
11326,tests/train_files/train_deep_none_dominated_no_large_v01.simpl,5,1944.4446,0.100,35
11327,tests/train_files/train_deep_none_dominated_no_large_v02.simpl,5,1944.4446,0.100,35
11328,tests/train_files/train_deep_none_dominated_no_large_v03.simpl,5,1842.1053,0.100,35
11329,tests/train_files/train_deep_none_dominated_no_medium_v01.simpl,5,83.3333,0.100,1
11330,tests/train_files/train_deep_none_dominated_no_medium_v02.simpl,5,100.0000,0.100,1
11331,tests/train_files/train_deep_none_dominated_no_medium_v03.simpl,5,90.9091,0.100,1
11332,tests/train_files/train_deep_none_none_no_large_v01.simpl,5,1666.6667,0.100,35
11333,tests/train_files/train_deep_none_none_no_large_v02.simpl,5,1750.0000,0.100,35
11334,tests/train_files/train_deep_none_none_no_large_v03.simpl,5,1666.6667,0.100,35
11335,tests/train_files/train_deep_none_none_no_medium_v01.simpl,5,0.0000,0.100,0
11336,tests/train_files/train_deep_none_none_no_medium_v02.simpl,5,0.0000,0.100,0
11337,tests/train_files/train_deep_none_none_no_medium_v03.simpl,5,0.0000,0.100,0
11338,tests/train_files/train_none_few_dominated_has_large_v01.simpl,5,3508.9282,0.100,51
11339,tests/train_files/train_none_few_dominated_has_large_v02.simpl,5,3437.4998,0.100,51
11340,tests/train_files/train_none_few_dominated_has_large_v03.simpl,5,4186.8130,0.100,51
11341,tests/train_files/train_none_few_dominated_has_medium_v01.simpl,5,3749.9998,0.100,11
11342,tests/train_files/train_none_few_dominated_has_medium_v02.simpl,5,4777.7773,0.100,11
11343,tests/train_files/train_none_few_dominated_has_medium_v03.simpl,5,4999.9995,0.100,11
11344,tests/train_files/train_none_few_dominated_no_large_v01.simpl,5,3928.5713,0.100,51
11345,tests/train_files/train_none_few_dominated_no_large_v02.simpl,5,4107.1426,0.100,53
11346,tests/train_files/train_none_few_dominated_no_large_v03.simpl,5,4282.0513,0.100,51
11347,tests/train_files/train_none_few_dominated_no_medium_v01.simpl,5,6333.3330,0.100,11
11348,tests/train_files/train_none_few_dominated_no_medium_v02.simpl,5,7749.9995,0.100,13
11349,tests/train_files/train_none_few_dominated_no_medium_v03.simpl,5,3749.9998,0.100,11
11350,tests/train_files/train_none_few_light_has_large_v01.simpl,5,4340.6592,0.100,53
11351,tests/train_files/train_none_few_light_has_large_v02.simpl,5,4000.0000,0.100,53
11352,tests/train_files/train_none_few_light_has_large_v03.simpl,5,4071.4285,0.100,53
11353,tests/train_files/train_none_few_light_has_medium_v01.simpl,5,6666.6665,0.100,12
11354,tests/train_files/train_none_few_light_has_medium_v02.simpl,5,5999.9995,0.100,12
11355,tests/train_files/train_none_few_light_has_medium_v03.simpl,5,4666.6665,0.100,12
11356,tests/train_files/train_none_few_light_has_tiny_v01.simpl,5,7499.9995,0.100,11
11357,tests/train_files/train_none_few_light_has_tiny_v02.simpl,5,5400.0000,0.100,11
11358,tests/train_files/train_none_few_light_has_tiny_v03.simpl,5,5749.9995,0.100,11
11359,tests/train_files/train_none_few_light_no_large_v01.simpl,5,3633.9282,0.100,53
11360,tests/train_files/train_none_few_light_no_large_v02.simpl,5,4016.6667,0.100,55
11361,tests/train_files/train_none_few_light_no_large_v03.simpl,5,3933.3335,0.100,53
11362,tests/train_files/train_none_few_light_no_medium_v01.simpl,5,5999.9995,0.100,12
11363,tests/train_files/train_none_few_light_no_medium_v02.simpl,5,4999.9995,0.100,14
11364,tests/train_files/train_none_few_light_no_medium_v03.simpl,5,6666.6665,0.100,12
11365,tests/train_files/train_none_few_light_no_tiny_v01.simpl,5,2333.3333,0.100,11
11366,tests/train_files/train_none_few_light_no_tiny_v02.simpl,5,7749.9995,0.100,13
11367,tests/train_files/train_none_few_light_no_tiny_v03.simpl,5,6333.3330,0.100,11
11368,tests/train_files/train_none_few_none_has_large_v01.simpl,5,4494.5054,0.100,55
11369,tests/train_files/train_none_few_none_has_large_v02.simpl,5,3900.0000,0.100,55
11370,tests/train_files/train_none_few_none_has_large_v03.simpl,5,3971.4285,0.100,55
11371,tests/train_files/train_none_few_none_has_medium_v01.simpl,5,5333.3330,0.100,14
11372,tests/train_files/train_none_few_none_has_medium_v02.simpl,5,5333.3330,0.100,14
11373,tests/train_files/train_none_few_none_has_medium_v03.simpl,5,4500.0000,0.100,14
11374,tests/train_files/train_none_few_none_has_tiny_v01.simpl,5,6333.3330,0.100,11
11375,tests/train_files/train_none_few_none_has_tiny_v02.simpl,5,6333.3330,0.100,11
11376,tests/train_files/train_none_few_none_has_tiny_v03.simpl,5,6333.3330,0.100,11
11377,tests/train_files/train_none_few_none_no_large_v01.simpl,5,4214.2856,0.100,55
11378,tests/train_files/train_none_few_none_no_large_v02.simpl,5,4673.0767,0.100,57
11379,tests/train_files/train_none_few_none_no_large_v03.simpl,5,4214.2856,0.100,55
11380,tests/train_files/train_none_few_none_no_medium_v01.simpl,5,6500.0000,0.100,14
11381,tests/train_files/train_none_few_none_no_medium_v02.simpl,5,5500.0000,0.100,16
11382,tests/train_files/train_none_few_none_no_medium_v03.simpl,5,5666.6665,0.100,14
11383,tests/train_files/train_none_few_none_no_tiny_v01.simpl,5,6333.3330,0.100,11
11384,tests/train_files/train_none_few_none_no_tiny_v02.simpl,5,8333.3330,0.100,13
11385,tests/train_files/train_none_few_none_no_tiny_v03.simpl,5,6333.3330,0.100,11
11386,tests/train_files/train_none_many_dominated_has_large_v01.simpl,5,4416.6665,0.100,48
11387,tests/train_files/train_none_many_dominated_has_large_v02.simpl,5,4916.6665,0.100,51
11388,tests/train_files/train_none_many_dominated_has_large_v03.simpl,5,4440.4761,0.100,49
11389,tests/train_files/train_none_many_dominated_has_medium_v01.simpl,5,5500.0000,0.100,20
11390,tests/train_files/train_none_many_dominated_has_medium_v02.simpl,5,7000.0000,0.100,23
11391,tests/train_files/train_none_many_dominated_has_medium_v03.simpl,5,5500.0000,0.100,21
11392,tests/train_files/train_none_many_dominated_no_large_v01.simpl,5,4575.7573,0.100,47
11393,tests/train_files/train_none_many_dominated_no_large_v02.simpl,5,5075.7573,0.100,50
11394,tests/train_files/train_none_many_dominated_no_large_v03.simpl,5,4909.0908,0.100,48
11395,tests/train_files/train_none_many_dominated_no_medium_v01.simpl,5,5000.0000,0.100,19
11396,tests/train_files/train_none_many_dominated_no_medium_v02.simpl,5,6500.0000,0.100,22
11397,tests/train_files/train_none_many_dominated_no_medium_v03.simpl,5,5500.0000,0.100,20
11398,tests/train_files/train_none_many_light_has_large_v01.simpl,5,3596.6384,0.100,54
11399,tests/train_files/train_none_many_light_has_large_v02.simpl,5,4205.3569,0.100,57
11400,tests/train_files/train_none_many_light_has_large_v03.simpl,5,3882.3528,0.100,55
11401,tests/train_files/train_none_many_light_has_medium_v01.simpl,5,5500.0000,0.100,20
11402,tests/train_files/train_none_many_light_has_medium_v02.simpl,5,7000.0000,0.100,23
11403,tests/train_files/train_none_many_light_has_medium_v03.simpl,5,6000.0000,0.100,21
11404,tests/train_files/train_none_many_light_no_large_v01.simpl,5,4340.6592,0.100,53
11405,tests/train_files/train_none_many_light_no_large_v02.simpl,5,4769.2305,0.100,56
11406,tests/train_files/train_none_many_light_no_large_v03.simpl,5,4602.5640,0.100,54
11407,tests/train_files/train_none_many_light_no_medium_v01.simpl,5,5749.9995,0.100,19
11408,tests/train_files/train_none_many_light_no_medium_v02.simpl,5,7249.9995,0.100,22
11409,tests/train_files/train_none_many_light_no_medium_v03.simpl,5,5500.0000,0.100,20
11410,tests/train_files/train_none_many_none_has_large_v01.simpl,5,4267.8569,0.100,56
11411,tests/train_files/train_none_many_none_has_large_v02.simpl,5,4642.8569,0.100,59
11412,tests/train_files/train_none_many_none_has_large_v03.simpl,5,4923.0771,0.100,57
11413,tests/train_files/train_none_many_none_has_medium_v01.simpl,5,5500.0000,0.100,20
11414,tests/train_files/train_none_many_none_has_medium_v02.simpl,5,7749.9995,0.100,23
11415,tests/train_files/train_none_many_none_has_medium_v03.simpl,5,6000.0000,0.100,21
11416,tests/train_files/train_none_many_none_no_large_v01.simpl,5,4494.5054,0.100,55
11417,tests/train_files/train_none_many_none_no_large_v02.simpl,5,4798.0767,0.100,58
11418,tests/train_files/train_none_many_none_no_large_v03.simpl,5,4637.3628,0.100,56
11419,tests/train_files/train_none_many_none_no_medium_v01.simpl,5,7000.0000,0.100,19
11420,tests/train_files/train_none_many_none_no_medium_v02.simpl,5,7249.9995,0.100,22
11421,tests/train_files/train_none_many_none_no_medium_v03.simpl,5,6250.0000,0.100,20
11422,tests/train_files/train_none_none_dominated_no_large_v01.simpl,5,3266.6667,0.100,49
11423,tests/train_files/train_none_none_dominated_no_large_v02.simpl,5,2882.3528,0.100,49
11424,tests/train_files/train_none_none_dominated_no_large_v03.simpl,5,3769.2307,0.100,49
11425,tests/train_files/train_none_none_dominated_no_medium_v01.simpl,5,999.9999,0.100,8
11426,tests/train_files/train_none_none_dominated_no_medium_v02.simpl,5,999.9999,0.100,8
11427,tests/train_files/train_none_none_dominated_no_medium_v03.simpl,5,1999.9999,0.100,8
11428,tests/train_files/train_none_none_dominated_no_tiny_v01.simpl,5,333.3333,0.100,1
11429,tests/train_files/train_none_none_dominated_no_tiny_v02.simpl,5,166.6667,0.100,1
11430,tests/train_files/train_none_none_dominated_no_tiny_v03.simpl,5,500.0000,0.100,1
11431,tests/train_files/train_none_none_none_no_large_v01.simpl,5,3025.2100,0.100,50
11432,tests/train_files/train_none_none_none_no_large_v02.simpl,5,3625.0000,0.100,50
11433,tests/train_files/train_none_none_none_no_large_v03.simpl,5,3912.0879,0.100,50
11434,tests/train_files/train_none_none_none_no_medium_v01.simpl,5,3666.6667,0.100,9
11435,tests/train_files/train_none_none_none_no_medium_v02.simpl,5,3666.6667,0.100,9
11436,tests/train_files/train_none_none_none_no_medium_v03.simpl,5,2999.9998,0.100,9
11437,tests/train_files/train_none_none_none_no_tiny_v01.simpl,5,1499.9999,0.100,2
11438,tests/train_files/train_none_none_none_no_tiny_v02.simpl,5,1499.9999,0.100,2
11439,tests/train_files/train_none_none_none_no_tiny_v03.simpl,5,1999.9999,0.100,2
11440,tests/train_files/train_shallow_few_dominated_has_large_v01.simpl,5,2277.7778,0.100,39
11441,tests/train_files/train_shallow_few_dominated_has_large_v02.simpl,5,2317.6470,0.100,37
11442,tests/train_files/train_shallow_few_dominated_has_large_v03.simpl,5,1779.2208,0.100,37
11443,tests/train_files/train_shallow_few_dominated_has_medium_v01.simpl,5,1000.0000,0.100,6
11444,tests/train_files/train_shallow_few_dominated_has_medium_v02.simpl,5,800.0000,0.100,4
11445,tests/train_files/train_shallow_few_dominated_has_medium_v03.simpl,5,1272.7272,0.100,4
11446,tests/train_files/train_shallow_few_dominated_no_large_v01.simpl,5,2375.0000,0.100,35
11447,tests/train_files/train_shallow_few_dominated_no_large_v02.simpl,5,1650.0000,0.100,33
11448,tests/train_files/train_shallow_few_dominated_no_large_v03.simpl,5,1795.4546,0.100,35
11449,tests/train_files/train_shallow_few_dominated_no_medium_v01.simpl,5,600.0000,0.100,2
11450,tests/train_files/train_shallow_few_dominated_no_medium_v02.simpl,5,0.0000,0.100,0
11451,tests/train_files/train_shallow_few_dominated_no_medium_v03.simpl,5,600.0000,0.100,2
11452,tests/train_files/train_shallow_few_light_has_large_v01.simpl,5,2166.6667,0.100,41
11453,tests/train_files/train_shallow_few_light_has_large_v02.simpl,5,2575.0000,0.100,39
11454,tests/train_files/train_shallow_few_light_has_large_v03.simpl,5,1927.2727,0.100,39
11455,tests/train_files/train_shallow_few_light_has_medium_v01.simpl,5,717.9487,0.100,6
11456,tests/train_files/train_shallow_few_light_has_medium_v02.simpl,5,1272.7272,0.100,4
11457,tests/train_files/train_shallow_few_light_has_medium_v03.simpl,5,666.6667,0.100,4
11458,tests/train_files/train_shallow_few_light_no_large_v01.simpl,3,2250.0000,0.100,37
11459,tests/train_files/train_shallow_few_light_no_large_v02.simpl,3,1842.1053,0.100,35
11460,tests/train_files/train_shallow_few_light_no_large_v03.simpl,3,2000.0000,0.100,37
11461,tests/train_files/train_shallow_few_light_no_medium_v01.simpl,3,1111.1111,0.100,2
11462,tests/train_files/train_shallow_few_light_no_medium_v02.simpl,3,0.0000,0.100,0
11463,tests/train_files/train_shallow_few_light_no_medium_v03.simpl,3,600.0000,0.100,2
11464,tests/train_files/train_shallow_few_none_has_large_v01.simpl,3,2353.3835,0.100,43
11465,tests/train_files/train_shallow_few_none_has_large_v02.simpl,3,2200.0000,0.100,41
11466,tests/train_files/train_shallow_few_none_has_large_v03.simpl,3,2271.9299,0.100,41
11467,tests/train_files/train_shallow_few_none_has_medium_v01.simpl,3,1055.5555,0.100,6
11468,tests/train_files/train_shallow_few_none_has_medium_v02.simpl,3,714.2856,0.100,4
11469,tests/train_files/train_shallow_few_none_has_medium_v03.simpl,3,833.3333,0.100,4
11470,tests/train_files/train_shallow_few_none_no_large_v01.simpl,3,2485.2939,0.100,39
11471,tests/train_files/train_shallow_few_none_no_large_v02.simpl,3,2055.5557,0.100,37
11472,tests/train_files/train_shallow_few_none_no_large_v03.simpl,3,2250.0000,0.100,39
11473,tests/train_files/train_shallow_few_none_no_medium_v01.simpl,3,571.4285,0.100,2
11474,tests/train_files/train_shallow_few_none_no_medium_v02.simpl,3,0.0000,0.100,0
11475,tests/train_files/train_shallow_few_none_no_medium_v03.simpl,3,600.0000,0.100,2
11476,tests/train_files/train_shallow_many_dominated_has_large_v01.simpl,3,2900.0000,0.100,31
11477,tests/train_files/train_shallow_many_dominated_has_large_v02.simpl,3,2186.2744,0.100,28
11478,tests/train_files/train_shallow_many_dominated_has_large_v03.simpl,3,2210.5264,0.100,29
11479,tests/train_files/train_shallow_many_dominated_has_medium_v01.simpl,3,2949.9998,0.100,11
11480,tests/train_files/train_shallow_many_dominated_has_medium_v02.simpl,3,1916.6666,0.100,8
11481,tests/train_files/train_shallow_many_dominated_has_medium_v03.simpl,3,1958.3333,0.100,9
11482,tests/train_files/train_shallow_many_dominated_no_large_v01.simpl,3,2385.7144,0.100,31
11483,tests/train_files/train_shallow_many_dominated_no_large_v02.simpl,3,2333.3335,0.100,28
11484,tests/train_files/train_shallow_many_dominated_no_large_v03.simpl,3,2500.0000,0.100,29
11485,tests/train_files/train_shallow_many_dominated_no_medium_v01.simpl,3,1883.3334,0.100,10
11486,tests/train_files/train_shallow_many_dominated_no_medium_v02.simpl,3,1749.9999,0.100,7
11487,tests/train_files/train_shallow_many_dominated_no_medium_v03.simpl,3,2666.6667,0.100,8
11488,tests/train_files/train_shallow_many_light_has_large_v01.simpl,3,3416.6665,0.100,37
11489,tests/train_files/train_shallow_many_light_has_large_v02.simpl,3,1993.3333,0.100,34
11490,tests/train_files/train_shallow_many_light_has_large_v03.simpl,3,2726.3159,0.100,35
11491,tests/train_files/train_shallow_many_light_has_medium_v01.simpl,3,2564.1025,0.100,10
11492,tests/train_files/train_shallow_many_light_has_medium_v02.simpl,3,1820.5128,0.100,7
11493,tests/train_files/train_shallow_many_light_has_medium_v03.simpl,3,2153.8462,0.100,8
11494,tests/train_files/train_shallow_many_light_no_large_v01.simpl,3,3055.5557,0.100,37
11495,tests/train_files/train_shallow_many_light_no_large_v02.simpl,3,2754.9019,0.100,34
11496,tests/train_files/train_shallow_many_light_no_large_v03.simpl,3,2950.0000,0.100,35
11497,tests/train_files/train_shallow_many_light_no_medium_v01.simpl,3,2333.3333,0.100,10
11498,tests/train_files/train_shallow_many_light_no_medium_v02.simpl,3,2333.3333,0.100,7
11499,tests/train_files/train_shallow_many_light_no_medium_v03.simpl,3,2666.6667,0.100,8
11500,tests/train_files/train_shallow_many_none_has_large_v01.simpl,3,3344.4446,0.100,40
11501,tests/train_files/train_shallow_many_none_has_large_v02.simpl,3,2800.0000,0.100,37
11502,tests/train_files/train_shallow_many_none_has_large_v03.simpl,3,3000.0000,0.100,38
11503,tests/train_files/train_shallow_many_none_has_medium_v01.simpl,3,2522.7271,0.100,11
11504,tests/train_files/train_shallow_many_none_has_medium_v02.simpl,3,2333.3333,0.100,8
11505,tests/train_files/train_shallow_many_none_has_medium_v03.simpl,3,2153.8459,0.100,9
11506,tests/train_files/train_shallow_many_none_no_large_v01.simpl,3,3564.7058,0.100,39
11507,tests/train_files/train_shallow_many_none_no_large_v02.simpl,3,2427.5361,0.100,36
11508,tests/train_files/train_shallow_many_none_no_large_v03.simpl,3,2714.2856,0.100,37
11509,tests/train_files/train_shallow_many_none_no_medium_v01.simpl,3,3090.9092,0.100,10
11510,tests/train_files/train_shallow_many_none_no_medium_v02.simpl,3,2333.3333,0.100,7
11511,tests/train_files/train_shallow_many_none_no_medium_v03.simpl,3,2666.6667,0.100,8
11512,tests/train_files/train_shallow_none_dominated_no_large_v01.simpl,3,2624.9998,0.100,42
11513,tests/train_files/train_shallow_none_dominated_no_large_v02.simpl,3,2800.0000,0.100,42
11514,tests/train_files/train_shallow_none_dominated_no_large_v03.simpl,3,2470.5881,0.100,42
11515,tests/train_files/train_shallow_none_dominated_no_medium_v01.simpl,3,166.6667,0.100,1
11516,tests/train_files/train_shallow_none_dominated_no_medium_v02.simpl,3,142.8571,0.100,1
11517,tests/train_files/train_shallow_none_dominated_no_medium_v03.simpl,3,125.0000,0.100,1
11518,tests/train_files/train_shallow_none_none_no_large_v01.simpl,3,2000.0000,0.100,42
11519,tests/train_files/train_shallow_none_none_no_large_v02.simpl,3,2100.0000,0.100,42
11520,tests/train_files/train_shallow_none_none_no_large_v03.simpl,3,1909.0909,0.100,42
11521,tests/train_files/train_shallow_none_none_no_medium_v01.simpl,3,125.0000,0.100,1
11522,tests/train_files/train_shallow_none_none_no_medium_v02.simpl,3,125.0000,0.100,1
11523,tests/train_files/train_shallow_none_none_no_medium_v03.simpl,3,125.0000,0.100,1
11524,tests/train_files/train_shallow_none_none_no_tiny_v01.simpl,3,0.0000,0.100,0
11525,tests/train_files/train_shallow_none_none_no_tiny_v02.simpl,3,0.0000,0.100,0
11526,tests/train_files/train_shallow_none_none_no_tiny_v03.simpl,3,0.0000,0.100,0
11527,tests/train_files/train_deep_few_dominated_has_large_v01.simpl,3,1541.6666,0.100,32
11528,tests/train_files/train_deep_few_dominated_has_large_v02.simpl,3,1580.9524,0.100,30
11529,tests/train_files/train_deep_few_dominated_has_large_v03.simpl,3,1568.1819,0.100,30
11530,tests/train_files/train_deep_few_dominated_has_medium_v01.simpl,3,1333.3333,0.100,6
11531,tests/train_files/train_deep_few_dominated_has_medium_v02.simpl,3,687.4999,0.100,4
11532,tests/train_files/train_deep_few_dominated_has_medium_v03.simpl,3,687.4999,0.100,4
11533,tests/train_files/train_deep_few_dominated_no_large_v01.simpl,3,1485.7144,0.100,28
11534,tests/train_files/train_deep_few_dominated_no_large_v02.simpl,3,1181.8182,0.100,26
11535,tests/train_files/train_deep_few_dominated_no_large_v03.simpl,3,1535.7144,0.100,28
11536,tests/train_files/train_deep_few_dominated_no_medium_v01.simpl,3,566.6666,0.100,2
11537,tests/train_files/train_deep_few_dominated_no_medium_v02.simpl,3,0.0000,0.100,0
11538,tests/train_files/train_deep_few_dominated_no_medium_v03.simpl,3,404.7619,0.100,2
11539,tests/train_files/train_deep_few_light_has_large_v01.simpl,3,1575.0000,0.100,34
11540,tests/train_files/train_deep_few_light_has_large_v02.simpl,3,1726.1906,0.100,32
11541,tests/train_files/train_deep_few_light_has_large_v03.simpl,3,1547.8260,0.100,32
11542,tests/train_files/train_deep_few_light_has_medium_v01.simpl,3,857.1428,0.100,6
11543,tests/train_files/train_deep_few_light_has_medium_v02.simpl,3,700.0000,0.100,4
11544,tests/train_files/train_deep_few_light_has_medium_v03.simpl,3,714.2856,0.100,4
11545,tests/train_files/train_deep_few_light_no_large_v01.simpl,3,1700.0000,0.100,30
11546,tests/train_files/train_deep_few_light_no_large_v02.simpl,3,1333.3334,0.100,28
11547,tests/train_files/train_deep_few_light_no_large_v03.simpl,3,1580.9524,0.100,30
11548,tests/train_files/train_deep_few_light_no_medium_v01.simpl,3,404.7619,0.100,2
11549,tests/train_files/train_deep_few_light_no_medium_v02.simpl,3,0.0000,0.100,0
11550,tests/train_files/train_deep_few_light_no_medium_v03.simpl,3,404.7619,0.100,2
11551,tests/train_files/train_deep_few_none_has_large_v01.simpl,3,1866.6667,0.100,36
11552,tests/train_files/train_deep_few_none_has_large_v02.simpl,3,1821.4286,0.100,34
11553,tests/train_files/train_deep_few_none_has_large_v03.simpl,3,1666.6666,0.100,34
11554,tests/train_files/train_deep_few_none_has_medium_v01.simpl,3,857.1428,0.100,6
11555,tests/train_files/train_deep_few_none_has_medium_v02.simpl,3,700.0000,0.100,4
11556,tests/train_files/train_deep_few_none_has_medium_v03.simpl,3,700.0000,0.100,4
11557,tests/train_files/train_deep_few_none_no_large_v01.simpl,3,1659.0909,0.100,32
11558,tests/train_files/train_deep_few_none_no_large_v02.simpl,3,1363.6364,0.100,30
11559,tests/train_files/train_deep_few_none_no_large_v03.simpl,3,1541.6666,0.100,32
11560,tests/train_files/train_deep_few_none_no_medium_v01.simpl,3,571.4285,0.100,2
11561,tests/train_files/train_deep_few_none_no_medium_v02.simpl,3,0.0000,0.100,0
11562,tests/train_files/train_deep_few_none_no_medium_v03.simpl,3,566.6666,0.100,2
11563,tests/train_files/train_deep_many_dominated_has_large_v01.simpl,3,2239.1304,0.100,25
11564,tests/train_files/train_deep_many_dominated_has_large_v02.simpl,3,2060.6060,0.100,22
11565,tests/train_files/train_deep_many_dominated_has_large_v03.simpl,3,1945.6521,0.100,23
11566,tests/train_files/train_deep_many_dominated_has_medium_v01.simpl,3,1733.3334,0.100,13
11567,tests/train_files/train_deep_many_dominated_has_medium_v02.simpl,3,1210.5264,0.100,9
11568,tests/train_files/train_deep_many_dominated_has_medium_v03.simpl,3,1410.5264,0.100,10
11569,tests/train_files/train_deep_many_dominated_no_large_v01.simpl,3,2550.0000,0.100,24
11570,tests/train_files/train_deep_many_dominated_no_large_v02.simpl,3,2036.3636,0.100,21
11571,tests/train_files/train_deep_many_dominated_no_large_v03.simpl,3,1969.6970,0.100,22
11572,tests/train_files/train_deep_many_dominated_no_medium_v01.simpl,3,2305.5557,0.100,10
11573,tests/train_files/train_deep_many_dominated_no_medium_v02.simpl,3,1749.9999,0.100,7
11574,tests/train_files/train_deep_many_dominated_no_medium_v03.simpl,3,1600.0000,0.100,8
11575,tests/train_files/train_deep_many_light_has_large_v01.simpl,3,2800.0000,0.100,31
11576,tests/train_files/train_deep_many_light_has_large_v02.simpl,3,2206.5217,0.100,28
11577,tests/train_files/train_deep_many_light_has_large_v03.simpl,3,2206.5217,0.100,29
11578,tests/train_files/train_deep_many_light_has_medium_v01.simpl,3,1666.6666,0.100,8
11579,tests/train_files/train_deep_many_light_has_medium_v02.simpl,3,1750.0000,0.100,6
11580,tests/train_files/train_deep_many_light_has_medium_v03.simpl,3,1999.9999,0.100,7
11581,tests/train_files/train_deep_many_light_no_large_v01.simpl,3,2500.0000,0.100,30
11582,tests/train_files/train_deep_many_light_no_large_v02.simpl,3,2269.5652,0.100,27
11583,tests/train_files/train_deep_many_light_no_large_v03.simpl,3,2400.0000,0.100,28
11584,tests/train_files/train_deep_many_light_no_medium_v01.simpl,3,2308.8235,0.100,10
11585,tests/train_files/train_deep_many_light_no_medium_v02.simpl,3,1400.0000,0.100,7
11586,tests/train_files/train_deep_many_light_no_medium_v03.simpl,3,1999.9999,0.100,8
11587,tests/train_files/train_deep_many_none_has_large_v01.simpl,3,2557.1428,0.100,33
11588,tests/train_files/train_deep_many_none_has_large_v02.simpl,3,2293.4783,0.100,30
11589,tests/train_files/train_deep_many_none_has_large_v03.simpl,3,2400.0000,0.100,31
11590,tests/train_files/train_deep_many_none_has_medium_v01.simpl,3,2749.9998,0.100,8
11591,tests/train_files/train_deep_many_none_has_medium_v02.simpl,3,1750.0000,0.100,6
11592,tests/train_files/train_deep_many_none_has_medium_v03.simpl,3,1700.0000,0.100,7
11593,tests/train_files/train_deep_many_none_no_large_v01.simpl,3,2458.3333,0.100,32
11594,tests/train_files/train_deep_many_none_no_large_v02.simpl,3,2123.1885,0.100,29
11595,tests/train_files/train_deep_many_none_no_large_v03.simpl,3,2516.6667,0.100,30
11596,tests/train_files/train_deep_many_none_no_medium_v01.simpl,3,2308.8235,0.100,10
11597,tests/train_files/train_deep_many_none_no_medium_v02.simpl,3,2333.3333,0.100,7
11598,tests/train_files/train_deep_many_none_no_medium_v03.simpl,3,1999.9999,0.100,8
11599,tests/train_files/train_deep_none_dominated_no_large_v01.simpl,3,1944.4446,0.100,35
11600,tests/train_files/train_deep_none_dominated_no_large_v02.simpl,3,1944.4446,0.100,35
11601,tests/train_files/train_deep_none_dominated_no_large_v03.simpl,3,1590.9091,0.100,35
11602,tests/train_files/train_deep_none_dominated_no_medium_v01.simpl,3,100.0000,0.100,1
11603,tests/train_files/train_deep_none_dominated_no_medium_v02.simpl,3,90.9091,0.100,1
11604,tests/train_files/train_deep_none_dominated_no_medium_v03.simpl,3,83.3333,0.100,1
11605,tests/train_files/train_deep_none_none_no_large_v01.simpl,3,1521.7391,0.100,35
11606,tests/train_files/train_deep_none_none_no_large_v02.simpl,3,1842.1053,0.100,35
11607,tests/train_files/train_deep_none_none_no_large_v03.simpl,3,1458.3334,0.100,35
11608,tests/train_files/train_deep_none_none_no_medium_v01.simpl,3,0.0000,0.100,0
11609,tests/train_files/train_deep_none_none_no_medium_v02.simpl,3,0.0000,0.100,0
11610,tests/train_files/train_deep_none_none_no_medium_v03.simpl,3,0.0000,0.100,0
11611,tests/train_files/train_none_few_dominated_has_large_v01.simpl,3,3928.5713,0.100,51
11612,tests/train_files/train_none_few_dominated_has_large_v02.simpl,3,3857.1428,0.100,51
11613,tests/train_files/train_none_few_dominated_has_large_v03.simpl,3,4488.0952,0.100,51
11614,tests/train_files/train_none_few_dominated_has_medium_v01.simpl,3,2874.9998,0.100,11
11615,tests/train_files/train_none_few_dominated_has_medium_v02.simpl,3,5166.6665,0.100,11
11616,tests/train_files/train_none_few_dominated_has_medium_v03.simpl,3,5499.9995,0.100,11
11617,tests/train_files/train_none_few_dominated_no_large_v01.simpl,3,4488.0952,0.100,51
11618,tests/train_files/train_none_few_dominated_no_large_v02.simpl,3,3794.6426,0.100,53
11619,tests/train_files/train_none_few_dominated_no_large_v03.simpl,3,4282.0513,0.100,51
11620,tests/train_files/train_none_few_dominated_no_medium_v01.simpl,3,6333.3330,0.100,11
11621,tests/train_files/train_none_few_dominated_no_medium_v02.simpl,3,4749.9995,0.100,13
11622,tests/train_files/train_none_few_dominated_no_medium_v03.simpl,3,3749.9998,0.100,11
11623,tests/train_files/train_none_few_light_has_large_v01.simpl,3,4000.0000,0.100,53
11624,tests/train_files/train_none_few_light_has_large_v02.simpl,3,4269.2305,0.100,53
11625,tests/train_files/train_none_few_light_has_large_v03.simpl,3,4340.6592,0.100,53
11626,tests/train_files/train_none_few_light_has_medium_v01.simpl,3,5999.9995,0.100,12
11627,tests/train_files/train_none_few_light_has_medium_v02.simpl,3,5999.9995,0.100,12
11628,tests/train_files/train_none_few_light_has_medium_v03.simpl,3,4666.6665,0.100,12
11629,tests/train_files/train_none_few_light_has_tiny_v01.simpl,3,4999.9995,0.100,11
11630,tests/train_files/train_none_few_light_has_tiny_v02.simpl,3,4874.9995,0.100,11
11631,tests/train_files/train_none_few_light_has_tiny_v03.simpl,3,3749.9998,0.100,11
11632,tests/train_files/train_none_few_light_no_large_v01.simpl,3,4340.6592,0.100,53
11633,tests/train_files/train_none_few_light_no_large_v02.simpl,3,3919.6426,0.100,55
11634,tests/train_files/train_none_few_light_no_large_v03.simpl,3,4340.6592,0.100,53
11635,tests/train_files/train_none_few_light_no_medium_v01.simpl,3,4666.6665,0.100,12
11636,tests/train_files/train_none_few_light_no_medium_v02.simpl,3,4999.9995,0.100,14
11637,tests/train_files/train_none_few_light_no_medium_v03.simpl,3,5999.9995,0.100,12
11638,tests/train_files/train_none_few_light_no_tiny_v01.simpl,3,7499.9995,0.100,11
11639,tests/train_files/train_none_few_light_no_tiny_v02.simpl,3,3874.9998,0.100,13
11640,tests/train_files/train_none_few_light_no_tiny_v03.simpl,3,6333.3330,0.100,11
11641,tests/train_files/train_none_few_none_has_large_v01.simpl,3,3687.4998,0.100,55
11642,tests/train_files/train_none_few_none_has_large_v02.simpl,3,4423.0767,0.100,55
11643,tests/train_files/train_none_few_none_has_large_v03.simpl,3,4494.5054,0.100,55
11644,tests/train_files/train_none_few_none_has_medium_v01.simpl,3,6500.0000,0.100,14
11645,tests/train_files/train_none_few_none_has_medium_v02.simpl,3,7333.3330,0.100,14
11646,tests/train_files/train_none_few_none_has_medium_v03.simpl,3,4500.0000,0.100,14
11647,tests/train_files/train_none_few_none_has_tiny_v01.simpl,3,4333.3330,0.100,11
11648,tests/train_files/train_none_few_none_has_tiny_v02.simpl,3,6333.3330,0.100,11
11649,tests/train_files/train_none_few_none_has_tiny_v03.simpl,3,6333.3330,0.100,11
11650,tests/train_files/train_none_few_none_no_large_v01.simpl,3,4214.2856,0.100,55
11651,tests/train_files/train_none_few_none_no_large_v02.simpl,3,4392.8569,0.100,57
11652,tests/train_files/train_none_few_none_no_large_v03.simpl,3,4214.2856,0.100,55
11653,tests/train_files/train_none_few_none_no_medium_v01.simpl,3,4500.0000,0.100,14
11654,tests/train_files/train_none_few_none_no_medium_v02.simpl,3,5500.0000,0.100,16
11655,tests/train_files/train_none_few_none_no_medium_v03.simpl,3,3666.6665,0.100,14
11656,tests/train_files/train_none_few_none_no_tiny_v01.simpl,3,3749.9998,0.100,11
11657,tests/train_files/train_none_few_none_no_tiny_v02.simpl,3,5333.3330,0.100,13
11658,tests/train_files/train_none_few_none_no_tiny_v03.simpl,3,4333.3330,0.100,11
11659,tests/train_files/train_none_many_dominated_has_large_v01.simpl,3,3520.8330,0.100,48
11660,tests/train_files/train_none_many_dominated_has_large_v02.simpl,3,4916.6665,0.100,51
11661,tests/train_files/train_none_many_dominated_has_large_v03.simpl,3,4783.3330,0.100,49
11662,tests/train_files/train_none_many_dominated_has_medium_v01.simpl,3,5500.0000,0.100,20
11663,tests/train_files/train_none_many_dominated_has_medium_v02.simpl,3,6500.0000,0.100,23
11664,tests/train_files/train_none_many_dominated_has_medium_v03.simpl,3,5500.0000,0.100,21
11665,tests/train_files/train_none_many_dominated_no_large_v01.simpl,3,3533.3335,0.100,47
11666,tests/train_files/train_none_many_dominated_no_large_v02.simpl,3,4750.0000,0.100,50
11667,tests/train_files/train_none_many_dominated_no_large_v03.simpl,3,4742.4243,0.100,48
11668,tests/train_files/train_none_many_dominated_no_medium_v01.simpl,3,5000.0000,0.100,19
11669,tests/train_files/train_none_many_dominated_no_medium_v02.simpl,3,10000.0000,0.100,22
11670,tests/train_files/train_none_many_dominated_no_medium_v03.simpl,3,5500.0000,0.100,20
11671,tests/train_files/train_none_many_light_has_large_v01.simpl,3,4483.5166,0.100,54
11672,tests/train_files/train_none_many_light_has_large_v02.simpl,3,4205.3569,0.100,57
11673,tests/train_files/train_none_many_light_has_large_v03.simpl,3,4769.2305,0.100,55
11674,tests/train_files/train_none_many_light_has_medium_v01.simpl,3,5500.0000,0.100,20
11675,tests/train_files/train_none_many_light_has_medium_v02.simpl,3,7000.0000,0.100,23
11676,tests/train_files/train_none_many_light_has_medium_v03.simpl,3,6000.0000,0.100,21
11677,tests/train_files/train_none_many_light_no_large_v01.simpl,3,4654.7617,0.100,53
11678,tests/train_files/train_none_many_light_no_large_v02.simpl,3,3882.3528,0.100,56
11679,tests/train_files/train_none_many_light_no_large_v03.simpl,3,3895.8330,0.100,54
11680,tests/train_files/train_none_many_light_no_medium_v01.simpl,3,5000.0000,0.100,19
11681,tests/train_files/train_none_many_light_no_medium_v02.simpl,3,7249.9995,0.100,22
11682,tests/train_files/train_none_many_light_no_medium_v03.simpl,3,8000.0000,0.100,20
11683,tests/train_files/train_none_many_none_has_large_v01.simpl,3,3901.7854,0.100,56
11684,tests/train_files/train_none_many_none_has_large_v02.simpl,3,4531.7461,0.100,59
11685,tests/train_files/train_none_many_none_has_large_v03.simpl,3,4187.5000,0.100,57
11686,tests/train_files/train_none_many_none_has_medium_v01.simpl,3,4666.6665,0.100,20
11687,tests/train_files/train_none_many_none_has_medium_v02.simpl,3,11000.0000,0.100,23
11688,tests/train_files/train_none_many_none_has_medium_v03.simpl,3,4874.9995,0.100,21
11689,tests/train_files/train_none_many_none_no_large_v01.simpl,3,4494.5054,0.100,55
11690,tests/train_files/train_none_many_none_no_large_v02.simpl,3,4187.4995,0.100,58
11691,tests/train_files/train_none_many_none_no_large_v03.simpl,3,4756.4102,0.100,56
11692,tests/train_files/train_none_many_none_no_medium_v01.simpl,3,7000.0000,0.100,19
11693,tests/train_files/train_none_many_none_no_medium_v02.simpl,3,8500.0000,0.100,22
11694,tests/train_files/train_none_many_none_no_medium_v03.simpl,3,8000.0000,0.100,20
11695,tests/train_files/train_none_none_dominated_no_large_v01.simpl,3,2882.3528,0.100,49
11696,tests/train_files/train_none_none_dominated_no_large_v02.simpl,3,2578.9475,0.100,49
11697,tests/train_files/train_none_none_dominated_no_large_v03.simpl,3,3266.6667,0.100,49
11698,tests/train_files/train_none_none_dominated_no_medium_v01.simpl,3,2666.6667,0.100,8
11699,tests/train_files/train_none_none_dominated_no_medium_v02.simpl,3,2666.6667,0.100,8
11700,tests/train_files/train_none_none_dominated_no_medium_v03.simpl,3,1999.9999,0.100,8
11701,tests/train_files/train_none_none_dominated_no_tiny_v01.simpl,3,333.3333,0.100,1
11702,tests/train_files/train_none_none_dominated_no_tiny_v02.simpl,3,500.0000,0.100,1
11703,tests/train_files/train_none_none_dominated_no_tiny_v03.simpl,3,500.0000,0.100,1
11704,tests/train_files/train_none_none_none_no_large_v01.simpl,3,3642.8572,0.100,50
11705,tests/train_files/train_none_none_none_no_large_v02.simpl,3,3205.3569,0.100,50
11706,tests/train_files/train_none_none_none_no_large_v03.simpl,3,2721.8047,0.100,50
11707,tests/train_files/train_none_none_none_no_medium_v01.simpl,3,2333.3333,0.100,9
11708,tests/train_files/train_none_none_none_no_medium_v02.simpl,3,2999.9998,0.100,9
11709,tests/train_files/train_none_none_none_no_medium_v03.simpl,3,2499.9998,0.100,9
11710,tests/train_files/train_none_none_none_no_tiny_v01.simpl,3,1999.9999,0.100,2
11711,tests/train_files/train_none_none_none_no_tiny_v02.simpl,3,1333.3333,0.100,2
11712,tests/train_files/train_none_none_none_no_tiny_v03.simpl,3,1499.9999,0.100,2
11713,tests/train_files/train_shallow_few_dominated_has_large_v01.simpl,3,2277.7778,0.100,39
11714,tests/train_files/train_shallow_few_dominated_has_large_v02.simpl,3,2000.0000,0.100,37
11715,tests/train_files/train_shallow_few_dominated_has_large_v03.simpl,3,1966.6666,0.100,37
11716,tests/train_files/train_shallow_few_dominated_has_medium_v01.simpl,3,1416.6666,0.100,6
11717,tests/train_files/train_shallow_few_dominated_has_medium_v02.simpl,3,800.0000,0.100,4
11718,tests/train_files/train_shallow_few_dominated_has_medium_v03.simpl,3,800.0000,0.100,4
11719,tests/train_files/train_shallow_few_dominated_no_large_v01.simpl,3,2249.9998,0.100,35
11720,tests/train_files/train_shallow_few_dominated_no_large_v02.simpl,3,1833.3334,0.100,33
11721,tests/train_files/train_shallow_few_dominated_no_large_v03.simpl,3,2039.4738,0.100,35
11722,tests/train_files/train_shallow_few_dominated_no_medium_v01.simpl,3,433.3333,0.100,2
11723,tests/train_files/train_shallow_few_dominated_no_medium_v02.simpl,3,0.0000,0.100,0
11724,tests/train_files/train_shallow_few_dominated_no_medium_v03.simpl,3,600.0000,0.100,2
11725,tests/train_files/train_shallow_few_light_has_large_v01.simpl,3,1984.8485,0.100,41
11726,tests/train_files/train_shallow_few_light_has_large_v02.simpl,3,2200.0000,0.100,39
11727,tests/train_files/train_shallow_few_light_has_large_v03.simpl,3,2277.7778,0.100,39
11728,tests/train_files/train_shallow_few_light_has_medium_v01.simpl,3,884.6154,0.100,6
11729,tests/train_files/train_shallow_few_light_has_medium_v02.simpl,3,1272.7272,0.100,4
11730,tests/train_files/train_shallow_few_light_has_medium_v03.simpl,3,800.0000,0.100,4
11731,tests/train_files/train_shallow_few_light_no_large_v01.simpl,3,2050.0000,0.100,37
11732,tests/train_files/train_shallow_few_light_no_large_v02.simpl,3,1842.1053,0.100,35
11733,tests/train_files/train_shallow_few_light_no_large_v03.simpl,3,1886.3636,0.100,37
11734,tests/train_files/train_shallow_few_light_no_medium_v01.simpl,3,1100.0000,0.100,2
11735,tests/train_files/train_shallow_few_light_no_medium_v02.simpl,3,0.0000,0.100,0
11736,tests/train_files/train_shallow_few_light_no_medium_v03.simpl,3,576.9230,0.100,2
11737,tests/train_files/train_shallow_few_none_has_large_v01.simpl,3,2613.4453,0.100,43
11738,tests/train_files/train_shallow_few_none_has_large_v02.simpl,3,2104.7620,0.100,41
11739,tests/train_files/train_shallow_few_none_has_large_v03.simpl,3,2166.6667,0.100,41
11740,tests/train_files/train_shallow_few_none_has_medium_v01.simpl,3,1500.0000,0.100,6
11741,tests/train_files/train_shallow_few_none_has_medium_v02.simpl,3,1272.7272,0.100,4
11742,tests/train_files/train_shallow_few_none_has_medium_v03.simpl,3,1333.3333,0.100,4
11743,tests/train_files/train_shallow_few_none_no_large_v01.simpl,3,2361.1111,0.100,39
11744,tests/train_files/train_shallow_few_none_no_large_v02.simpl,3,2055.5557,0.100,37
11745,tests/train_files/train_shallow_few_none_no_large_v03.simpl,3,2150.0000,0.100,39
11746,tests/train_files/train_shallow_few_none_no_medium_v01.simpl,3,611.1111,0.100,2
11747,tests/train_files/train_shallow_few_none_no_medium_v02.simpl,3,0.0000,0.100,0
11748,tests/train_files/train_shallow_few_none_no_medium_v03.simpl,3,611.1111,0.100,2
11749,tests/train_files/train_shallow_many_dominated_has_large_v01.simpl,3,2663.1580,0.100,31
11750,tests/train_files/train_shallow_many_dominated_has_large_v02.simpl,3,2186.2744,0.100,28
11751,tests/train_files/train_shallow_many_dominated_has_large_v03.simpl,3,2210.0840,0.100,29
11752,tests/train_files/train_shallow_many_dominated_has_medium_v01.simpl,3,3009.8037,0.100,11
11753,tests/train_files/train_shallow_many_dominated_has_medium_v02.simpl,3,2291.6665,0.100,8
11754,tests/train_files/train_shallow_many_dominated_has_medium_v03.simpl,3,2666.6667,0.100,9
11755,tests/train_files/train_shallow_many_dominated_no_large_v01.simpl,3,3094.1177,0.100,31
11756,tests/train_files/train_shallow_many_dominated_no_large_v02.simpl,3,2566.6667,0.100,28
11757,tests/train_files/train_shallow_many_dominated_no_large_v03.simpl,3,2705.2632,0.100,29
11758,tests/train_files/train_shallow_many_dominated_no_medium_v01.simpl,3,2316.6667,0.100,10
11759,tests/train_files/train_shallow_many_dominated_no_medium_v02.simpl,3,1400.0000,0.100,7
11760,tests/train_files/train_shallow_many_dominated_no_medium_v03.simpl,3,1999.9999,0.100,8
11761,tests/train_files/train_shallow_many_light_has_large_v01.simpl,3,2828.5713,0.100,37
11762,tests/train_files/train_shallow_many_light_has_large_v02.simpl,3,2526.3159,0.100,34
11763,tests/train_files/train_shallow_many_light_has_large_v03.simpl,3,2580.9524,0.100,35
11764,tests/train_files/train_shallow_many_light_has_medium_v01.simpl,3,2583.3333,0.100,10
11765,tests/train_files/train_shallow_many_light_has_medium_v02.simpl,3,1383.3334,0.100,7
11766,tests/train_files/train_shallow_many_light_has_medium_v03.simpl,3,2153.8462,0.100,8
11767,tests/train_files/train_shallow_many_light_no_large_v01.simpl,3,3250.0000,0.100,37
11768,tests/train_files/train_shallow_many_light_no_large_v02.simpl,3,2754.9019,0.100,34
11769,tests/train_files/train_shallow_many_light_no_large_v03.simpl,3,2619.0479,0.100,35
11770,tests/train_files/train_shallow_many_light_no_medium_v01.simpl,3,1890.9091,0.100,10
11771,tests/train_files/train_shallow_many_light_no_medium_v02.simpl,3,2333.3333,0.100,7
11772,tests/train_files/train_shallow_many_light_no_medium_v03.simpl,3,2666.6667,0.100,8
11773,tests/train_files/train_shallow_many_none_has_large_v01.simpl,3,3377.7778,0.100,40
11774,tests/train_files/train_shallow_many_none_has_large_v02.simpl,3,2559.5239,0.100,37
11775,tests/train_files/train_shallow_many_none_has_large_v03.simpl,3,3176.1904,0.100,38
11776,tests/train_files/train_shallow_many_none_has_medium_v01.simpl,3,3083.3333,0.100,11
11777,tests/train_files/train_shallow_many_none_has_medium_v02.simpl,3,2820.5127,0.100,8
11778,tests/train_files/train_shallow_many_none_has_medium_v03.simpl,3,2653.8462,0.100,9
11779,tests/train_files/train_shallow_many_none_no_large_v01.simpl,3,3466.6667,0.100,39
11780,tests/train_files/train_shallow_many_none_no_large_v02.simpl,3,2380.9524,0.100,36
11781,tests/train_files/train_shallow_many_none_no_large_v03.simpl,3,3050.0000,0.100,37
11782,tests/train_files/train_shallow_many_none_no_medium_v01.simpl,3,3076.9231,0.100,10
11783,tests/train_files/train_shallow_many_none_no_medium_v02.simpl,3,2333.3333,0.100,7
11784,tests/train_files/train_shallow_many_none_no_medium_v03.simpl,3,1999.9999,0.100,8
11785,tests/train_files/train_shallow_none_dominated_no_large_v01.simpl,3,2000.0000,0.100,42
11786,tests/train_files/train_shallow_none_dominated_no_large_v02.simpl,3,2800.0000,0.100,42
11787,tests/train_files/train_shallow_none_dominated_no_large_v03.simpl,3,2000.0000,0.100,42
11788,tests/train_files/train_shallow_none_dominated_no_medium_v01.simpl,3,142.8571,0.100,1
11789,tests/train_files/train_shallow_none_dominated_no_medium_v02.simpl,3,125.0000,0.100,1
11790,tests/train_files/train_shallow_none_dominated_no_medium_v03.simpl,3,125.0000,0.100,1
11791,tests/train_files/train_shallow_none_none_no_large_v01.simpl,3,2210.5264,0.100,42
11792,tests/train_files/train_shallow_none_none_no_large_v02.simpl,3,2000.0000,0.100,42
11793,tests/train_files/train_shallow_none_none_no_large_v03.simpl,3,1680.0000,0.100,42
11794,tests/train_files/train_shallow_none_none_no_medium_v01.simpl,3,111.1111,0.100,1
11795,tests/train_files/train_shallow_none_none_no_medium_v02.simpl,3,111.1111,0.100,1
11796,tests/train_files/train_shallow_none_none_no_medium_v03.simpl,3,111.1111,0.100,1
11797,tests/train_files/train_shallow_none_none_no_tiny_v01.simpl,3,0.0000,0.100,0
11798,tests/train_files/train_shallow_none_none_no_tiny_v02.simpl,3,0.0000,0.100,0
11799,tests/train_files/train_shallow_none_none_no_tiny_v03.simpl,3,0.0000,0.100,0
11800,tests/train_files/train_deep_few_dominated_has_large_v01.simpl,3,1609.0909,0.100,32
11801,tests/train_files/train_deep_few_dominated_has_large_v02.simpl,3,1630.9524,0.100,30
11802,tests/train_files/train_deep_few_dominated_has_large_v03.simpl,3,1580.9524,0.100,30
11803,tests/train_files/train_deep_few_dominated_has_medium_v01.simpl,3,833.3333,0.100,6
11804,tests/train_files/train_deep_few_dominated_has_medium_v02.simpl,3,700.0000,0.100,4
11805,tests/train_files/train_deep_few_dominated_has_medium_v03.simpl,3,700.0000,0.100,4
11806,tests/train_files/train_deep_few_dominated_no_large_v01.simpl,3,1280.0000,0.100,28
11807,tests/train_files/train_deep_few_dominated_no_large_v02.simpl,3,1181.8182,0.100,26
11808,tests/train_files/train_deep_few_dominated_no_large_v03.simpl,3,1477.2727,0.100,28
11809,tests/train_files/train_deep_few_dominated_no_medium_v01.simpl,3,562.4999,0.100,2
11810,tests/train_files/train_deep_few_dominated_no_medium_v02.simpl,3,0.0000,0.100,0
11811,tests/train_files/train_deep_few_dominated_no_medium_v03.simpl,3,321.4286,0.100,2
11812,tests/train_files/train_deep_few_light_has_large_v01.simpl,3,1575.0000,0.100,34
11813,tests/train_files/train_deep_few_light_has_large_v02.simpl,3,1547.8260,0.100,32
11814,tests/train_files/train_deep_few_light_has_large_v03.simpl,3,1676.1906,0.100,32
11815,tests/train_files/train_deep_few_light_has_medium_v01.simpl,3,857.1428,0.100,6
11816,tests/train_files/train_deep_few_light_has_medium_v02.simpl,3,700.0000,0.100,4
11817,tests/train_files/train_deep_few_light_has_medium_v03.simpl,3,700.0000,0.100,4
11818,tests/train_files/train_deep_few_light_no_large_v01.simpl,3,1408.3334,0.100,30
11819,tests/train_files/train_deep_few_light_no_large_v02.simpl,3,1272.7273,0.100,28
11820,tests/train_files/train_deep_few_light_no_large_v03.simpl,3,1568.1819,0.100,30
11821,tests/train_files/train_deep_few_light_no_medium_v01.simpl,3,566.6666,0.100,2
11822,tests/train_files/train_deep_few_light_no_medium_v02.simpl,3,0.0000,0.100,0
11823,tests/train_files/train_deep_few_light_no_medium_v03.simpl,3,566.6666,0.100,2
11824,tests/train_files/train_deep_few_none_has_large_v01.simpl,3,1916.6666,0.100,36
11825,tests/train_files/train_deep_few_none_has_large_v02.simpl,3,1684.7826,0.100,34
11826,tests/train_files/train_deep_few_none_has_large_v03.simpl,3,1700.0000,0.100,34
11827,tests/train_files/train_deep_few_none_has_medium_v01.simpl,3,690.4762,0.100,6
11828,tests/train_files/train_deep_few_none_has_medium_v02.simpl,3,714.2856,0.100,4
11829,tests/train_files/train_deep_few_none_has_medium_v03.simpl,3,700.0000,0.100,4
11830,tests/train_files/train_deep_few_none_no_large_v01.simpl,3,1750.0000,0.100,32
11831,tests/train_files/train_deep_few_none_no_large_v02.simpl,3,1153.8461,0.100,30
11832,tests/train_files/train_deep_few_none_no_large_v03.simpl,3,1659.0909,0.100,32
11833,tests/train_files/train_deep_few_none_no_medium_v01.simpl,3,566.6666,0.100,2
11834,tests/train_files/train_deep_few_none_no_medium_v02.simpl,3,0.0000,0.100,0
11835,tests/train_files/train_deep_few_none_no_medium_v03.simpl,3,566.6666,0.100,2
11836,tests/train_files/train_deep_many_dominated_has_large_v01.simpl,3,2583.3333,0.100,25
11837,tests/train_files/train_deep_many_dominated_has_large_v02.simpl,3,1774.8917,0.100,22
11838,tests/train_files/train_deep_many_dominated_has_large_v03.simpl,3,1977.2727,0.100,23
11839,tests/train_files/train_deep_many_dominated_has_medium_v01.simpl,3,1733.3334,0.100,13
11840,tests/train_files/train_deep_many_dominated_has_medium_v02.simpl,3,1222.2222,0.100,9
11841,tests/train_files/train_deep_many_dominated_has_medium_v03.simpl,3,1422.2222,0.100,10
11842,tests/train_files/train_deep_many_dominated_no_large_v01.simpl,3,2452.1738,0.100,24
11843,tests/train_files/train_deep_many_dominated_no_large_v02.simpl,3,1685.1851,0.100,21
11844,tests/train_files/train_deep_many_dominated_no_large_v03.simpl,3,2138.4614,0.100,22
11845,tests/train_files/train_deep_many_dominated_no_medium_v01.simpl,3,2302.6316,0.100,10
11846,tests/train_files/train_deep_many_dominated_no_medium_v02.simpl,3,1749.9999,0.100,7
11847,tests/train_files/train_deep_many_dominated_no_medium_v03.simpl,3,1600.0000,0.100,8
11848,tests/train_files/train_deep_many_light_has_large_v01.simpl,3,2745.2383,0.100,31
11849,tests/train_files/train_deep_many_light_has_large_v02.simpl,5,2250.0000,0.100,28
11850,tests/train_files/train_deep_many_light_has_large_v03.simpl,5,2206.5217,0.100,29
11851,tests/train_files/train_deep_many_light_has_medium_v01.simpl,5,2252.9412,0.100,14
11852,tests/train_files/train_deep_many_light_has_medium_v02.simpl,5,1710.5264,0.100,10
11853,tests/train_files/train_deep_many_light_has_medium_v03.simpl,5,1922.2222,0.100,11
11854,tests/train_files/train_deep_many_light_no_large_v01.simpl,5,2800.0000,0.100,30
11855,tests/train_files/train_deep_many_light_no_large_v02.simpl,5,2269.5652,0.100,27
11856,tests/train_files/train_deep_many_light_no_large_v03.simpl,5,2433.3333,0.100,28
11857,tests/train_files/train_deep_many_light_no_medium_v01.simpl,5,2308.8235,0.100,10
11858,tests/train_files/train_deep_many_light_no_medium_v02.simpl,5,1400.0000,0.100,7
11859,tests/train_files/train_deep_many_light_no_medium_v03.simpl,5,1600.0000,0.100,8
11860,tests/train_files/train_deep_many_none_has_large_v01.simpl,5,2561.5386,0.100,33
11861,tests/train_files/train_deep_many_none_has_large_v02.simpl,5,2243.4783,0.100,30
11862,tests/train_files/train_deep_many_none_has_large_v03.simpl,5,2373.0769,0.100,31
11863,tests/train_files/train_deep_many_none_has_medium_v01.simpl,5,2252.9412,0.100,14
11864,tests/train_files/train_deep_many_none_has_medium_v02.simpl,5,1972.2222,0.100,10
11865,tests/train_files/train_deep_many_none_has_medium_v03.simpl,5,2435.2942,0.100,11
11866,tests/train_files/train_deep_many_none_no_large_v01.simpl,5,2950.0000,0.100,32
11867,tests/train_files/train_deep_many_none_no_large_v02.simpl,5,2356.5217,0.100,29
11868,tests/train_files/train_deep_many_none_no_large_v03.simpl,5,2516.6667,0.100,30
11869,tests/train_files/train_deep_many_none_no_medium_v01.simpl,5,1866.6666,0.100,10
11870,tests/train_files/train_deep_many_none_no_medium_v02.simpl,5,2333.3333,0.100,7
11871,tests/train_files/train_deep_many_none_no_medium_v03.simpl,5,1999.9999,0.100,8
11872,tests/train_files/train_deep_none_dominated_no_large_v01.simpl,5,1842.1053,0.100,35
11873,tests/train_files/train_deep_none_dominated_no_large_v02.simpl,5,2058.8235,0.100,35
11874,tests/train_files/train_deep_none_dominated_no_large_v03.simpl,5,1590.9091,0.100,35
11875,tests/train_files/train_deep_none_dominated_no_medium_v01.simpl,5,90.9091,0.100,1
11876,tests/train_files/train_deep_none_dominated_no_medium_v02.simpl,5,90.9091,0.100,1
11877,tests/train_files/train_deep_none_dominated_no_medium_v03.simpl,5,90.9091,0.100,1
11878,tests/train_files/train_deep_none_none_no_large_v01.simpl,5,1750.0000,0.100,35
11879,tests/train_files/train_deep_none_none_no_large_v02.simpl,5,1750.0000,0.100,35
11880,tests/train_files/train_deep_none_none_no_large_v03.simpl,5,1666.6667,0.100,35
11881,tests/train_files/train_deep_none_none_no_medium_v01.simpl,5,0.0000,0.100,0
11882,tests/train_files/train_deep_none_none_no_medium_v02.simpl,5,0.0000,0.100,0
11883,tests/train_files/train_deep_none_none_no_medium_v03.simpl,5,0.0000,0.100,0
11884,tests/train_files/train_none_few_dominated_has_large_v01.simpl,5,4186.8130,0.100,51
11885,tests/train_files/train_none_few_dominated_has_large_v02.simpl,5,4282.0513,0.100,51
11886,tests/train_files/train_none_few_dominated_has_large_v03.simpl,5,4282.0513,0.100,51
11887,tests/train_files/train_none_few_dominated_has_medium_v01.simpl,5,6333.3330,0.100,11
11888,tests/train_files/train_none_few_dominated_has_medium_v02.simpl,5,6333.3330,0.100,11
11889,tests/train_files/train_none_few_dominated_has_medium_v03.simpl,5,5749.9995,0.100,11
11890,tests/train_files/train_none_few_dominated_no_large_v01.simpl,5,4416.6665,0.100,51
11891,tests/train_files/train_none_few_dominated_no_large_v02.simpl,5,4472.5273,0.100,53
11892,tests/train_files/train_none_few_dominated_no_large_v03.simpl,5,4282.0513,0.100,51
11893,tests/train_files/train_none_few_dominated_no_medium_v01.simpl,5,3749.9998,0.100,11
11894,tests/train_files/train_none_few_dominated_no_medium_v02.simpl,5,4749.9995,0.100,13
11895,tests/train_files/train_none_few_dominated_no_medium_v03.simpl,5,5749.9995,0.100,11
11896,tests/train_files/train_none_few_light_has_large_v01.simpl,5,4000.0000,0.100,53
11897,tests/train_files/train_none_few_light_has_large_v02.simpl,5,3382.3528,0.100,53
11898,tests/train_files/train_none_few_light_has_large_v03.simpl,5,4340.6592,0.100,53
11899,tests/train_files/train_none_few_light_has_medium_v01.simpl,5,5999.9995,0.100,12
11900,tests/train_files/train_none_few_light_has_medium_v02.simpl,5,6666.6665,0.100,12
11901,tests/train_files/train_none_few_light_has_medium_v03.simpl,5,6666.6665,0.100,12
11902,tests/train_files/train_none_few_light_has_tiny_v01.simpl,5,5749.9995,0.100,11
11903,tests/train_files/train_none_few_light_has_tiny_v02.simpl,5,4999.9995,0.100,11
11904,tests/train_files/train_none_few_light_has_tiny_v03.simpl,5,6333.3330,0.100,11
11905,tests/train_files/train_none_few_light_no_large_v01.simpl,5,4340.6592,0.100,53
11906,tests/train_files/train_none_few_light_no_large_v02.simpl,5,4250.0000,0.100,55
11907,tests/train_files/train_none_few_light_no_large_v03.simpl,5,4340.6592,0.100,53
11908,tests/train_files/train_none_few_light_no_medium_v01.simpl,5,4666.6665,0.100,12
11909,tests/train_files/train_none_few_light_no_medium_v02.simpl,5,5666.6665,0.100,14
11910,tests/train_files/train_none_few_light_no_medium_v03.simpl,5,3999.9998,0.100,12
11911,tests/train_files/train_none_few_light_no_tiny_v01.simpl,5,6333.3330,0.100,11
11912,tests/train_files/train_none_few_light_no_tiny_v02.simpl,5,7749.9995,0.100,13
11913,tests/train_files/train_none_few_light_no_tiny_v03.simpl,5,4333.3330,0.100,11
11914,tests/train_files/train_none_few_none_has_large_v01.simpl,5,4087.3013,0.100,55
11915,tests/train_files/train_none_few_none_has_large_v02.simpl,5,4494.5054,0.100,55
11916,tests/train_files/train_none_few_none_has_large_v03.simpl,5,4494.5054,0.100,55
11917,tests/train_files/train_none_few_none_has_medium_v01.simpl,5,4500.0000,0.100,14
11918,tests/train_files/train_none_few_none_has_medium_v02.simpl,5,4500.0000,0.100,14
11919,tests/train_files/train_none_few_none_has_medium_v03.simpl,5,6500.0000,0.100,14
11920,tests/train_files/train_none_few_none_has_tiny_v01.simpl,5,6333.3330,0.100,11
11921,tests/train_files/train_none_few_none_has_tiny_v02.simpl,5,6333.3330,0.100,11
11922,tests/train_files/train_none_few_none_has_tiny_v03.simpl,5,4333.3330,0.100,11
11923,tests/train_files/train_none_few_none_no_large_v01.simpl,5,3758.9282,0.100,55
11924,tests/train_files/train_none_few_none_no_large_v02.simpl,5,4673.0767,0.100,57
11925,tests/train_files/train_none_few_none_no_large_v03.simpl,5,4494.5054,0.100,55
11926,tests/train_files/train_none_few_none_no_medium_v01.simpl,5,6500.0000,0.100,14
11927,tests/train_files/train_none_few_none_no_medium_v02.simpl,5,5500.0000,0.100,16
11928,tests/train_files/train_none_few_none_no_medium_v03.simpl,5,4500.0000,0.100,14
11929,tests/train_files/train_none_few_none_no_tiny_v01.simpl,5,3749.9998,0.100,11
11930,tests/train_files/train_none_few_none_no_tiny_v02.simpl,5,4333.3330,0.100,13
11931,tests/train_files/train_none_few_none_no_tiny_v03.simpl,5,3749.9998,0.100,11
11932,tests/train_files/train_none_many_dominated_has_large_v01.simpl,5,4416.6665,0.100,48
11933,tests/train_files/train_none_many_dominated_has_large_v02.simpl,5,4450.5493,0.100,51
11934,tests/train_files/train_none_many_dominated_has_large_v03.simpl,5,4066.6667,0.100,49
11935,tests/train_files/train_none_many_dominated_has_medium_v01.simpl,5,5500.0000,0.100,20
11936,tests/train_files/train_none_many_dominated_has_medium_v02.simpl,5,7749.9995,0.100,23
11937,tests/train_files/train_none_many_dominated_has_medium_v03.simpl,5,6000.0000,0.100,21
11938,tests/train_files/train_none_many_dominated_no_large_v01.simpl,5,4154.7617,0.100,47
11939,tests/train_files/train_none_many_dominated_no_large_v02.simpl,5,4750.0000,0.100,50
11940,tests/train_files/train_none_many_dominated_no_large_v03.simpl,5,4416.6665,0.100,48
11941,tests/train_files/train_none_many_dominated_no_medium_v01.simpl,5,3833.3335,0.100,19
11942,tests/train_files/train_none_many_dominated_no_medium_v02.simpl,5,5642.8569,0.100,22
11943,tests/train_files/train_none_many_dominated_no_medium_v03.simpl,5,5500.0000,0.100,20
11944,tests/train_files/train_none_many_light_has_large_v01.simpl,5,4483.5166,0.100,54
11945,tests/train_files/train_none_many_light_has_large_v02.simpl,5,4912.0879,0.100,57
11946,tests/train_files/train_none_many_light_has_large_v03.simpl,5,4062.4998,0.100,55
11947,tests/train_files/train_none_many_light_has_medium_v01.simpl,5,8000.0000,0.100,20
11948,tests/train_files/train_none_many_light_has_medium_v02.simpl,5,7000.0000,0.100,23
11949,tests/train_files/train_none_many_light_has_medium_v03.simpl,5,6749.9995,0.100,21
11950,tests/train_files/train_none_many_light_no_large_v01.simpl,5,4071.4285,0.100,53
11951,tests/train_files/train_none_many_light_no_large_v02.simpl,5,4769.2305,0.100,56
11952,tests/train_files/train_none_many_light_no_large_v03.simpl,5,4916.6665,0.100,54
11953,tests/train_files/train_none_many_light_no_medium_v01.simpl,5,7000.0000,0.100,19
11954,tests/train_files/train_none_many_light_no_medium_v02.simpl,5,5333.3330,0.100,22
11955,tests/train_files/train_none_many_light_no_medium_v03.simpl,5,5500.0000,0.100,20
11956,tests/train_files/train_none_many_none_has_large_v01.simpl,5,3812.4998,0.100,56
11957,tests/train_files/train_none_many_none_has_large_v02.simpl,5,4811.9658,0.100,59
11958,tests/train_files/train_none_many_none_has_large_v03.simpl,5,4923.0771,0.100,57
11959,tests/train_files/train_none_many_none_has_medium_v01.simpl,5,5416.6665,0.100,20
11960,tests/train_files/train_none_many_none_has_medium_v02.simpl,5,6416.6665,0.100,23
11961,tests/train_files/train_none_many_none_has_medium_v03.simpl,5,6749.9995,0.100,21
11962,tests/train_files/train_none_many_none_no_large_v01.simpl,5,4494.5054,0.100,55
11963,tests/train_files/train_none_many_none_no_large_v02.simpl,5,3999.9998,0.100,58
11964,tests/train_files/train_none_many_none_no_large_v03.simpl,5,4756.4102,0.100,56
11965,tests/train_files/train_none_many_none_no_medium_v01.simpl,5,5749.9995,0.100,19
11966,tests/train_files/train_none_many_none_no_medium_v02.simpl,5,7249.9995,0.100,22
11967,tests/train_files/train_none_many_none_no_medium_v03.simpl,5,6250.0000,0.100,20
11968,tests/train_files/train_none_none_dominated_no_large_v01.simpl,5,3769.2307,0.100,49
11969,tests/train_files/train_none_none_dominated_no_large_v02.simpl,5,3769.2307,0.100,49
11970,tests/train_files/train_none_none_dominated_no_large_v03.simpl,5,3500.0000,0.100,49
11971,tests/train_files/train_none_none_dominated_no_medium_v01.simpl,5,1999.9999,0.100,8
11972,tests/train_files/train_none_none_dominated_no_medium_v02.simpl,5,2666.6667,0.100,8
11973,tests/train_files/train_none_none_dominated_no_medium_v03.simpl,5,2666.6667,0.100,8
11974,tests/train_files/train_none_none_dominated_no_tiny_v01.simpl,5,333.3333,0.100,1
11975,tests/train_files/train_none_none_dominated_no_tiny_v02.simpl,5,333.3333,0.100,1
11976,tests/train_files/train_none_none_dominated_no_tiny_v03.simpl,5,333.3333,0.100,1
11977,tests/train_files/train_none_none_none_no_large_v01.simpl,5,3025.2100,0.100,50
11978,tests/train_files/train_none_none_none_no_large_v02.simpl,5,3666.6667,0.100,50
11979,tests/train_files/train_none_none_none_no_large_v03.simpl,5,4226.1904,0.100,50
11980,tests/train_files/train_none_none_none_no_medium_v01.simpl,5,3666.6667,0.100,9
11981,tests/train_files/train_none_none_none_no_medium_v02.simpl,5,2999.9998,0.100,9
11982,tests/train_files/train_none_none_none_no_medium_v03.simpl,5,3166.6667,0.100,9
11983,tests/train_files/train_none_none_none_no_tiny_v01.simpl,5,1499.9999,0.100,2
11984,tests/train_files/train_none_none_none_no_tiny_v02.simpl,5,1333.3333,0.100,2
11985,tests/train_files/train_none_none_none_no_tiny_v03.simpl,5,1499.9999,0.100,2
11986,tests/train_files/train_shallow_few_dominated_has_large_v01.simpl,5,2166.6667,0.100,39
11987,tests/train_files/train_shallow_few_dominated_has_large_v02.simpl,5,2317.6470,0.100,37
11988,tests/train_files/train_shallow_few_dominated_has_large_v03.simpl,5,2000.0000,0.100,37
11989,tests/train_files/train_shallow_few_dominated_has_medium_v01.simpl,5,1000.0000,0.100,6
11990,tests/train_files/train_shallow_few_dominated_has_medium_v02.simpl,5,1272.7272,0.100,4
11991,tests/train_files/train_shallow_few_dominated_has_medium_v03.simpl,5,800.0000,0.100,4
11992,tests/train_files/train_shallow_few_dominated_no_large_v01.simpl,5,2039.4738,0.100,35
11993,tests/train_files/train_shallow_few_dominated_no_large_v02.simpl,5,1571.4286,0.100,33
11994,tests/train_files/train_shallow_few_dominated_no_large_v03.simpl,5,1819.0476,0.100,35
11995,tests/train_files/train_shallow_few_dominated_no_medium_v01.simpl,5,600.0000,0.100,2
11996,tests/train_files/train_shallow_few_dominated_no_medium_v02.simpl,5,0.0000,0.100,0
11997,tests/train_files/train_shallow_few_dominated_no_medium_v03.simpl,5,1090.9091,0.100,2
11998,tests/train_files/train_shallow_few_light_has_large_v01.simpl,5,2305.2632,0.100,41
11999,tests/train_files/train_shallow_few_light_has_large_v02.simpl,5,2401.9607,0.100,39
12000,tests/train_files/train_shallow_few_light_has_large_v03.simpl,5,1952.3810,0.100,39
12001,tests/train_files/train_shallow_few_light_has_medium_v01.simpl,5,1500.0000,0.100,6
12002,tests/train_files/train_shallow_few_light_has_medium_v02.simpl,5,1300.0000,0.100,4
12003,tests/train_files/train_shallow_few_light_has_medium_v03.simpl,5,1272.7272,0.100,4
12004,tests/train_files/train_shallow_few_light_no_large_v01.simpl,5,2367.6470,0.100,37
12005,tests/train_files/train_shallow_few_light_no_large_v02.simpl,5,2058.8235,0.100,35
12006,tests/train_files/train_shallow_few_light_no_large_v03.simpl,5,2094.7368,0.100,37
12007,tests/train_files/train_shallow_few_light_no_medium_v01.simpl,5,444.4445,0.100,2
12008,tests/train_files/train_shallow_few_light_no_medium_v02.simpl,5,0.0000,0.100,0
12009,tests/train_files/train_shallow_few_light_no_medium_v03.simpl,5,600.0000,0.100,2
12010,tests/train_files/train_shallow_few_none_has_large_v01.simpl,5,2266.6667,0.100,43
12011,tests/train_files/train_shallow_few_none_has_large_v02.simpl,5,2519.6079,0.100,41
12012,tests/train_files/train_shallow_few_none_has_large_v03.simpl,5,1984.8485,0.100,41
12013,tests/train_files/train_shallow_few_none_has_medium_v01.simpl,5,1357.1428,0.100,6
12014,tests/train_files/train_shallow_few_none_has_medium_v02.simpl,5,772.7272,0.100,4
12015,tests/train_files/train_shallow_few_none_has_medium_v03.simpl,5,1300.0000,0.100,4
12016,tests/train_files/train_shallow_few_none_no_large_v01.simpl,5,2150.0000,0.100,39
12017,tests/train_files/train_shallow_few_none_no_large_v02.simpl,5,1761.9048,0.100,37
12018,tests/train_files/train_shallow_few_none_no_large_v03.simpl,5,2150.0000,0.100,39
12019,tests/train_files/train_shallow_few_none_no_medium_v01.simpl,5,444.4445,0.100,2
12020,tests/train_files/train_shallow_few_none_no_medium_v02.simpl,5,0.0000,0.100,0
12021,tests/train_files/train_shallow_few_none_no_medium_v03.simpl,5,433.3333,0.100,2
12022,tests/train_files/train_shallow_many_dominated_has_large_v01.simpl,5,3011.7646,0.100,32
12023,tests/train_files/train_shallow_many_dominated_has_large_v02.simpl,5,2611.1111,0.100,29
12024,tests/train_files/train_shallow_many_dominated_has_large_v03.simpl,5,2727.7778,0.100,30
12025,tests/train_files/train_shallow_many_dominated_has_medium_v01.simpl,5,2150.0000,0.100,11
12026,tests/train_files/train_shallow_many_dominated_has_medium_v02.simpl,5,2403.8462,0.100,8
12027,tests/train_files/train_shallow_many_dominated_has_medium_v03.simpl,5,1853.8462,0.100,9
12028,tests/train_files/train_shallow_many_dominated_no_large_v01.simpl,5,3175.0000,0.100,31
12029,tests/train_files/train_shallow_many_dominated_no_large_v02.simpl,5,2566.6667,0.100,28
12030,tests/train_files/train_shallow_many_dominated_no_large_v03.simpl,5,2333.3335,0.100,29
12031,tests/train_files/train_shallow_many_dominated_no_medium_v01.simpl,5,2326.9231,0.100,10
12032,tests/train_files/train_shallow_many_dominated_no_medium_v02.simpl,5,1749.9999,0.100,7
12033,tests/train_files/train_shallow_many_dominated_no_medium_v03.simpl,5,1999.9999,0.100,8
12034,tests/train_files/train_shallow_many_light_has_large_v01.simpl,5,3131.3726,0.100,38
12035,tests/train_files/train_shallow_many_light_has_large_v02.simpl,5,2861.1113,0.100,35
12036,tests/train_files/train_shallow_many_light_has_large_v03.simpl,5,2726.3159,0.100,36
12037,tests/train_files/train_shallow_many_light_has_medium_v01.simpl,5,2333.3333,0.100,11
12038,tests/train_files/train_shallow_many_light_has_medium_v02.simpl,5,2820.5127,0.100,8
12039,tests/train_files/train_shallow_many_light_has_medium_v03.simpl,5,2133.3333,0.100,9
12040,tests/train_files/train_shallow_many_light_no_large_v01.simpl,5,2833.3335,0.100,37
12041,tests/train_files/train_shallow_many_light_no_large_v02.simpl,5,2685.7144,0.100,34
12042,tests/train_files/train_shallow_many_light_no_large_v03.simpl,5,2754.3862,0.100,35
12043,tests/train_files/train_shallow_many_light_no_medium_v01.simpl,5,2326.9231,0.100,10
12044,tests/train_files/train_shallow_many_light_no_medium_v02.simpl,5,2333.3333,0.100,7
12045,tests/train_files/train_shallow_many_light_no_medium_v03.simpl,5,2666.6667,0.100,8
12046,tests/train_files/train_shallow_many_none_has_large_v01.simpl,5,3449.0195,0.100,40
12047,tests/train_files/train_shallow_many_none_has_large_v02.simpl,5,2922.2222,0.100,37
12048,tests/train_files/train_shallow_many_none_has_large_v03.simpl,5,2876.1904,0.100,38
12049,tests/train_files/train_shallow_many_none_has_medium_v01.simpl,5,3083.3333,0.100,11
12050,tests/train_files/train_shallow_many_none_has_medium_v02.simpl,5,2320.5127,0.100,8
12051,tests/train_files/train_shallow_many_none_has_medium_v03.simpl,5,2666.6667,0.100,9
12052,tests/train_files/train_shallow_many_none_no_large_v01.simpl,5,3264.7058,0.100,39
12053,tests/train_files/train_shallow_many_none_no_large_v02.simpl,5,2872.5488,0.100,36
12054,tests/train_files/train_shallow_many_none_no_large_v03.simpl,5,2594.2029,0.100,37
12055,tests/train_files/train_shallow_many_none_no_medium_v01.simpl,5,3090.9092,0.100,10
12056,tests/train_files/train_shallow_many_none_no_medium_v02.simpl,5,1749.9999,0.100,7
12057,tests/train_files/train_shallow_many_none_no_medium_v03.simpl,5,2666.6667,0.100,8
12058,tests/train_files/train_shallow_none_dominated_no_large_v01.simpl,5,2800.0000,0.100,42
12059,tests/train_files/train_shallow_none_dominated_no_large_v02.simpl,5,2624.9998,0.100,42
12060,tests/train_files/train_shallow_none_dominated_no_large_v03.simpl,5,2210.5264,0.100,42
12061,tests/train_files/train_shallow_none_dominated_no_medium_v01.simpl,5,166.6667,0.100,1
12062,tests/train_files/train_shallow_none_dominated_no_medium_v02.simpl,5,111.1111,0.100,1
12063,tests/train_files/train_shallow_none_dominated_no_medium_v03.simpl,5,125.0000,0.100,1
12064,tests/train_files/train_shallow_none_none_no_large_v01.simpl,5,2470.5881,0.100,42
12065,tests/train_files/train_shallow_none_none_no_large_v02.simpl,5,2470.5881,0.100,42
12066,tests/train_files/train_shallow_none_none_no_large_v03.simpl,5,2000.0000,0.100,42
12067,tests/train_files/train_shallow_none_none_no_medium_v01.simpl,5,111.1111,0.100,1
12068,tests/train_files/train_shallow_none_none_no_medium_v02.simpl,5,125.0000,0.100,1
12069,tests/train_files/train_shallow_none_none_no_medium_v03.simpl,5,90.9091,0.100,1
12070,tests/train_files/train_shallow_none_none_no_tiny_v01.simpl,5,0.0000,0.100,0
12071,tests/train_files/train_shallow_none_none_no_tiny_v02.simpl,5,0.0000,0.100,0
12072,tests/train_files/train_shallow_none_none_no_tiny_v03.simpl,5,0.0000,0.100,0
12073,tests/train_files/train_deep_few_dominated_has_large_v01.simpl,5,1676.1906,0.100,32
12074,tests/train_files/train_deep_few_dominated_has_large_v02.simpl,5,1650.0000,0.100,30
12075,tests/train_files/train_deep_few_dominated_has_large_v03.simpl,5,1518.1819,0.100,30
12076,tests/train_files/train_deep_few_dominated_has_medium_v01.simpl,5,777.7778,0.100,6
12077,tests/train_files/train_deep_few_dominated_has_medium_v02.simpl,5,700.0000,0.100,4
12078,tests/train_files/train_deep_few_dominated_has_medium_v03.simpl,5,687.4999,0.100,4
12079,tests/train_files/train_deep_few_dominated_no_large_v01.simpl,5,1330.0000,0.100,28
12080,tests/train_files/train_deep_few_dominated_no_large_v02.simpl,5,1181.8182,0.100,26
12081,tests/train_files/train_deep_few_dominated_no_large_v03.simpl,5,1600.0000,0.100,28
12082,tests/train_files/train_deep_few_dominated_no_medium_v01.simpl,5,562.4999,0.100,2
12083,tests/train_files/train_deep_few_dominated_no_medium_v02.simpl,5,0.0000,0.100,0
12084,tests/train_files/train_deep_few_dominated_no_medium_v03.simpl,5,400.0000,0.100,2
12085,tests/train_files/train_deep_few_light_has_large_v01.simpl,5,1821.4286,0.100,34
12086,tests/train_files/train_deep_few_light_has_large_v02.simpl,5,1398.1481,0.100,32
12087,tests/train_files/train_deep_few_light_has_large_v03.simpl,5,1547.8260,0.100,32
12088,tests/train_files/train_deep_few_light_has_medium_v01.simpl,5,1263.1578,0.100,6
12089,tests/train_files/train_deep_few_light_has_medium_v02.simpl,5,1187.4999,0.100,4
12090,tests/train_files/train_deep_few_light_has_medium_v03.simpl,5,700.0000,0.100,4
12091,tests/train_files/train_deep_few_light_no_large_v01.simpl,5,1580.9524,0.100,30
12092,tests/train_files/train_deep_few_light_no_large_v02.simpl,5,1217.3914,0.100,28
12093,tests/train_files/train_deep_few_light_no_large_v03.simpl,5,1580.9524,0.100,30
12094,tests/train_files/train_deep_few_light_no_medium_v01.simpl,5,404.7619,0.100,2
12095,tests/train_files/train_deep_few_light_no_medium_v02.simpl,5,0.0000,0.100,0
12096,tests/train_files/train_deep_few_light_no_medium_v03.simpl,5,566.6666,0.100,2
12097,tests/train_files/train_deep_few_none_has_large_v01.simpl,5,1757.5757,0.100,36
12098,tests/train_files/train_deep_few_none_has_large_v02.simpl,5,1821.4286,0.100,34
12099,tests/train_files/train_deep_few_none_has_large_v03.simpl,5,1469.2307,0.100,34
12100,tests/train_files/train_deep_few_none_has_medium_v01.simpl,5,833.3333,0.100,6
12101,tests/train_files/train_deep_few_none_has_medium_v02.simpl,5,714.2856,0.100,4
12102,tests/train_files/train_deep_few_none_has_medium_v03.simpl,5,1157.8947,0.100,4
12103,tests/train_files/train_deep_few_none_no_large_v01.simpl,5,1726.1906,0.100,32
12104,tests/train_files/train_deep_few_none_no_large_v02.simpl,5,1428.5714,0.100,30
12105,tests/train_files/train_deep_few_none_no_large_v03.simpl,5,1597.8260,0.100,32
12106,tests/train_files/train_deep_few_none_no_medium_v01.simpl,5,566.6666,0.100,2
12107,tests/train_files/train_deep_few_none_no_medium_v02.simpl,5,0.0000,0.100,0
12108,tests/train_files/train_deep_few_none_no_medium_v03.simpl,5,388.8889,0.100,2
12109,tests/train_files/train_deep_many_dominated_has_large_v01.simpl,5,2125.0000,0.100,25
12110,tests/train_files/train_deep_many_dominated_has_large_v02.simpl,5,2060.6060,0.100,22
12111,tests/train_files/train_deep_many_dominated_has_large_v03.simpl,5,2295.2380,0.100,23
12112,tests/train_files/train_deep_many_dominated_has_medium_v01.simpl,5,2000.0000,0.100,14
12113,tests/train_files/train_deep_many_dominated_has_medium_v02.simpl,5,1543.8596,0.100,10
12114,tests/train_files/train_deep_many_dominated_has_medium_v03.simpl,5,2422.2222,0.100,11
12115,tests/train_files/train_deep_many_dominated_no_large_v01.simpl,5,2119.0476,0.100,24
12116,tests/train_files/train_deep_many_dominated_no_large_v02.simpl,5,1726.6666,0.100,21
12117,tests/train_files/train_deep_many_dominated_no_large_v03.simpl,5,2236.3638,0.100,22
12118,tests/train_files/train_deep_many_dominated_no_medium_v01.simpl,5,1850.0000,0.100,10
12119,tests/train_files/train_deep_many_dominated_no_medium_v02.simpl,5,1400.0000,0.100,7
12120,tests/train_files/train_deep_many_dominated_no_medium_v03.simpl,5,1999.9999,0.100,8
12121,tests/train_files/train_deep_many_light_has_large_v01.simpl,5,2301.2820,0.100,31
12122,tests/train_files/train_deep_many_light_has_large_v02.simpl,5,2206.5217,0.100,28
12123,tests/train_files/train_deep_many_light_has_large_v03.simpl,5,2064.8147,0.100,29
12124,tests/train_files/train_deep_many_light_has_medium_v01.simpl,5,2252.9412,0.100,14
12125,tests/train_files/train_deep_many_light_has_medium_v02.simpl,5,1710.5264,0.100,10
12126,tests/train_files/train_deep_many_light_has_medium_v03.simpl,5,1922.2222,0.100,11
12127,tests/train_files/train_deep_many_light_no_large_v01.simpl,5,2500.0000,0.100,30
12128,tests/train_files/train_deep_many_light_no_large_v02.simpl,5,2309.0908,0.100,27
12129,tests/train_files/train_deep_many_light_no_large_v03.simpl,5,2166.6667,0.100,28
12130,tests/train_files/train_deep_many_light_no_medium_v01.simpl,5,2308.8235,0.100,10
12131,tests/train_files/train_deep_many_light_no_medium_v02.simpl,5,1749.9999,0.100,7
12132,tests/train_files/train_deep_many_light_no_medium_v03.simpl,5,1600.0000,0.100,8
12133,tests/train_files/train_deep_many_none_has_large_v01.simpl,5,2840.4761,0.100,33
12134,tests/train_files/train_deep_many_none_has_large_v02.simpl,5,1993.3333,0.100,30
12135,tests/train_files/train_deep_many_none_has_large_v03.simpl,5,2200.0000,0.100,31
12136,tests/train_files/train_deep_many_none_has_medium_v01.simpl,5,3124.9998,0.100,14
12137,tests/train_files/train_deep_many_none_has_medium_v02.simpl,5,1960.5264,0.100,10
12138,tests/train_files/train_deep_many_none_has_medium_v03.simpl,5,2235.2939,0.100,11
12139,tests/train_files/train_deep_many_none_no_large_v01.simpl,5,2244.0476,0.100,32
12140,tests/train_files/train_deep_many_none_no_large_v02.simpl,5,2123.1885,0.100,29
12141,tests/train_files/train_deep_many_none_no_large_v03.simpl,5,2385.7144,0.100,30
12142,tests/train_files/train_deep_many_none_no_medium_v01.simpl,5,1862.5000,0.100,10
12143,tests/train_files/train_deep_many_none_no_medium_v02.simpl,5,1749.9999,0.100,7
12144,tests/train_files/train_deep_many_none_no_medium_v03.simpl,5,1999.9999,0.100,8
12145,tests/train_files/train_deep_none_dominated_no_large_v01.simpl,5,1944.4446,0.100,35
12146,tests/train_files/train_deep_none_dominated_no_large_v02.simpl,5,1750.0000,0.100,35
12147,tests/train_files/train_deep_none_dominated_no_large_v03.simpl,5,1842.1053,0.100,35
12148,tests/train_files/train_deep_none_dominated_no_medium_v01.simpl,5,100.0000,0.100,1
12149,tests/train_files/train_deep_none_dominated_no_medium_v02.simpl,5,90.9091,0.100,1
12150,tests/train_files/train_deep_none_dominated_no_medium_v03.simpl,5,90.9091,0.100,1
12151,tests/train_files/train_deep_none_none_no_large_v01.simpl,5,1666.6667,0.100,35
12152,tests/train_files/train_deep_none_none_no_large_v02.simpl,5,1458.3334,0.100,35
12153,tests/train_files/train_deep_none_none_no_large_v03.simpl,5,1590.9091,0.100,35
12154,tests/train_files/train_deep_none_none_no_medium_v01.simpl,5,0.0000,0.100,0
12155,tests/train_files/train_deep_none_none_no_medium_v02.simpl,5,0.0000,0.100,0
12156,tests/train_files/train_deep_none_none_no_medium_v03.simpl,5,0.0000,0.100,0
12157,tests/train_files/train_none_few_dominated_has_large_v01.simpl,5,4186.8130,0.100,51
12158,tests/train_files/train_none_few_dominated_has_large_v02.simpl,5,3336.1343,0.100,51
12159,tests/train_files/train_none_few_dominated_has_large_v03.simpl,5,4282.0513,0.100,51
12160,tests/train_files/train_none_few_dominated_has_medium_v01.simpl,5,6333.3330,0.100,11
12161,tests/train_files/train_none_few_dominated_has_medium_v02.simpl,5,4999.9995,0.100,11
12162,tests/train_files/train_none_few_dominated_has_medium_v03.simpl,5,6333.3330,0.100,11
12163,tests/train_files/train_none_few_dominated_no_large_v01.simpl,5,4282.0513,0.100,51
12164,tests/train_files/train_none_few_dominated_no_large_v02.simpl,5,4916.6670,0.100,53
12165,tests/train_files/train_none_few_dominated_no_large_v03.simpl,5,4186.8130,0.100,51
12166,tests/train_files/train_none_few_dominated_no_medium_v01.simpl,5,7499.9995,0.100,11
12167,tests/train_files/train_none_few_dominated_no_medium_v02.simpl,5,7749.9995,0.100,13
12168,tests/train_files/train_none_few_dominated_no_medium_v03.simpl,5,7499.9995,0.100,11
12169,tests/train_files/train_none_few_light_has_large_v01.simpl,5,3838.0952,0.100,53
12170,tests/train_files/train_none_few_light_has_large_v02.simpl,5,4340.6592,0.100,53
12171,tests/train_files/train_none_few_light_has_large_v03.simpl,5,4000.0000,0.100,53
12172,tests/train_files/train_none_few_light_has_medium_v01.simpl,5,5333.3330,0.100,12
12173,tests/train_files/train_none_few_light_has_medium_v02.simpl,5,3999.9998,0.100,12
12174,tests/train_files/train_none_few_light_has_medium_v03.simpl,5,5999.9995,0.100,12
12175,tests/train_files/train_none_few_light_has_tiny_v01.simpl,5,6333.3330,0.100,11
12176,tests/train_files/train_none_few_light_has_tiny_v02.simpl,5,3749.9998,0.100,11
12177,tests/train_files/train_none_few_light_has_tiny_v03.simpl,5,6333.3330,0.100,11
12178,tests/train_files/train_none_few_light_no_large_v01.simpl,5,4340.6592,0.100,53
12179,tests/train_files/train_none_few_light_no_large_v02.simpl,5,3919.6426,0.100,55
12180,tests/train_files/train_none_few_light_no_large_v03.simpl,5,3729.1665,0.100,53
12181,tests/train_files/train_none_few_light_no_medium_v01.simpl,5,4666.6665,0.100,12
12182,tests/train_files/train_none_few_light_no_medium_v02.simpl,5,7999.9995,0.100,14
12183,tests/train_files/train_none_few_light_no_medium_v03.simpl,5,5999.9995,0.100,12
12184,tests/train_files/train_none_few_light_no_tiny_v01.simpl,5,6333.3330,0.100,11
12185,tests/train_files/train_none_few_light_no_tiny_v02.simpl,5,8333.3330,0.100,13
12186,tests/train_files/train_none_few_light_no_tiny_v03.simpl,5,2874.9998,0.100,11
12187,tests/train_files/train_none_few_none_has_large_v01.simpl,5,3333.3335,0.100,55
12188,tests/train_files/train_none_few_none_has_large_v02.simpl,5,4494.5054,0.100,55
12189,tests/train_files/train_none_few_none_has_large_v03.simpl,5,3971.4285,0.100,55
12190,tests/train_files/train_none_few_none_has_medium_v01.simpl,5,6500.0000,0.100,14
12191,tests/train_files/train_none_few_none_has_medium_v02.simpl,5,7000.0000,0.100,14
12192,tests/train_files/train_none_few_none_has_medium_v03.simpl,5,7333.3330,0.100,14
12193,tests/train_files/train_none_few_none_has_tiny_v01.simpl,5,6333.3330,0.100,11
12194,tests/train_files/train_none_few_none_has_tiny_v02.simpl,5,4874.9995,0.100,11
12195,tests/train_files/train_none_few_none_has_tiny_v03.simpl,5,5499.9995,0.100,11
12196,tests/train_files/train_none_few_none_no_large_v01.simpl,5,4494.5054,0.100,55
12197,tests/train_files/train_none_few_none_no_large_v02.simpl,5,4392.8569,0.100,57
12198,tests/train_files/train_none_few_none_no_large_v03.simpl,5,3900.0000,0.100,55
12199,tests/train_files/train_none_few_none_no_medium_v01.simpl,5,4500.0000,0.100,14
12200,tests/train_files/train_none_few_none_no_medium_v02.simpl,5,4666.6665,0.100,16
12201,tests/train_files/train_none_few_none_no_medium_v03.simpl,5,6500.0000,0.100,14
12202,tests/train_files/train_none_few_none_no_tiny_v01.simpl,5,6333.3330,0.100,11
12203,tests/train_files/train_none_few_none_no_tiny_v02.simpl,5,4749.9995,0.100,13
12204,tests/train_files/train_none_few_none_no_tiny_v03.simpl,5,3749.9998,0.100,11
12205,tests/train_files/train_none_many_dominated_has_large_v01.simpl,5,4416.6665,0.100,48
12206,tests/train_files/train_none_many_dominated_has_large_v02.simpl,5,5242.4243,0.100,51
12207,tests/train_files/train_none_many_dominated_has_large_v03.simpl,5,4783.3330,0.100,49
12208,tests/train_files/train_none_many_dominated_has_medium_v01.simpl,5,5500.0000,0.100,20
12209,tests/train_files/train_none_many_dominated_has_medium_v02.simpl,5,5874.9995,0.100,23
12210,tests/train_files/train_none_many_dominated_has_medium_v03.simpl,5,5500.0000,0.100,21
12211,tests/train_files/train_none_many_dominated_no_large_v01.simpl,5,4154.7617,0.100,47
12212,tests/train_files/train_none_many_dominated_no_large_v02.simpl,5,4583.3330,0.100,50
12213,tests/train_files/train_none_many_dominated_no_large_v03.simpl,5,4583.3330,0.100,48
12214,tests/train_files/train_none_many_dominated_no_medium_v01.simpl,5,4500.0000,0.100,19
12215,tests/train_files/train_none_many_dominated_no_medium_v02.simpl,5,6000.0000,0.100,22
12216,tests/train_files/train_none_many_dominated_no_medium_v03.simpl,5,7500.0000,0.100,20
12217,tests/train_files/train_none_many_light_has_large_v01.simpl,5,4483.5166,0.100,54
12218,tests/train_files/train_none_many_light_has_large_v02.simpl,5,4912.0879,0.100,57
12219,tests/train_files/train_none_many_light_has_large_v03.simpl,5,4500.0000,0.100,55
12220,tests/train_files/train_none_many_light_has_medium_v01.simpl,5,6250.0000,0.100,20
12221,tests/train_files/train_none_many_light_has_medium_v02.simpl,5,7749.9995,0.100,23
12222,tests/train_files/train_none_many_light_has_medium_v03.simpl,5,7499.9995,0.100,21
12223,tests/train_files/train_none_many_light_no_large_v01.simpl,5,4269.2305,0.100,53
12224,tests/train_files/train_none_many_light_no_large_v02.simpl,5,4062.4998,0.100,56
12225,tests/train_files/train_none_many_light_no_large_v03.simpl,5,4769.2305,0.100,54
12226,tests/train_files/train_none_many_light_no_medium_v01.simpl,5,5749.9995,0.100,19
12227,tests/train_files/train_none_many_light_no_medium_v02.simpl,5,6500.0000,0.100,22
12228,tests/train_files/train_none_many_light_no_medium_v03.simpl,5,6250.0000,0.100,20
12229,tests/train_files/train_none_many_none_has_large_v01.simpl,5,4267.8569,0.100,56
12230,tests/train_files/train_none_many_none_has_large_v02.simpl,5,5065.9341,0.100,59
12231,tests/train_files/train_none_many_none_has_large_v03.simpl,5,4392.8569,0.100,57
12232,tests/train_files/train_none_many_none_has_medium_v01.simpl,5,5416.6665,0.100,20
12233,tests/train_files/train_none_many_none_has_medium_v02.simpl,5,7749.9995,0.100,23
12234,tests/train_files/train_none_many_none_has_medium_v03.simpl,5,6000.0000,0.100,21
12235,tests/train_files/train_none_many_none_no_large_v01.simpl,5,4214.2856,0.100,55
12236,tests/train_files/train_none_many_none_no_large_v02.simpl,5,4923.0767,0.100,58
12237,tests/train_files/train_none_many_none_no_large_v03.simpl,5,5083.3335,0.100,56
12238,tests/train_files/train_none_many_none_no_medium_v01.simpl,5,5749.9995,0.100,19
12239,tests/train_files/train_none_many_none_no_medium_v02.simpl,5,7249.9995,0.100,22
12240,tests/train_files/train_none_many_none_no_medium_v03.simpl,5,5500.0000,0.100,20
12241,tests/train_files/train_none_none_dominated_no_large_v01.simpl,5,3266.6667,0.100,49
12242,tests/train_files/train_none_none_dominated_no_large_v02.simpl,5,3769.2307,0.100,49
12243,tests/train_files/train_none_none_dominated_no_large_v03.simpl,5,3500.0000,0.100,49
12244,tests/train_files/train_none_none_dominated_no_medium_v01.simpl,5,2666.6667,0.100,8
12245,tests/train_files/train_none_none_dominated_no_medium_v02.simpl,5,1600.0000,0.100,8
12246,tests/train_files/train_none_none_dominated_no_medium_v03.simpl,5,2666.6667,0.100,8
12247,tests/train_files/train_none_none_dominated_no_tiny_v01.simpl,5,999.9999,0.100,1
12248,tests/train_files/train_none_none_dominated_no_tiny_v02.simpl,5,333.3333,0.100,1
12249,tests/train_files/train_none_none_dominated_no_tiny_v03.simpl,5,500.0000,0.100,1
12250,tests/train_files/train_none_none_none_no_large_v01.simpl,5,3409.5239,0.100,50
12251,tests/train_files/train_none_none_none_no_large_v02.simpl,5,3642.8572,0.100,50
12252,tests/train_files/train_none_none_none_no_large_v03.simpl,5,3409.5239,0.100,50
12253,tests/train_files/train_none_none_none_no_medium_v01.simpl,5,2999.9998,0.100,9
12254,tests/train_files/train_none_none_none_no_medium_v02.simpl,5,2999.9998,0.100,9
12255,tests/train_files/train_none_none_none_no_medium_v03.simpl,5,3666.6667,0.100,9
12256,tests/train_files/train_none_none_none_no_tiny_v01.simpl,5,1499.9999,0.100,2
12257,tests/train_files/train_none_none_none_no_tiny_v02.simpl,5,1499.9999,0.100,2
12258,tests/train_files/train_none_none_none_no_tiny_v03.simpl,5,1499.9999,0.100,2
12259,tests/train_files/train_shallow_few_dominated_has_large_v01.simpl,5,2401.9607,0.100,39
12260,tests/train_files/train_shallow_few_dominated_has_large_v02.simpl,5,2284.3137,0.100,37
12261,tests/train_files/train_shallow_few_dominated_has_large_v03.simpl,5,1966.6666,0.100,37
12262,tests/train_files/train_shallow_few_dominated_has_medium_v01.simpl,5,1500.0000,0.100,6
12263,tests/train_files/train_shallow_few_dominated_has_medium_v02.simpl,5,1300.0000,0.100,4
12264,tests/train_files/train_shallow_few_dominated_has_medium_v03.simpl,5,772.7272,0.100,4
12265,tests/train_files/train_shallow_few_dominated_no_large_v01.simpl,5,1666.6666,0.100,35
12266,tests/train_files/train_shallow_few_dominated_no_large_v02.simpl,5,1571.4286,0.100,33
12267,tests/train_files/train_shallow_few_dominated_no_large_v03.simpl,5,1900.0000,0.100,35
12268,tests/train_files/train_shallow_few_dominated_no_medium_v01.simpl,5,1100.0000,0.100,2
12269,tests/train_files/train_shallow_few_dominated_no_medium_v02.simpl,5,0.0000,0.100,0
12270,tests/train_files/train_shallow_few_dominated_no_medium_v03.simpl,5,433.3333,0.100,2
12271,tests/train_files/train_shallow_few_light_has_large_v01.simpl,5,2071.4287,0.100,41
12272,tests/train_files/train_shallow_few_light_has_large_v02.simpl,5,2311.1111,0.100,39
12273,tests/train_files/train_shallow_few_light_has_large_v03.simpl,5,1976.1904,0.100,39
12274,tests/train_files/train_shallow_few_light_has_medium_v01.simpl,5,1454.5454,0.100,6
12275,tests/train_files/train_shallow_few_light_has_medium_v02.simpl,5,666.6667,0.100,4
12276,tests/train_files/train_shallow_few_light_has_medium_v03.simpl,5,833.3333,0.100,4
12277,tests/train_files/train_shallow_few_light_no_large_v01.simpl,5,2333.3335,0.100,37
12278,tests/train_files/train_shallow_few_light_no_large_v02.simpl,5,2058.8235,0.100,35
12279,tests/train_files/train_shallow_few_light_no_large_v03.simpl,5,2133.3333,0.100,37
12280,tests/train_files/train_shallow_few_light_no_medium_v01.simpl,5,600.0000,0.100,2
12281,tests/train_files/train_shallow_few_light_no_medium_v02.simpl,5,0.0000,0.100,0
12282,tests/train_files/train_shallow_few_light_no_medium_v03.simpl,5,444.4445,0.100,2
12283,tests/train_files/train_shallow_few_none_has_large_v01.simpl,5,2637.2549,0.100,43
12284,tests/train_files/train_shallow_few_none_has_large_v02.simpl,5,2422.2224,0.100,41
12285,tests/train_files/train_shallow_few_none_has_large_v03.simpl,5,2200.0000,0.100,41
12286,tests/train_files/train_shallow_few_none_has_medium_v01.simpl,5,1555.5555,0.100,6
12287,tests/train_files/train_shallow_few_none_has_medium_v02.simpl,5,800.0000,0.100,4
12288,tests/train_files/train_shallow_few_none_has_medium_v03.simpl,5,1300.0000,0.100,4
12289,tests/train_files/train_shallow_few_none_no_large_v01.simpl,5,2250.0000,0.100,39
12290,tests/train_files/train_shallow_few_none_no_large_v02.simpl,5,1947.3685,0.100,37
12291,tests/train_files/train_shallow_few_none_no_large_v03.simpl,5,2361.1111,0.100,39
12292,tests/train_files/train_shallow_few_none_no_medium_v01.simpl,5,1100.0000,0.100,2
12293,tests/train_files/train_shallow_few_none_no_medium_v02.simpl,5,0.0000,0.100,0
12294,tests/train_files/train_shallow_few_none_no_medium_v03.simpl,5,600.0000,0.100,2
12295,tests/train_files/train_shallow_many_dominated_has_large_v01.simpl,5,3150.0000,0.100,32
12296,tests/train_files/train_shallow_many_dominated_has_large_v02.simpl,5,2293.8596,0.100,29
12297,tests/train_files/train_shallow_many_dominated_has_large_v03.simpl,5,2400.0000,0.100,30
12298,tests/train_files/train_shallow_many_dominated_has_medium_v01.simpl,5,2480.7690,0.100,11
12299,tests/train_files/train_shallow_many_dominated_has_medium_v02.simpl,5,2820.5127,0.100,8
12300,tests/train_files/train_shallow_many_dominated_has_medium_v03.simpl,5,2142.8569,0.100,9
12301,tests/train_files/train_shallow_many_dominated_no_large_v01.simpl,5,3094.1177,0.100,31
12302,tests/train_files/train_shallow_many_dominated_no_large_v02.simpl,5,2333.3335,0.100,28
12303,tests/train_files/train_shallow_many_dominated_no_large_v03.simpl,5,2705.2632,0.100,29
12304,tests/train_files/train_shallow_many_dominated_no_medium_v01.simpl,5,2333.3333,0.100,10
12305,tests/train_files/train_shallow_many_dominated_no_medium_v02.simpl,5,1749.9999,0.100,7
12306,tests/train_files/train_shallow_many_dominated_no_medium_v03.simpl,5,1999.9999,0.100,8
12307,tests/train_files/train_shallow_many_light_has_large_v01.simpl,5,3364.7058,0.100,38
12308,tests/train_files/train_shallow_many_light_has_large_v02.simpl,5,2861.1113,0.100,35
12309,tests/train_files/train_shallow_many_light_has_large_v03.simpl,5,2926.3159,0.100,36
12310,tests/train_files/train_shallow_many_light_has_medium_v01.simpl,5,3083.3333,0.100,11
12311,tests/train_files/train_shallow_many_light_has_medium_v02.simpl,5,2392.8572,0.100,8
12312,tests/train_files/train_shallow_many_light_has_medium_v03.simpl,5,2666.6667,0.100,9
12313,tests/train_files/train_shallow_many_light_no_large_v01.simpl,5,3147.0586,0.100,37
12314,tests/train_files/train_shallow_many_light_no_large_v02.simpl,5,2988.2354,0.100,34
12315,tests/train_files/train_shallow_many_light_no_large_v03.simpl,5,3100.0000,0.100,35
12316,tests/train_files/train_shallow_many_light_no_medium_v01.simpl,5,1862.5000,0.100,10
12317,tests/train_files/train_shallow_many_light_no_medium_v02.simpl,5,2333.3333,0.100,7
12318,tests/train_files/train_shallow_many_light_no_medium_v03.simpl,5,1999.9999,0.100,8
12319,tests/train_files/train_shallow_many_none_has_large_v01.simpl,5,3727.7778,0.100,40
12320,tests/train_files/train_shallow_many_none_has_large_v02.simpl,5,2881.5791,0.100,37
12321,tests/train_files/train_shallow_many_none_has_large_v03.simpl,5,2916.6667,0.100,38
12322,tests/train_files/train_shallow_many_none_has_medium_v01.simpl,5,3083.3333,0.100,11
12323,tests/train_files/train_shallow_many_none_has_medium_v02.simpl,5,2320.5127,0.100,8
12324,tests/train_files/train_shallow_many_none_has_medium_v03.simpl,5,2653.8462,0.100,9
12325,tests/train_files/train_shallow_many_none_no_large_v01.simpl,5,3564.7058,0.100,39
12326,tests/train_files/train_shallow_many_none_no_large_v02.simpl,5,3105.8823,0.100,36
12327,tests/train_files/train_shallow_many_none_no_large_v03.simpl,5,3211.1113,0.100,37
12328,tests/train_files/train_shallow_many_none_no_medium_v01.simpl,5,2312.5000,0.100,10
12329,tests/train_files/train_shallow_many_none_no_medium_v02.simpl,5,2333.3333,0.100,7
12330,tests/train_files/train_shallow_many_none_no_medium_v03.simpl,5,2666.6667,0.100,8
12331,tests/train_files/train_shallow_none_dominated_no_large_v01.simpl,5,2624.9998,0.100,42
12332,tests/train_files/train_shallow_none_dominated_no_large_v02.simpl,5,2800.0000,0.100,42
12333,tests/train_files/train_shallow_none_dominated_no_large_v03.simpl,5,2333.3335,0.100,42
12334,tests/train_files/train_shallow_none_dominated_no_medium_v01.simpl,5,166.6667,0.100,1
12335,tests/train_files/train_shallow_none_dominated_no_medium_v02.simpl,5,142.8571,0.100,1
12336,tests/train_files/train_shallow_none_dominated_no_medium_v03.simpl,5,100.0000,0.100,1
12337,tests/train_files/train_shallow_none_none_no_large_v01.simpl,5,2333.3335,0.100,42
12338,tests/train_files/train_shallow_none_none_no_large_v02.simpl,5,2470.5881,0.100,42
12339,tests/train_files/train_shallow_none_none_no_large_v03.simpl,5,2000.0000,0.100,42
12340,tests/train_files/train_shallow_none_none_no_medium_v01.simpl,5,111.1111,0.100,1
12341,tests/train_files/train_shallow_none_none_no_medium_v02.simpl,5,125.0000,0.100,1
12342,tests/train_files/train_shallow_none_none_no_medium_v03.simpl,5,111.1111,0.100,1
12343,tests/train_files/train_shallow_none_none_no_tiny_v01.simpl,5,0.0000,0.100,0
12344,tests/train_files/train_shallow_none_none_no_tiny_v02.simpl,5,0.0000,0.100,0
12345,tests/train_files/train_shallow_none_none_no_tiny_v03.simpl,5,0.0000,0.100,0
12346,tests/train_files/train_deep_few_dominated_has_large_v01.simpl,5,1750.0000,0.100,32
12347,tests/train_files/train_deep_few_dominated_has_large_v02.simpl,5,1408.3334,0.100,30
12348,tests/train_files/train_deep_few_dominated_has_large_v03.simpl,5,1547.6190,0.100,30
12349,tests/train_files/train_deep_few_dominated_has_medium_v01.simpl,5,857.1428,0.100,6
12350,tests/train_files/train_deep_few_dominated_has_medium_v02.simpl,5,700.0000,0.100,4
12351,tests/train_files/train_deep_few_dominated_has_medium_v03.simpl,5,700.0000,0.100,4
12352,tests/train_files/train_deep_few_dominated_no_large_v01.simpl,5,1375.0000,0.100,28
12353,tests/train_files/train_deep_few_dominated_no_large_v02.simpl,5,1181.8182,0.100,26
12354,tests/train_files/train_deep_few_dominated_no_large_v03.simpl,5,1291.6666,0.100,28
12355,tests/train_files/train_deep_few_dominated_no_medium_v01.simpl,5,562.4999,0.100,2
12356,tests/train_files/train_deep_few_dominated_no_medium_v02.simpl,5,0.0000,0.100,0
12357,tests/train_files/train_deep_few_dominated_no_medium_v03.simpl,5,404.7619,0.100,2
12358,tests/train_files/train_deep_few_light_has_large_v01.simpl,5,1771.4286,0.100,34
12359,tests/train_files/train_deep_few_light_has_large_v02.simpl,5,1491.6666,0.100,32
12360,tests/train_files/train_deep_few_light_has_large_v03.simpl,5,1547.8260,0.100,32
12361,tests/train_files/train_deep_few_light_has_medium_v01.simpl,5,833.3333,0.100,6
12362,tests/train_files/train_deep_few_light_has_medium_v02.simpl,5,700.0000,0.100,4
12363,tests/train_files/train_deep_few_light_has_medium_v03.simpl,5,687.4999,0.100,4
12364,tests/train_files/train_deep_few_light_no_large_v01.simpl,5,1568.1819,0.100,30
12365,tests/train_files/train_deep_few_light_no_large_v02.simpl,5,1217.3914,0.100,28
12366,tests/train_files/train_deep_few_light_no_large_v03.simpl,5,1510.8695,0.100,30
12367,tests/train_files/train_deep_few_light_no_medium_v01.simpl,5,566.6666,0.100,2
12368,tests/train_files/train_deep_few_light_no_medium_v02.simpl,5,0.0000,0.100,0
12369,tests/train_files/train_deep_few_light_no_medium_v03.simpl,5,400.0000,0.100,2
12370,tests/train_files/train_deep_few_none_has_large_v01.simpl,5,1688.4058,0.100,36
12371,tests/train_files/train_deep_few_none_has_large_v02.simpl,5,1771.4286,0.100,34
12372,tests/train_files/train_deep_few_none_has_large_v03.simpl,5,1601.4492,0.100,34
12373,tests/train_files/train_deep_few_none_has_medium_v01.simpl,5,857.1428,0.100,6
12374,tests/train_files/train_deep_few_none_has_medium_v02.simpl,5,687.4999,0.100,4
12375,tests/train_files/train_deep_few_none_has_medium_v03.simpl,5,714.2856,0.100,4
12376,tests/train_files/train_deep_few_none_no_large_v01.simpl,5,1800.0000,0.100,32
12377,tests/train_files/train_deep_few_none_no_large_v02.simpl,5,1250.0000,0.100,30
12378,tests/train_files/train_deep_few_none_no_large_v03.simpl,5,1726.1906,0.100,32
12379,tests/train_files/train_deep_few_none_no_medium_v01.simpl,5,566.6666,0.100,2
12380,tests/train_files/train_deep_few_none_no_medium_v02.simpl,5,0.0000,0.100,0
12381,tests/train_files/train_deep_few_none_no_medium_v03.simpl,5,558.8235,0.100,2
12382,tests/train_files/train_deep_many_dominated_has_large_v01.simpl,5,2500.0000,0.100,25
12383,tests/train_files/train_deep_many_dominated_has_large_v02.simpl,5,1726.1904,0.100,22
12384,tests/train_files/train_deep_many_dominated_has_large_v03.simpl,5,2060.6060,0.100,23
12385,tests/train_files/train_deep_many_dominated_has_medium_v01.simpl,5,2252.9412,0.100,14
12386,tests/train_files/train_deep_many_dominated_has_medium_v02.simpl,5,1424.8120,0.100,10
12387,tests/train_files/train_deep_many_dominated_has_medium_v03.simpl,5,1910.5264,0.100,11
12388,tests/train_files/train_deep_many_dominated_no_large_v01.simpl,5,2250.0000,0.100,24
12389,tests/train_files/train_deep_many_dominated_no_large_v02.simpl,5,1666.6666,0.100,21
12390,tests/train_files/train_deep_many_dominated_no_large_v03.simpl,5,1942.0291,0.100,22
12391,tests/train_files/train_deep_many_dominated_no_medium_v01.simpl,5,1862.5000,0.100,10
12392,tests/train_files/train_deep_many_dominated_no_medium_v02.simpl,5,1400.0000,0.100,7
12393,tests/train_files/train_deep_many_dominated_no_medium_v03.simpl,5,1600.0000,0.100,8
12394,tests/train_files/train_deep_many_light_has_large_v01.simpl,5,2462.1211,0.100,31
12395,tests/train_files/train_deep_many_light_has_large_v02.simpl,5,2130.0000,0.100,28
12396,tests/train_files/train_deep_many_light_has_large_v03.simpl,5,2450.0000,0.100,29
12397,tests/train_files/train_deep_many_light_has_medium_v01.simpl,5,2252.9412,0.100,14
12398,tests/train_files/train_deep_many_light_has_medium_v02.simpl,5,1722.2222,0.100,10
12399,tests/train_files/train_deep_many_light_has_medium_v03.simpl,5,1866.6666,0.100,11
12400,tests/train_files/train_deep_many_light_no_large_v01.simpl,5,2713.0435,0.100,30
12401,tests/train_files/train_deep_many_light_no_large_v02.simpl,5,2075.7576,0.100,27
12402,tests/train_files/train_deep_many_light_no_large_v03.simpl,5,2202.8984,0.100,28
12403,tests/train_files/train_deep_many_light_no_medium_v01.simpl,5,2312.5000,0.100,10
12404,tests/train_files/train_deep_many_light_no_medium_v02.simpl,5,1749.9999,0.100,7
12405,tests/train_files/train_deep_many_light_no_medium_v03.simpl,5,1600.0000,0.100,8
12406,tests/train_files/train_deep_many_none_has_large_v01.simpl,5,2691.6665,0.100,33
12407,tests/train_files/train_deep_many_none_has_large_v02.simpl,5,2250.0000,0.100,30
12408,tests/train_files/train_deep_many_none_has_large_v03.simpl,5,2360.0000,0.100,31
12409,tests/train_files/train_deep_many_none_has_medium_v01.simpl,5,2624.9998,0.100,14
12410,tests/train_files/train_deep_many_none_has_medium_v02.simpl,5,1972.2222,0.100,10
12411,tests/train_files/train_deep_many_none_has_medium_v03.simpl,5,2222.2222,0.100,11
12412,tests/train_files/train_deep_many_none_no_large_v01.simpl,5,2758.3333,0.100,32
12413,tests/train_files/train_deep_many_none_no_large_v02.simpl,5,2280.0000,0.100,29
12414,tests/train_files/train_deep_many_none_no_large_v03.simpl,5,2250.0000,0.100,30
12415,tests/train_files/train_deep_many_none_no_medium_v01.simpl,5,2308.8235,0.100,10
12416,tests/train_files/train_deep_many_none_no_medium_v02.simpl,5,1749.9999,0.100,7
12417,tests/train_files/train_deep_many_none_no_medium_v03.simpl,5,1999.9999,0.100,8
12418,tests/train_files/train_deep_none_dominated_no_large_v01.simpl,5,1750.0000,0.100,35
12419,tests/train_files/train_deep_none_dominated_no_large_v02.simpl,5,1944.4446,0.100,35
12420,tests/train_files/train_deep_none_dominated_no_large_v03.simpl,5,1750.0000,0.100,35
12421,tests/train_files/train_deep_none_dominated_no_medium_v01.simpl,5,100.0000,0.100,1
12422,tests/train_files/train_deep_none_dominated_no_medium_v02.simpl,5,90.9091,0.100,1
12423,tests/train_files/train_deep_none_dominated_no_medium_v03.simpl,5,90.9091,0.100,1
12424,tests/train_files/train_deep_none_none_no_large_v01.simpl,5,1842.1053,0.100,35
12425,tests/train_files/train_deep_none_none_no_large_v02.simpl,5,1842.1053,0.100,35
12426,tests/train_files/train_deep_none_none_no_large_v03.simpl,5,1521.7391,0.100,35
12427,tests/train_files/train_deep_none_none_no_medium_v01.simpl,5,0.0000,0.100,0
12428,tests/train_files/train_deep_none_none_no_medium_v02.simpl,5,0.0000,0.100,0
12429,tests/train_files/train_deep_none_none_no_medium_v03.simpl,5,0.0000,0.100,0
12430,tests/train_files/train_none_few_dominated_has_large_v01.simpl,5,3704.7620,0.100,51
12431,tests/train_files/train_none_few_dominated_has_large_v02.simpl,5,4186.8130,0.100,51
12432,tests/train_files/train_none_few_dominated_has_large_v03.simpl,5,3633.3335,0.100,51
12433,tests/train_files/train_none_few_dominated_has_medium_v01.simpl,5,5166.6665,0.100,11
12434,tests/train_files/train_none_few_dominated_has_medium_v02.simpl,5,3749.9998,0.100,11
12435,tests/train_files/train_none_few_dominated_has_medium_v03.simpl,5,6333.3330,0.100,11
12436,tests/train_files/train_none_few_dominated_no_large_v01.simpl,5,3182.5398,0.100,51
12437,tests/train_files/train_none_few_dominated_no_large_v02.simpl,5,4472.5273,0.100,53
12438,tests/train_files/train_none_few_dominated_no_large_v03.simpl,5,4282.0513,0.100,51
12439,tests/train_files/train_none_few_dominated_no_medium_v01.simpl,5,4999.9995,0.100,11
12440,tests/train_files/train_none_few_dominated_no_medium_v02.simpl,5,5333.3330,0.100,13
12441,tests/train_files/train_none_few_dominated_no_medium_v03.simpl,5,6333.3330,0.100,11
12442,tests/train_files/train_none_few_light_has_large_v01.simpl,5,4340.6592,0.100,53
12443,tests/train_files/train_none_few_light_has_large_v02.simpl,5,3633.9282,0.100,53
12444,tests/train_files/train_none_few_light_has_large_v03.simpl,5,4000.0000,0.100,53
12445,tests/train_files/train_none_few_light_has_medium_v01.simpl,5,5142.8569,0.100,12
12446,tests/train_files/train_none_few_light_has_medium_v02.simpl,5,5999.9995,0.100,12
12447,tests/train_files/train_none_few_light_has_medium_v03.simpl,5,3333.3333,0.100,12
12448,tests/train_files/train_none_few_light_has_tiny_v01.simpl,5,4333.3330,0.100,11
12449,tests/train_files/train_none_few_light_has_tiny_v02.simpl,5,5749.9995,0.100,11
12450,tests/train_files/train_none_few_light_has_tiny_v03.simpl,5,5749.9995,0.100,11
12451,tests/train_files/train_none_few_light_no_large_v01.simpl,5,4269.2305,0.100,53
12452,tests/train_files/train_none_few_light_no_large_v02.simpl,5,4435.8975,0.100,55
12453,tests/train_files/train_none_few_light_no_large_v03.simpl,5,3933.3335,0.100,53
12454,tests/train_files/train_none_few_light_no_medium_v01.simpl,5,6666.6665,0.100,12
12455,tests/train_files/train_none_few_light_no_medium_v02.simpl,5,4999.9995,0.100,14
12456,tests/train_files/train_none_few_light_no_medium_v03.simpl,5,4666.6665,0.100,12
12457,tests/train_files/train_none_few_light_no_tiny_v01.simpl,5,4333.3330,0.100,11
12458,tests/train_files/train_none_few_light_no_tiny_v02.simpl,5,4749.9995,0.100,13
12459,tests/train_files/train_none_few_light_no_tiny_v03.simpl,5,2777.7778,0.100,11
12460,tests/train_files/train_none_few_none_has_large_v01.simpl,5,4142.8569,0.100,55
12461,tests/train_files/train_none_few_none_has_large_v02.simpl,5,4142.8569,0.100,55
12462,tests/train_files/train_none_few_none_has_large_v03.simpl,5,4142.8569,0.100,55
12463,tests/train_files/train_none_few_none_has_medium_v01.simpl,5,5111.1108,0.100,14
12464,tests/train_files/train_none_few_none_has_medium_v02.simpl,5,6500.0000,0.100,14
12465,tests/train_files/train_none_few_none_has_medium_v03.simpl,5,5333.3330,0.100,14
12466,tests/train_files/train_none_few_none_has_tiny_v01.simpl,5,6333.3330,0.100,11
12467,tests/train_files/train_none_few_none_has_tiny_v02.simpl,5,4333.3330,0.100,11
12468,tests/train_files/train_none_few_none_has_tiny_v03.simpl,5,6333.3330,0.100,11
12469,tests/train_files/train_none_few_none_no_large_v01.simpl,5,3758.9282,0.100,55
12470,tests/train_files/train_none_few_none_no_large_v02.simpl,5,4673.0767,0.100,57
12471,tests/train_files/train_none_few_none_no_large_v03.simpl,5,4214.2856,0.100,55
12472,tests/train_files/train_none_few_none_no_medium_v01.simpl,5,4500.0000,0.100,14
12473,tests/train_files/train_none_few_none_no_medium_v02.simpl,5,6333.3330,0.100,16
12474,tests/train_files/train_none_few_none_no_medium_v03.simpl,5,3428.5713,0.100,14
12475,tests/train_files/train_none_few_none_no_tiny_v01.simpl,5,6333.3330,0.100,11
12476,tests/train_files/train_none_few_none_no_tiny_v02.simpl,5,5333.3330,0.100,13
12477,tests/train_files/train_none_few_none_no_tiny_v03.simpl,5,4333.3330,0.100,11
12478,tests/train_files/train_none_many_dominated_has_large_v01.simpl,5,4416.6665,0.100,48
12479,tests/train_files/train_none_many_dominated_has_large_v02.simpl,5,4916.6665,0.100,51
12480,tests/train_files/train_none_many_dominated_has_large_v03.simpl,5,4909.0908,0.100,49
12481,tests/train_files/train_none_many_dominated_has_medium_v01.simpl,5,4666.6665,0.100,20
12482,tests/train_files/train_none_many_dominated_has_medium_v02.simpl,5,6500.0000,0.100,23
12483,tests/train_files/train_none_many_dominated_has_medium_v03.simpl,5,8500.0000,0.100,21
12484,tests/train_files/train_none_many_dominated_no_large_v01.simpl,5,3533.3335,0.100,47
12485,tests/train_files/train_none_many_dominated_no_large_v02.simpl,5,5075.7573,0.100,50
12486,tests/train_files/train_none_many_dominated_no_large_v03.simpl,5,4583.3330,0.100,48
12487,tests/train_files/train_none_many_dominated_no_medium_v01.simpl,5,3874.9998,0.100,19
12488,tests/train_files/train_none_many_dominated_no_medium_v02.simpl,5,6500.0000,0.100,22
12489,tests/train_files/train_none_many_dominated_no_medium_v03.simpl,5,6250.0000,0.100,20
12490,tests/train_files/train_none_many_light_has_large_v01.simpl,5,3776.7854,0.100,54
12491,tests/train_files/train_none_many_light_has_large_v02.simpl,5,4205.3569,0.100,57
12492,tests/train_files/train_none_many_light_has_large_v03.simpl,5,4769.2305,0.100,55
12493,tests/train_files/train_none_many_light_has_medium_v01.simpl,5,5500.0000,0.100,20
12494,tests/train_files/train_none_many_light_has_medium_v02.simpl,5,7000.0000,0.100,23
12495,tests/train_files/train_none_many_light_has_medium_v03.simpl,5,8000.0000,0.100,21
12496,tests/train_files/train_none_many_light_no_large_v01.simpl,5,4000.0000,0.100,53
12497,tests/train_files/train_none_many_light_no_large_v02.simpl,5,4644.2305,0.100,56
12498,tests/train_files/train_none_many_light_no_large_v03.simpl,5,4602.5640,0.100,54
12499,tests/train_files/train_none_many_light_no_medium_v01.simpl,5,5000.0000,0.100,19
12500,tests/train_files/train_none_many_light_no_medium_v02.simpl,5,6500.0000,0.100,22
12501,tests/train_files/train_none_many_light_no_medium_v03.simpl,5,5500.0000,0.100,20
12502,tests/train_files/train_none_many_none_has_large_v01.simpl,5,4114.2856,0.100,56
12503,tests/train_files/train_none_many_none_has_large_v02.simpl,5,5065.9341,0.100,59
12504,tests/train_files/train_none_many_none_has_large_v03.simpl,5,4187.5000,0.100,57
12505,tests/train_files/train_none_many_none_has_medium_v01.simpl,5,4166.6670,0.100,20
12506,tests/train_files/train_none_many_none_has_medium_v02.simpl,5,7749.9995,0.100,23
12507,tests/train_files/train_none_many_none_has_medium_v03.simpl,5,6749.9995,0.100,21
12508,tests/train_files/train_none_many_none_no_large_v01.simpl,5,4142.8569,0.100,55
12509,tests/train_files/train_none_many_none_no_large_v02.simpl,5,4275.0000,0.100,58
12510,tests/train_files/train_none_many_none_no_large_v03.simpl,5,4756.4102,0.100,56
12511,tests/train_files/train_none_many_none_no_medium_v01.simpl,5,5000.0000,0.100,19
12512,tests/train_files/train_none_many_none_no_medium_v02.simpl,5,6083.3330,0.100,22
12513,tests/train_files/train_none_many_none_no_medium_v03.simpl,5,5500.0000,0.100,20
12514,tests/train_files/train_none_none_dominated_no_large_v01.simpl,5,3769.2307,0.100,49
12515,tests/train_files/train_none_none_dominated_no_large_v02.simpl,5,3500.0000,0.100,49
12516,tests/train_files/train_none_none_dominated_no_large_v03.simpl,5,3769.2307,0.100,49
12517,tests/train_files/train_none_none_dominated_no_medium_v01.simpl,5,1999.9999,0.100,8
12518,tests/train_files/train_none_none_dominated_no_medium_v02.simpl,5,2666.6667,0.100,8
12519,tests/train_files/train_none_none_dominated_no_medium_v03.simpl,5,1999.9999,0.100,8
12520,tests/train_files/train_none_none_dominated_no_tiny_v01.simpl,5,333.3333,0.100,1
12521,tests/train_files/train_none_none_dominated_no_tiny_v02.simpl,5,500.0000,0.100,1
12522,tests/train_files/train_none_none_dominated_no_tiny_v03.simpl,5,333.3333,0.100,1
12523,tests/train_files/train_none_none_none_no_large_v01.simpl,5,3391.6667,0.100,50
12524,tests/train_files/train_none_none_none_no_large_v02.simpl,5,3912.0879,0.100,50
12525,tests/train_files/train_none_none_none_no_large_v03.simpl,5,3642.8572,0.100,50
12526,tests/train_files/train_none_none_none_no_medium_v01.simpl,5,2999.9998,0.100,9
12527,tests/train_files/train_none_none_none_no_medium_v02.simpl,5,3666.6667,0.100,9
12528,tests/train_files/train_none_none_none_no_medium_v03.simpl,5,3666.6667,0.100,9
12529,tests/train_files/train_none_none_none_no_tiny_v01.simpl,5,1499.9999,0.100,2
12530,tests/train_files/train_none_none_none_no_tiny_v02.simpl,5,1499.9999,0.100,2
12531,tests/train_files/train_none_none_none_no_tiny_v03.simpl,5,1499.9999,0.100,2
12532,tests/train_files/train_shallow_few_dominated_has_large_v01.simpl,5,2066.6667,0.100,39
12533,tests/train_files/train_shallow_few_dominated_has_large_v02.simpl,5,1964.2858,0.100,37
12534,tests/train_files/train_shallow_few_dominated_has_large_v03.simpl,5,1880.9524,0.100,37
12535,tests/train_files/train_shallow_few_dominated_has_medium_v01.simpl,5,1357.1428,0.100,6
12536,tests/train_files/train_shallow_few_dominated_has_medium_v02.simpl,5,1272.7272,0.100,4
12537,tests/train_files/train_shallow_few_dominated_has_medium_v03.simpl,5,1230.7692,0.100,4
12538,tests/train_files/train_shallow_few_dominated_no_large_v01.simpl,5,2138.8889,0.100,35
12539,tests/train_files/train_shallow_few_dominated_no_large_v02.simpl,5,1833.3334,0.100,33
12540,tests/train_files/train_shallow_few_dominated_no_large_v03.simpl,5,1795.4546,0.100,35
12541,tests/train_files/train_shallow_few_dominated_no_medium_v01.simpl,5,590.9091,0.100,2
12542,tests/train_files/train_shallow_few_dominated_no_medium_v02.simpl,5,0.0000,0.100,0
12543,tests/train_files/train_shallow_few_dominated_no_medium_v03.simpl,5,433.3333,0.100,2
12544,tests/train_files/train_shallow_few_light_has_large_v01.simpl,5,2071.4287,0.100,41
12545,tests/train_files/train_shallow_few_light_has_large_v02.simpl,5,2435.2939,0.100,39
12546,tests/train_files/train_shallow_few_light_has_large_v03.simpl,5,2277.7778,0.100,39
12547,tests/train_files/train_shallow_few_light_has_medium_v01.simpl,5,1500.0000,0.100,6
12548,tests/train_files/train_shallow_few_light_has_medium_v02.simpl,5,1272.7272,0.100,4
12549,tests/train_files/train_shallow_few_light_has_medium_v03.simpl,5,800.0000,0.100,4
12550,tests/train_files/train_shallow_few_light_no_large_v01.simpl,5,2047.6191,0.100,37
12551,tests/train_files/train_shallow_few_light_no_large_v02.simpl,5,1842.1053,0.100,35
12552,tests/train_files/train_shallow_few_light_no_large_v03.simpl,5,2094.7368,0.100,37
12553,tests/train_files/train_shallow_few_light_no_medium_v01.simpl,5,600.0000,0.100,2
12554,tests/train_files/train_shallow_few_light_no_medium_v02.simpl,5,0.0000,0.100,0
12555,tests/train_files/train_shallow_few_light_no_medium_v03.simpl,5,600.0000,0.100,2
12556,tests/train_files/train_shallow_few_none_has_large_v01.simpl,5,2637.2549,0.100,43
12557,tests/train_files/train_shallow_few_none_has_large_v02.simpl,5,2104.7620,0.100,41
12558,tests/train_files/train_shallow_few_none_has_large_v03.simpl,5,2166.6667,0.100,41
12559,tests/train_files/train_shallow_few_none_has_medium_v01.simpl,5,1500.0000,0.100,6
12560,tests/train_files/train_shallow_few_none_has_medium_v02.simpl,5,1272.7272,0.100,4
12561,tests/train_files/train_shallow_few_none_has_medium_v03.simpl,5,633.3334,0.100,4
12562,tests/train_files/train_shallow_few_none_no_large_v01.simpl,5,2059.5237,0.100,39
12563,tests/train_files/train_shallow_few_none_no_large_v02.simpl,5,1850.0000,0.100,37
12564,tests/train_files/train_shallow_few_none_no_large_v03.simpl,5,2100.0000,0.100,39
12565,tests/train_files/train_shallow_few_none_no_medium_v01.simpl,5,611.1111,0.100,2
12566,tests/train_files/train_shallow_few_none_no_medium_v02.simpl,5,0.0000,0.100,0
12567,tests/train_files/train_shallow_few_none_no_medium_v03.simpl,5,600.0000,0.100,2
12568,tests/train_files/train_shallow_many_dominated_has_large_v01.simpl,5,2916.6665,0.100,32
12569,tests/train_files/train_shallow_many_dominated_has_large_v02.simpl,5,2602.9412,0.100,29
12570,tests/train_files/train_shallow_many_dominated_has_large_v03.simpl,5,2527.7778,0.100,30
12571,tests/train_files/train_shallow_many_dominated_has_medium_v01.simpl,5,3064.1025,0.100,11
12572,tests/train_files/train_shallow_many_dominated_has_medium_v02.simpl,5,2142.8572,0.100,8
12573,tests/train_files/train_shallow_many_dominated_has_medium_v03.simpl,5,1853.8462,0.100,9
12574,tests/train_files/train_shallow_many_dominated_no_large_v01.simpl,5,3175.0000,0.100,31
12575,tests/train_files/train_shallow_many_dominated_no_large_v02.simpl,5,2333.3335,0.100,28
12576,tests/train_files/train_shallow_many_dominated_no_large_v03.simpl,5,2650.0000,0.100,29
12577,tests/train_files/train_shallow_many_dominated_no_medium_v01.simpl,5,2326.9231,0.100,10
12578,tests/train_files/train_shallow_many_dominated_no_medium_v02.simpl,5,1749.9999,0.100,7
12579,tests/train_files/train_shallow_many_dominated_no_medium_v03.simpl,5,1600.0000,0.100,8
12580,tests/train_files/train_shallow_many_light_has_large_v01.simpl,5,3364.7058,0.100,38
12581,tests/train_files/train_shallow_many_light_has_large_v02.simpl,5,2460.8696,0.100,35
12582,tests/train_files/train_shallow_many_light_has_large_v03.simpl,5,2768.1819,0.100,36
12583,tests/train_files/train_shallow_many_light_has_medium_v01.simpl,5,3083.3333,0.100,11
12584,tests/train_files/train_shallow_many_light_has_medium_v02.simpl,5,2820.5127,0.100,8
12585,tests/train_files/train_shallow_many_light_has_medium_v03.simpl,5,2653.8459,0.100,9
12586,tests/train_files/train_shallow_many_light_no_large_v01.simpl,5,3550.0000,0.100,37
12587,tests/train_files/train_shallow_many_light_no_large_v02.simpl,5,2900.0000,0.100,34
12588,tests/train_files/train_shallow_many_light_no_large_v03.simpl,5,2683.3335,0.100,35
12589,tests/train_files/train_shallow_many_light_no_medium_v01.simpl,5,2333.3333,0.100,10
12590,tests/train_files/train_shallow_many_light_no_medium_v02.simpl,5,2333.3333,0.100,7
12591,tests/train_files/train_shallow_many_light_no_medium_v03.simpl,5,2666.6667,0.100,8
12592,tests/train_files/train_shallow_many_none_has_large_v01.simpl,5,3123.8096,0.100,40
12593,tests/train_files/train_shallow_many_none_has_large_v02.simpl,5,2659.0908,0.100,37
12594,tests/train_files/train_shallow_many_none_has_large_v03.simpl,5,2747.8262,0.100,38
12595,tests/train_files/train_shallow_many_none_has_medium_v01.simpl,5,3083.3333,0.100,11
12596,tests/train_files/train_shallow_many_none_has_medium_v02.simpl,5,2333.3333,0.100,8
12597,tests/train_files/train_shallow_many_none_has_medium_v03.simpl,5,2642.8569,0.100,9
12598,tests/train_files/train_shallow_many_none_no_large_v01.simpl,5,3228.5713,0.100,39
12599,tests/train_files/train_shallow_many_none_no_large_v02.simpl,5,2777.7778,0.100,36
12600,tests/train_files/train_shallow_many_none_no_large_v03.simpl,5,3126.3159,0.100,37
12601,tests/train_files/train_shallow_many_none_no_medium_v01.simpl,5,3083.3333,0.100,10
12602,tests/train_files/train_shallow_many_none_no_medium_v02.simpl,5,1749.9999,0.100,7
12603,tests/train_files/train_shallow_many_none_no_medium_v03.simpl,5,2666.6667,0.100,8
12604,tests/train_files/train_shallow_none_dominated_no_large_v01.simpl,5,2333.3335,0.100,42
12605,tests/train_files/train_shallow_none_dominated_no_large_v02.simpl,5,3000.0000,0.100,42
12606,tests/train_files/train_shallow_none_dominated_no_large_v03.simpl,5,2333.3335,0.100,42
12607,tests/train_files/train_shallow_none_dominated_no_medium_v01.simpl,5,90.9091,0.100,1
12608,tests/train_files/train_shallow_none_dominated_no_medium_v02.simpl,5,142.8571,0.100,1
12609,tests/train_files/train_shallow_none_dominated_no_medium_v03.simpl,5,142.8571,0.100,1
12610,tests/train_files/train_shallow_none_none_no_large_v01.simpl,5,2210.5264,0.100,42
12611,tests/train_files/train_shallow_none_none_no_large_v02.simpl,5,2624.9998,0.100,42
12612,tests/train_files/train_shallow_none_none_no_large_v03.simpl,5,2210.5264,0.100,42
12613,tests/train_files/train_shallow_none_none_no_medium_v01.simpl,5,111.1111,0.100,1
12614,tests/train_files/train_shallow_none_none_no_medium_v02.simpl,5,125.0000,0.100,1
12615,tests/train_files/train_shallow_none_none_no_medium_v03.simpl,5,125.0000,0.100,1
12616,tests/train_files/train_shallow_none_none_no_tiny_v01.simpl,5,0.0000,0.100,0
12617,tests/train_files/train_shallow_none_none_no_tiny_v02.simpl,5,0.0000,0.100,0
12618,tests/train_files/train_shallow_none_none_no_tiny_v03.simpl,5,0.0000,0.100,0
12619,tests/train_files/train_deep_few_dominated_has_large_v01.simpl,5,1491.6666,0.100,32
12620,tests/train_files/train_deep_few_dominated_has_large_v02.simpl,5,1410.0000,0.100,30
12621,tests/train_files/train_deep_few_dominated_has_large_v03.simpl,5,1580.9524,0.100,30
12622,tests/train_files/train_deep_few_dominated_has_medium_v01.simpl,5,1312.5000,0.100,6
12623,tests/train_files/train_deep_few_dominated_has_medium_v02.simpl,5,1187.4999,0.100,4
12624,tests/train_files/train_deep_few_dominated_has_medium_v03.simpl,5,687.4999,0.100,4
12625,tests/train_files/train_deep_few_dominated_no_large_v01.simpl,5,1535.7144,0.100,28
12626,tests/train_files/train_deep_few_dominated_no_large_v02.simpl,5,1238.0952,0.100,26
12627,tests/train_files/train_deep_few_dominated_no_large_v03.simpl,5,1288.4615,0.100,28
12628,tests/train_files/train_deep_few_dominated_no_medium_v01.simpl,5,395.8333,0.100,2
12629,tests/train_files/train_deep_few_dominated_no_medium_v02.simpl,5,0.0000,0.100,0
12630,tests/train_files/train_deep_few_dominated_no_medium_v03.simpl,5,395.8333,0.100,2
12631,tests/train_files/train_deep_few_light_has_large_v01.simpl,5,1771.4286,0.100,34
12632,tests/train_files/train_deep_few_light_has_large_v02.simpl,5,1547.8260,0.100,32
12633,tests/train_files/train_deep_few_light_has_large_v03.simpl,5,1406.6666,0.100,32
12634,tests/train_files/train_deep_few_light_has_medium_v01.simpl,5,857.1428,0.100,6
12635,tests/train_files/train_deep_few_light_has_medium_v02.simpl,5,700.0000,0.100,4
12636,tests/train_files/train_deep_few_light_has_medium_v03.simpl,5,714.2856,0.100,4
12637,tests/train_files/train_deep_few_light_no_large_v01.simpl,5,1510.8695,0.100,30
12638,tests/train_files/train_deep_few_light_no_large_v02.simpl,5,1166.6666,0.100,28
12639,tests/train_files/train_deep_few_light_no_large_v03.simpl,5,1630.9524,0.100,30
12640,tests/train_files/train_deep_few_light_no_medium_v01.simpl,5,395.8333,0.100,2
12641,tests/train_files/train_deep_few_light_no_medium_v02.simpl,5,0.0000,0.100,0
12642,tests/train_files/train_deep_few_light_no_medium_v03.simpl,5,566.6666,0.100,2
12643,tests/train_files/train_deep_few_none_has_large_v01.simpl,5,1866.6667,0.100,36
12644,tests/train_files/train_deep_few_none_has_large_v02.simpl,5,1575.0000,0.100,34
12645,tests/train_files/train_deep_few_none_has_large_v03.simpl,5,1700.0000,0.100,34
12646,tests/train_files/train_deep_few_none_has_medium_v01.simpl,5,1333.3333,0.100,6
12647,tests/train_files/train_deep_few_none_has_medium_v02.simpl,5,700.0000,0.100,4
12648,tests/train_files/train_deep_few_none_has_medium_v03.simpl,5,714.2856,0.100,4
12649,tests/train_files/train_deep_few_none_no_large_v01.simpl,5,1200.0000,0.100,32
12650,tests/train_files/train_deep_few_none_no_large_v02.simpl,5,1304.3478,0.100,30
12651,tests/train_files/train_deep_few_none_no_large_v03.simpl,5,1659.0909,0.100,32
12652,tests/train_files/train_deep_few_none_no_medium_v01.simpl,5,571.4285,0.100,2
12653,tests/train_files/train_deep_few_none_no_medium_v02.simpl,5,0.0000,0.100,0
12654,tests/train_files/train_deep_few_none_no_medium_v03.simpl,5,562.4999,0.100,2
12655,tests/train_files/train_deep_many_dominated_has_large_v01.simpl,5,2583.3333,0.100,25
12656,tests/train_files/train_deep_many_dominated_has_large_v02.simpl,5,1845.2380,0.100,22
12657,tests/train_files/train_deep_many_dominated_has_large_v03.simpl,5,2060.6060,0.100,23
12658,tests/train_files/train_deep_many_dominated_has_medium_v01.simpl,5,2252.9412,0.100,14
12659,tests/train_files/train_deep_many_dominated_has_medium_v02.simpl,5,1722.2222,0.100,10
12660,tests/train_files/train_deep_many_dominated_has_medium_v03.simpl,5,1722.2222,0.100,11
12661,tests/train_files/train_deep_many_dominated_no_large_v01.simpl,5,2550.0000,0.100,24
12662,tests/train_files/train_deep_many_dominated_no_large_v02.simpl,5,1666.6666,0.100,21
12663,tests/train_files/train_deep_many_dominated_no_large_v03.simpl,5,2266.6667,0.100,22
12664,tests/train_files/train_deep_many_dominated_no_medium_v01.simpl,5,2305.5557,0.100,10
12665,tests/train_files/train_deep_many_dominated_no_medium_v02.simpl,5,1166.6666,0.100,7
12666,tests/train_files/train_deep_many_dominated_no_medium_v03.simpl,5,1333.3334,0.100,8
12667,tests/train_files/train_deep_many_light_has_large_v01.simpl,5,2462.1211,0.100,31
12668,tests/train_files/train_deep_many_light_has_large_v02.simpl,5,1963.3333,0.100,28
12669,tests/train_files/train_deep_many_light_has_large_v03.simpl,5,2406.5217,0.100,29
12670,tests/train_files/train_deep_many_light_has_medium_v01.simpl,5,2583.3330,0.100,14
12671,tests/train_files/train_deep_many_light_has_medium_v02.simpl,5,1960.5264,0.100,10
12672,tests/train_files/train_deep_many_light_has_medium_v03.simpl,5,1922.2222,0.100,11
12673,tests/train_files/train_deep_many_light_no_large_v01.simpl,5,2500.0000,0.100,30
12674,tests/train_files/train_deep_many_light_no_large_v02.simpl,5,2000.0000,0.100,27
12675,tests/train_files/train_deep_many_light_no_large_v03.simpl,5,2133.3335,0.100,28
12676,tests/train_files/train_deep_many_light_no_medium_v01.simpl,5,2308.8235,0.100,10
12677,tests/train_files/train_deep_many_light_no_medium_v02.simpl,5,1749.9999,0.100,7
12678,tests/train_files/train_deep_many_light_no_medium_v03.simpl,5,1600.0000,0.100,8
12679,tests/train_files/train_deep_many_none_has_large_v01.simpl,5,2691.6665,0.100,33
12680,tests/train_files/train_deep_many_none_has_large_v02.simpl,5,2173.0769,0.100,30
12681,tests/train_files/train_deep_many_none_has_large_v03.simpl,5,2443.4783,0.100,31
12682,tests/train_files/train_deep_many_none_has_medium_v01.simpl,5,3102.9409,0.100,14
12683,tests/train_files/train_deep_many_none_has_medium_v02.simpl,5,1722.2222,0.100,10
12684,tests/train_files/train_deep_many_none_has_medium_v03.simpl,5,2181.8181,0.100,11
12685,tests/train_files/train_deep_many_none_no_large_v01.simpl,5,2595.2383,0.100,32
12686,tests/train_files/train_deep_many_none_no_large_v02.simpl,5,2046.6666,0.100,29
12687,tests/train_files/train_deep_many_none_no_large_v03.simpl,5,2556.5217,0.100,30
12688,tests/train_files/train_deep_many_none_no_medium_v01.simpl,5,3062.5000,0.100,10
12689,tests/train_files/train_deep_many_none_no_medium_v02.simpl,5,1400.0000,0.100,7
12690,tests/train_files/train_deep_many_none_no_medium_v03.simpl,5,1999.9999,0.100,8
12691,tests/train_files/train_deep_none_dominated_no_large_v01.simpl,5,1666.6667,0.100,35
12692,tests/train_files/train_deep_none_dominated_no_large_v02.simpl,5,1750.0000,0.100,35
12693,tests/train_files/train_deep_none_dominated_no_large_v03.simpl,5,1750.0000,0.100,35
12694,tests/train_files/train_deep_none_dominated_no_medium_v01.simpl,5,83.3333,0.100,1
12695,tests/train_files/train_deep_none_dominated_no_medium_v02.simpl,5,90.9091,0.100,1
12696,tests/train_files/train_deep_none_dominated_no_medium_v03.simpl,5,90.9091,0.100,1
12697,tests/train_files/train_deep_none_none_no_large_v01.simpl,5,1750.0000,0.100,35
12698,tests/train_files/train_deep_none_none_no_large_v02.simpl,5,1750.0000,0.100,35
12699,tests/train_files/train_deep_none_none_no_large_v03.simpl,5,1590.9091,0.100,35
12700,tests/train_files/train_deep_none_none_no_medium_v01.simpl,5,0.0000,0.100,0
12701,tests/train_files/train_deep_none_none_no_medium_v02.simpl,5,0.0000,0.100,0
12702,tests/train_files/train_deep_none_none_no_medium_v03.simpl,5,0.0000,0.100,0
12703,tests/train_files/train_none_few_dominated_has_large_v01.simpl,5,4488.0952,0.100,51
12704,tests/train_files/train_none_few_dominated_has_large_v02.simpl,5,4488.0952,0.100,51
12705,tests/train_files/train_none_few_dominated_has_large_v03.simpl,5,4186.8130,0.100,51
12706,tests/train_files/train_none_few_dominated_has_medium_v01.simpl,5,6333.3330,0.100,11
12707,tests/train_files/train_none_few_dominated_has_medium_v02.simpl,5,5749.9995,0.100,11
12708,tests/train_files/train_none_few_dominated_has_medium_v03.simpl,5,4333.3330,0.100,11
12709,tests/train_files/train_none_few_dominated_no_large_v01.simpl,5,3508.9282,0.100,51
12710,tests/train_files/train_none_few_dominated_no_large_v02.simpl,5,4365.3843,0.100,53
12711,tests/train_files/train_none_few_dominated_no_large_v03.simpl,5,4282.0513,0.100,51
12712,tests/train_files/train_none_few_dominated_no_medium_v01.simpl,5,5749.9995,0.100,11
12713,tests/train_files/train_none_few_dominated_no_medium_v02.simpl,5,7166.6660,0.100,13
12714,tests/train_files/train_none_few_dominated_no_medium_v03.simpl,5,3749.9998,0.100,11
12715,tests/train_files/train_none_few_light_has_large_v01.simpl,5,3633.9282,0.100,53
12716,tests/train_files/train_none_few_light_has_large_v02.simpl,5,4071.4285,0.100,53
12717,tests/train_files/train_none_few_light_has_large_v03.simpl,5,4340.6592,0.100,53
12718,tests/train_files/train_none_few_light_has_medium_v01.simpl,5,5999.9995,0.100,12
12719,tests/train_files/train_none_few_light_has_medium_v02.simpl,5,3999.9998,0.100,12
12720,tests/train_files/train_none_few_light_has_medium_v03.simpl,5,5999.9995,0.100,12
12721,tests/train_files/train_none_few_light_has_tiny_v01.simpl,5,6333.3330,0.100,11
12722,tests/train_files/train_none_few_light_has_tiny_v02.simpl,5,6333.3330,0.100,11
12723,tests/train_files/train_none_few_light_has_tiny_v03.simpl,5,5749.9995,0.100,11
12724,tests/train_files/train_none_few_light_no_large_v01.simpl,5,4000.0000,0.100,53
12725,tests/train_files/train_none_few_light_no_large_v02.simpl,5,4357.1426,0.100,55
12726,tests/train_files/train_none_few_light_no_large_v03.simpl,5,4340.6592,0.100,53
12727,tests/train_files/train_none_few_light_no_medium_v01.simpl,5,6666.6665,0.100,12
12728,tests/train_files/train_none_few_light_no_medium_v02.simpl,5,4999.9995,0.100,14
12729,tests/train_files/train_none_few_light_no_medium_v03.simpl,5,5999.9995,0.100,12
12730,tests/train_files/train_none_few_light_no_tiny_v01.simpl,5,3749.9998,0.100,11
12731,tests/train_files/train_none_few_light_no_tiny_v02.simpl,5,4749.9995,0.100,13
12732,tests/train_files/train_none_few_light_no_tiny_v03.simpl,5,5749.9995,0.100,11
12733,tests/train_files/train_none_few_none_has_large_v01.simpl,5,4142.8569,0.100,55
12734,tests/train_files/train_none_few_none_has_large_v02.simpl,5,3687.4998,0.100,55
12735,tests/train_files/train_none_few_none_has_large_v03.simpl,5,3571.4282,0.100,55
12736,tests/train_files/train_none_few_none_has_medium_v01.simpl,5,3833.3335,0.100,14
12737,tests/train_files/train_none_few_none_has_medium_v02.simpl,5,6500.0000,0.100,14
12738,tests/train_files/train_none_few_none_has_medium_v03.simpl,5,7333.3330,0.100,14
12739,tests/train_files/train_none_few_none_has_tiny_v01.simpl,5,6333.3330,0.100,11
12740,tests/train_files/train_none_few_none_has_tiny_v02.simpl,5,6333.3330,0.100,11
12741,tests/train_files/train_none_few_none_has_tiny_v03.simpl,5,4333.3330,0.100,11
12742,tests/train_files/train_none_few_none_no_large_v01.simpl,5,3900.0000,0.100,55
12743,tests/train_files/train_none_few_none_no_large_v02.simpl,5,4673.0767,0.100,57
12744,tests/train_files/train_none_few_none_no_large_v03.simpl,5,3758.9282,0.100,55
12745,tests/train_files/train_none_few_none_no_medium_v01.simpl,5,5250.0000,0.100,14
12746,tests/train_files/train_none_few_none_no_medium_v02.simpl,5,5333.3330,0.100,16
12747,tests/train_files/train_none_few_none_no_medium_v03.simpl,5,4000.0000,0.100,14
12748,tests/train_files/train_none_few_none_no_tiny_v01.simpl,5,4333.3330,0.100,11
12749,tests/train_files/train_none_few_none_no_tiny_v02.simpl,5,8333.3330,0.100,13
12750,tests/train_files/train_none_few_none_no_tiny_v03.simpl,5,6333.3330,0.100,11
12751,tests/train_files/train_none_many_dominated_has_large_v01.simpl,5,4141.0254,0.100,48
12752,tests/train_files/train_none_many_dominated_has_large_v02.simpl,5,4020.8330,0.100,51
12753,tests/train_files/train_none_many_dominated_has_large_v03.simpl,5,4783.3330,0.100,49
12754,tests/train_files/train_none_many_dominated_has_medium_v01.simpl,5,4166.6670,0.100,20
12755,tests/train_files/train_none_many_dominated_has_medium_v02.simpl,5,7000.0000,0.100,23
12756,tests/train_files/train_none_many_dominated_has_medium_v03.simpl,5,5500.0000,0.100,21
12757,tests/train_files/train_none_many_dominated_no_large_v01.simpl,5,4250.0000,0.100,47
12758,tests/train_files/train_none_many_dominated_no_large_v02.simpl,5,4750.0000,0.100,50
12759,tests/train_files/train_none_many_dominated_no_large_v03.simpl,5,4909.0908,0.100,48
12760,tests/train_files/train_none_many_dominated_no_medium_v01.simpl,5,4500.0000,0.100,19
12761,tests/train_files/train_none_many_dominated_no_medium_v02.simpl,5,4833.3330,0.100,22
12762,tests/train_files/train_none_many_dominated_no_medium_v03.simpl,5,5000.0000,0.100,20
12763,tests/train_files/train_none_many_light_has_large_v01.simpl,5,4483.5166,0.100,54
12764,tests/train_files/train_none_many_light_has_large_v02.simpl,5,4912.0879,0.100,57
12765,tests/train_files/train_none_many_light_has_large_v03.simpl,5,5454.5454,0.100,55
12766,tests/train_files/train_none_many_light_has_medium_v01.simpl,5,5500.0000,0.100,20
12767,tests/train_files/train_none_many_light_has_medium_v02.simpl,5,7000.0000,0.100,23
12768,tests/train_files/train_none_many_light_has_medium_v03.simpl,5,6000.0000,0.100,21
12769,tests/train_files/train_none_many_light_no_large_v01.simpl,5,4583.3330,0.100,53
12770,tests/train_files/train_none_many_light_no_large_v02.simpl,5,4769.2305,0.100,56
12771,tests/train_files/train_none_many_light_no_large_v03.simpl,5,4916.6665,0.100,54
12772,tests/train_files/train_none_many_light_no_medium_v01.simpl,5,5874.9995,0.100,19
12773,tests/train_files/train_none_many_light_no_medium_v02.simpl,5,7249.9995,0.100,22
12774,tests/train_files/train_none_many_light_no_medium_v03.simpl,5,6250.0000,0.100,20
12775,tests/train_files/train_none_many_none_has_large_v01.simpl,5,3901.7854,0.100,56
12776,tests/train_files/train_none_many_none_has_large_v02.simpl,5,5065.9341,0.100,59
12777,tests/train_files/train_none_many_none_has_large_v03.simpl,5,4642.8569,0.100,57
12778,tests/train_files/train_none_many_none_has_medium_v01.simpl,5,6250.0000,0.100,20
12779,tests/train_files/train_none_many_none_has_medium_v02.simpl,5,7000.0000,0.100,23
12780,tests/train_files/train_none_many_none_has_medium_v03.simpl,5,6000.0000,0.100,21
12781,tests/train_files/train_none_many_none_no_large_v01.simpl,5,3900.0000,0.100,55
12782,tests/train_files/train_none_many_none_no_large_v02.simpl,5,4923.0767,0.100,58
12783,tests/train_files/train_none_many_none_no_large_v03.simpl,5,5083.3335,0.100,56
12784,tests/train_files/train_none_many_none_no_medium_v01.simpl,5,7000.0000,0.100,19
12785,tests/train_files/train_none_many_none_no_medium_v02.simpl,5,10000.0000,0.100,22
12786,tests/train_files/train_none_many_none_no_medium_v03.simpl,5,6250.0000,0.100,20
12787,tests/train_files/train_none_none_dominated_no_large_v01.simpl,5,3500.0000,0.100,49
12788,tests/train_files/train_none_none_dominated_no_large_v02.simpl,5,3266.6667,0.100,49
12789,tests/train_files/train_none_none_dominated_no_large_v03.simpl,5,3769.2307,0.100,49
12790,tests/train_files/train_none_none_dominated_no_medium_v01.simpl,5,2666.6667,0.100,8
12791,tests/train_files/train_none_none_dominated_no_medium_v02.simpl,5,1999.9999,0.100,8
12792,tests/train_files/train_none_none_dominated_no_medium_v03.simpl,5,2666.6667,0.100,8
12793,tests/train_files/train_none_none_dominated_no_tiny_v01.simpl,5,142.8571,0.100,1
12794,tests/train_files/train_none_none_dominated_no_tiny_v02.simpl,5,333.3333,0.100,1
12795,tests/train_files/train_none_none_dominated_no_tiny_v03.simpl,5,333.3333,0.100,1
12796,tests/train_files/train_none_none_none_no_large_v01.simpl,5,3912.0879,0.100,50
12797,tests/train_files/train_none_none_none_no_large_v02.simpl,5,3912.0879,0.100,50
12798,tests/train_files/train_none_none_none_no_large_v03.simpl,5,3409.5239,0.100,50
12799,tests/train_files/train_none_none_none_no_medium_v01.simpl,5,2999.9998,0.100,9
12800,tests/train_files/train_none_none_none_no_medium_v02.simpl,5,2499.9998,0.100,9
12801,tests/train_files/train_none_none_none_no_medium_v03.simpl,5,2999.9998,0.100,9
12802,tests/train_files/train_none_none_none_no_tiny_v01.simpl,5,1499.9999,0.100,2
12803,tests/train_files/train_none_none_none_no_tiny_v02.simpl,5,1333.3333,0.100,2
12804,tests/train_files/train_none_none_none_no_tiny_v03.simpl,5,1499.9999,0.100,2
12805,tests/train_files/train_shallow_few_dominated_has_large_v01.simpl,5,2009.5238,0.100,39
12806,tests/train_files/train_shallow_few_dominated_has_large_v02.simpl,5,2317.6470,0.100,37
12807,tests/train_files/train_shallow_few_dominated_has_large_v03.simpl,5,1880.9524,0.100,37
12808,tests/train_files/train_shallow_few_dominated_has_medium_v01.simpl,5,884.6154,0.100,6
12809,tests/train_files/train_shallow_few_dominated_has_medium_v02.simpl,5,1272.7272,0.100,4
12810,tests/train_files/train_shallow_few_dominated_has_medium_v03.simpl,5,1300.0000,0.100,4
12811,tests/train_files/train_shallow_few_dominated_no_large_v01.simpl,5,2138.8889,0.100,35
12812,tests/train_files/train_shallow_few_dominated_no_large_v02.simpl,5,2062.5000,0.100,33
12813,tests/train_files/train_shallow_few_dominated_no_large_v03.simpl,5,2138.8889,0.100,35
12814,tests/train_files/train_shallow_few_dominated_no_medium_v01.simpl,5,600.0000,0.100,2
12815,tests/train_files/train_shallow_few_dominated_no_medium_v02.simpl,5,0.0000,0.100,0
12816,tests/train_files/train_shallow_few_dominated_no_medium_v03.simpl,5,583.3333,0.100,2
12817,tests/train_files/train_shallow_few_light_has_large_v01.simpl,5,2071.4287,0.100,41
12818,tests/train_files/train_shallow_few_light_has_large_v02.simpl,5,2311.1111,0.100,39
12819,tests/train_files/train_shallow_few_light_has_large_v03.simpl,5,2166.6667,0.100,39
12820,tests/train_files/train_shallow_few_light_has_medium_v01.simpl,5,1555.5555,0.100,6
12821,tests/train_files/train_shallow_few_light_has_medium_v02.simpl,5,1300.0000,0.100,4
12822,tests/train_files/train_shallow_few_light_has_medium_v03.simpl,5,800.0000,0.100,4
12823,tests/train_files/train_shallow_few_light_no_large_v01.simpl,5,2228.0703,0.100,37
12824,tests/train_files/train_shallow_few_light_no_large_v02.simpl,5,1666.6667,0.100,35
12825,tests/train_files/train_shallow_few_light_no_large_v03.simpl,5,1750.0000,0.100,37
12826,tests/train_files/train_shallow_few_light_no_medium_v01.simpl,5,600.0000,0.100,2
12827,tests/train_files/train_shallow_few_light_no_medium_v02.simpl,5,0.0000,0.100,0
12828,tests/train_files/train_shallow_few_light_no_medium_v03.simpl,5,600.0000,0.100,2
12829,tests/train_files/train_shallow_few_none_has_large_v01.simpl,5,2266.6667,0.100,43
12830,tests/train_files/train_shallow_few_none_has_large_v02.simpl,5,2388.8892,0.100,41
12831,tests/train_files/train_shallow_few_none_has_large_v03.simpl,5,2142.8572,0.100,41
12832,tests/train_files/train_shallow_few_none_has_medium_v01.simpl,5,1000.0000,0.100,6
12833,tests/train_files/train_shallow_few_none_has_medium_v02.simpl,5,1272.7272,0.100,4
12834,tests/train_files/train_shallow_few_none_has_medium_v03.simpl,5,633.3334,0.100,4
12835,tests/train_files/train_shallow_few_none_no_large_v01.simpl,5,2250.0000,0.100,39
12836,tests/train_files/train_shallow_few_none_no_large_v02.simpl,5,2055.5557,0.100,37
12837,tests/train_files/train_shallow_few_none_no_large_v03.simpl,5,2150.0000,0.100,39
12838,tests/train_files/train_shallow_few_none_no_medium_v01.simpl,5,1111.1111,0.100,2
12839,tests/train_files/train_shallow_few_none_no_medium_v02.simpl,5,0.0000,0.100,0
12840,tests/train_files/train_shallow_few_none_no_medium_v03.simpl,5,611.1111,0.100,2
12841,tests/train_files/train_shallow_many_dominated_has_large_v01.simpl,5,2778.4312,0.100,32
12842,tests/train_files/train_shallow_many_dominated_has_large_v02.simpl,5,2602.9412,0.100,29
12843,tests/train_files/train_shallow_many_dominated_has_large_v03.simpl,5,2527.7778,0.100,30
12844,tests/train_files/train_shallow_many_dominated_has_medium_v01.simpl,5,3064.1025,0.100,11
12845,tests/train_files/train_shallow_many_dominated_has_medium_v02.simpl,5,2392.8572,0.100,8
12846,tests/train_files/train_shallow_many_dominated_has_medium_v03.simpl,5,2142.8569,0.100,9
12847,tests/train_files/train_shallow_many_dominated_no_large_v01.simpl,5,3175.0000,0.100,31
12848,tests/train_files/train_shallow_many_dominated_no_large_v02.simpl,5,2333.3335,0.100,28
12849,tests/train_files/train_shallow_many_dominated_no_large_v03.simpl,5,2438.5967,0.100,29
12850,tests/train_files/train_shallow_many_dominated_no_medium_v01.simpl,5,2333.3333,0.100,10
12851,tests/train_files/train_shallow_many_dominated_no_medium_v02.simpl,5,1749.9999,0.100,7
12852,tests/train_files/train_shallow_many_dominated_no_medium_v03.simpl,5,1999.9999,0.100,8
12853,tests/train_files/train_shallow_many_light_has_large_v01.simpl,5,3364.7058,0.100,38
12854,tests/train_files/train_shallow_many_light_has_large_v02.simpl,5,2650.0000,0.100,35
12855,tests/train_files/train_shallow_many_light_has_large_v03.simpl,5,2900.0000,0.100,36
12856,tests/train_files/train_shallow_many_light_has_medium_v01.simpl,5,2522.7271,0.100,11
12857,tests/train_files/train_shallow_many_light_has_medium_v02.simpl,5,1903.8462,0.100,8
12858,tests/train_files/train_shallow_many_light_has_medium_v03.simpl,5,1853.8462,0.100,9
12859,tests/train_files/train_shallow_many_light_no_large_v01.simpl,5,3447.0586,0.100,37
12860,tests/train_files/train_shallow_many_light_no_large_v02.simpl,5,2750.0000,0.100,34
12861,tests/train_files/train_shallow_many_light_no_large_v03.simpl,5,2683.3335,0.100,35
12862,tests/train_files/train_shallow_many_light_no_medium_v01.simpl,5,2333.3333,0.100,10
12863,tests/train_files/train_shallow_many_light_no_medium_v02.simpl,5,2333.3333,0.100,7
12864,tests/train_files/train_shallow_many_light_no_medium_v03.simpl,5,1999.9999,0.100,8
12865,tests/train_files/train_shallow_many_none_has_large_v01.simpl,5,2900.0002,0.100,40
12866,tests/train_files/train_shallow_many_none_has_large_v02.simpl,5,2972.2222,0.100,37
12867,tests/train_files/train_shallow_many_none_has_large_v03.simpl,5,2950.0000,0.100,38
12868,tests/train_files/train_shallow_many_none_has_medium_v01.simpl,5,3520.8333,0.100,11
12869,tests/train_files/train_shallow_many_none_has_medium_v02.simpl,5,2333.3333,0.100,8
12870,tests/train_files/train_shallow_many_none_has_medium_v03.simpl,5,2666.6667,0.100,9
12871,tests/train_files/train_shallow_many_none_no_large_v01.simpl,5,3750.0000,0.100,39
12872,tests/train_files/train_shallow_many_none_no_large_v02.simpl,5,2777.7778,0.100,36
12873,tests/train_files/train_shallow_many_none_no_large_v03.simpl,5,2859.6492,0.100,37
12874,tests/train_files/train_shallow_many_none_no_medium_v01.simpl,5,3083.3333,0.100,10
12875,tests/train_files/train_shallow_many_none_no_medium_v02.simpl,5,1400.0000,0.100,7
12876,tests/train_files/train_shallow_many_none_no_medium_v03.simpl,5,2666.6667,0.100,8
12877,tests/train_files/train_shallow_none_dominated_no_large_v01.simpl,5,2624.9998,0.100,42
12878,tests/train_files/train_shallow_none_dominated_no_large_v02.simpl,5,2624.9998,0.100,42
12879,tests/train_files/train_shallow_none_dominated_no_large_v03.simpl,5,2333.3335,0.100,42
12880,tests/train_files/train_shallow_none_dominated_no_medium_v01.simpl,5,125.0000,0.100,1
12881,tests/train_files/train_shallow_none_dominated_no_medium_v02.simpl,5,142.8571,0.100,1
12882,tests/train_files/train_shallow_none_dominated_no_medium_v03.simpl,5,125.0000,0.100,1
12883,tests/train_files/train_shallow_none_none_no_large_v01.simpl,5,2470.5881,0.100,42
12884,tests/train_files/train_shallow_none_none_no_large_v02.simpl,5,2333.3335,0.100,42
12885,tests/train_files/train_shallow_none_none_no_large_v03.simpl,5,2210.5264,0.100,42
12886,tests/train_files/train_shallow_none_none_no_medium_v01.simpl,5,100.0000,0.100,1
12887,tests/train_files/train_shallow_none_none_no_medium_v02.simpl,5,111.1111,0.100,1
12888,tests/train_files/train_shallow_none_none_no_medium_v03.simpl,5,111.1111,0.100,1
12889,tests/train_files/train_shallow_none_none_no_tiny_v01.simpl,5,0.0000,0.100,0
12890,tests/train_files/train_shallow_none_none_no_tiny_v02.simpl,5,0.0000,0.100,0
12891,tests/train_files/train_shallow_none_none_no_tiny_v03.simpl,5,0.0000,0.100,0
12892,tests/train_files/train_deep_few_dominated_has_large_v01.simpl,5,1716.6666,0.100,32
12893,tests/train_files/train_deep_few_dominated_has_large_v02.simpl,5,1460.8695,0.100,30
12894,tests/train_files/train_deep_few_dominated_has_large_v03.simpl,5,1518.1819,0.100,30
12895,tests/train_files/train_deep_few_dominated_has_medium_v01.simpl,5,833.3333,0.100,6
12896,tests/train_files/train_deep_few_dominated_has_medium_v02.simpl,5,714.2856,0.100,4
12897,tests/train_files/train_deep_few_dominated_has_medium_v03.simpl,5,1187.4999,0.100,4
12898,tests/train_files/train_deep_few_dominated_no_large_v01.simpl,5,1535.7144,0.100,28
12899,tests/train_files/train_deep_few_dominated_no_large_v02.simpl,5,1238.0952,0.100,26
12900,tests/train_files/train_deep_few_dominated_no_large_v03.simpl,5,1452.3810,0.100,28
12901,tests/train_files/train_deep_few_dominated_no_medium_v01.simpl,5,388.8889,0.100,2
12902,tests/train_files/train_deep_few_dominated_no_medium_v02.simpl,5,0.0000,0.100,0
12903,tests/train_files/train_deep_few_dominated_no_medium_v03.simpl,5,550.0000,0.100,2
12904,tests/train_files/train_deep_few_light_has_large_v01.simpl,5,1850.0000,0.100,34
12905,tests/train_files/train_deep_few_light_has_large_v02.simpl,5,1750.0000,0.100,32
12906,tests/train_files/train_deep_few_light_has_large_v03.simpl,5,1609.0909,0.100,32
12907,tests/train_files/train_deep_few_light_has_medium_v01.simpl,5,833.3333,0.100,6
12908,tests/train_files/train_deep_few_light_has_medium_v02.simpl,5,714.2856,0.100,4
12909,tests/train_files/train_deep_few_light_has_medium_v03.simpl,5,700.0000,0.100,4
12910,tests/train_files/train_deep_few_light_no_large_v01.simpl,5,1630.9524,0.100,30
12911,tests/train_files/train_deep_few_light_no_large_v02.simpl,5,1272.7273,0.100,28
12912,tests/train_files/train_deep_few_light_no_large_v03.simpl,5,1410.0000,0.100,30
12913,tests/train_files/train_deep_few_light_no_medium_v01.simpl,5,404.7619,0.100,2
12914,tests/train_files/train_deep_few_light_no_medium_v02.simpl,5,0.0000,0.100,0
12915,tests/train_files/train_deep_few_light_no_medium_v03.simpl,5,566.6666,0.100,2
12916,tests/train_files/train_deep_few_none_has_large_v01.simpl,5,1790.9091,0.100,36
12917,tests/train_files/train_deep_few_none_has_large_v02.simpl,5,1850.0000,0.100,34
12918,tests/train_files/train_deep_few_none_has_large_v03.simpl,5,1469.2307,0.100,34
12919,tests/train_files/train_deep_few_none_has_medium_v01.simpl,5,833.3333,0.100,6
12920,tests/train_files/train_deep_few_none_has_medium_v02.simpl,5,700.0000,0.100,4
12921,tests/train_files/train_deep_few_none_has_medium_v03.simpl,5,700.0000,0.100,4
12922,tests/train_files/train_deep_few_none_no_large_v01.simpl,5,1490.0000,0.100,32
12923,tests/train_files/train_deep_few_none_no_large_v02.simpl,5,1363.6364,0.100,30
12924,tests/train_files/train_deep_few_none_no_large_v03.simpl,5,1659.0909,0.100,32
12925,tests/train_files/train_deep_few_none_no_medium_v01.simpl,5,562.4999,0.100,2
12926,tests/train_files/train_deep_few_none_no_medium_v02.simpl,5,0.0000,0.100,0
12927,tests/train_files/train_deep_few_none_no_medium_v03.simpl,5,392.1569,0.100,2
12928,tests/train_files/train_deep_many_dominated_has_large_v01.simpl,5,2459.5239,0.100,25
12929,tests/train_files/train_deep_many_dominated_has_large_v02.simpl,5,1928.5714,0.100,22
12930,tests/train_files/train_deep_many_dominated_has_large_v03.simpl,5,2011.9048,0.100,23
12931,tests/train_files/train_deep_many_dominated_has_medium_v01.simpl,5,2252.9412,0.100,14
12932,tests/train_files/train_deep_many_dominated_has_medium_v02.simpl,5,1722.2222,0.100,10
12933,tests/train_files/train_deep_many_dominated_has_medium_v03.simpl,5,1922.2222,0.100,11
12934,tests/train_files/train_deep_many_dominated_no_large_v01.simpl,5,2250.0000,0.100,24
12935,tests/train_files/train_deep_many_dominated_no_large_v02.simpl,5,1803.0303,0.100,21
12936,tests/train_files/train_deep_many_dominated_no_large_v03.simpl,5,2266.6667,0.100,22
12937,tests/train_files/train_deep_many_dominated_no_medium_v01.simpl,5,2308.8235,0.100,10
12938,tests/train_files/train_deep_many_dominated_no_medium_v02.simpl,5,1400.0000,0.100,7
12939,tests/train_files/train_deep_many_dominated_no_medium_v03.simpl,5,1600.0000,0.100,8
12940,tests/train_files/train_deep_many_light_has_large_v01.simpl,5,2400.0000,0.100,31
12941,tests/train_files/train_deep_many_light_has_large_v02.simpl,5,2206.5217,0.100,28
12942,tests/train_files/train_deep_many_light_has_large_v03.simpl,5,2063.6646,0.100,29
12943,tests/train_files/train_deep_many_light_has_medium_v01.simpl,5,2602.9409,0.100,14
12944,tests/train_files/train_deep_many_light_has_medium_v02.simpl,5,1972.2222,0.100,10
12945,tests/train_files/train_deep_many_light_has_medium_v03.simpl,5,1910.5264,0.100,11
12946,tests/train_files/train_deep_many_light_no_large_v01.simpl,5,2550.0000,0.100,30
12947,tests/train_files/train_deep_many_light_no_large_v02.simpl,5,2036.2318,0.100,27
12948,tests/train_files/train_deep_many_light_no_large_v03.simpl,5,2469.5652,0.100,28
12949,tests/train_files/train_deep_many_light_no_medium_v01.simpl,5,2312.5000,0.100,10
12950,tests/train_files/train_deep_many_light_no_medium_v02.simpl,5,1400.0000,0.100,7
12951,tests/train_files/train_deep_many_light_no_medium_v03.simpl,5,1600.0000,0.100,8
12952,tests/train_files/train_deep_many_none_has_large_v01.simpl,5,2607.1428,0.100,33
12953,tests/train_files/train_deep_many_none_has_large_v02.simpl,5,2043.3333,0.100,30
12954,tests/train_files/train_deep_many_none_has_large_v03.simpl,5,2340.9092,0.100,31
12955,tests/train_files/train_deep_many_none_has_medium_v01.simpl,5,2458.3333,0.100,14
12956,tests/train_files/train_deep_many_none_has_medium_v02.simpl,5,1985.2941,0.100,10
12957,tests/train_files/train_deep_many_none_has_medium_v03.simpl,5,1922.2222,0.100,11
12958,tests/train_files/train_deep_many_none_no_large_v01.simpl,5,2895.2383,0.100,32
12959,tests/train_files/train_deep_many_none_no_large_v02.simpl,5,2246.1538,0.100,29
12960,tests/train_files/train_deep_many_none_no_large_v03.simpl,5,2556.5217,0.100,30
12961,tests/train_files/train_deep_many_none_no_medium_v01.simpl,5,1852.6316,0.100,10
12962,tests/train_files/train_deep_many_none_no_medium_v02.simpl,5,1749.9999,0.100,7
12963,tests/train_files/train_deep_many_none_no_medium_v03.simpl,5,1999.9999,0.100,8
12964,tests/train_files/train_deep_none_dominated_no_large_v01.simpl,5,1750.0000,0.100,35
12965,tests/train_files/train_deep_none_dominated_no_large_v02.simpl,5,2058.8235,0.100,35
12966,tests/train_files/train_deep_none_dominated_no_large_v03.simpl,5,1458.3334,0.100,35
12967,tests/train_files/train_deep_none_dominated_no_medium_v01.simpl,5,90.9091,0.100,1
12968,tests/train_files/train_deep_none_dominated_no_medium_v02.simpl,5,90.9091,0.100,1
12969,tests/train_files/train_deep_none_dominated_no_medium_v03.simpl,5,100.0000,0.100,1
12970,tests/train_files/train_deep_none_none_no_large_v01.simpl,5,1666.6667,0.100,35
12971,tests/train_files/train_deep_none_none_no_large_v02.simpl,5,1750.0000,0.100,35
12972,tests/train_files/train_deep_none_none_no_large_v03.simpl,5,1400.0000,0.100,35
12973,tests/train_files/train_deep_none_none_no_medium_v01.simpl,5,0.0000,0.100,0
12974,tests/train_files/train_deep_none_none_no_medium_v02.simpl,5,0.0000,0.100,0
12975,tests/train_files/train_deep_none_none_no_medium_v03.simpl,5,0.0000,0.100,0
12976,tests/train_files/train_none_few_dominated_has_large_v01.simpl,5,4282.0513,0.100,51
12977,tests/train_files/train_none_few_dominated_has_large_v02.simpl,5,3928.5713,0.100,51
12978,tests/train_files/train_none_few_dominated_has_large_v03.simpl,5,4488.0952,0.100,51
12979,tests/train_files/train_none_few_dominated_has_medium_v01.simpl,5,4333.3330,0.100,11
12980,tests/train_files/train_none_few_dominated_has_medium_v02.simpl,5,6333.3330,0.100,11
12981,tests/train_files/train_none_few_dominated_has_medium_v03.simpl,5,5749.9995,0.100,11
12982,tests/train_files/train_none_few_dominated_no_large_v01.simpl,5,3336.1343,0.100,51
12983,tests/train_files/train_none_few_dominated_no_large_v02.simpl,5,4214.2856,0.100,53
12984,tests/train_files/train_none_few_dominated_no_large_v03.simpl,5,4186.8130,0.100,51
12985,tests/train_files/train_none_few_dominated_no_medium_v01.simpl,5,3749.9998,0.100,11
12986,tests/train_files/train_none_few_dominated_no_medium_v02.simpl,5,6499.9995,0.100,13
12987,tests/train_files/train_none_few_dominated_no_medium_v03.simpl,5,3749.9998,0.100,11
12988,tests/train_files/train_none_few_light_has_large_v01.simpl,5,4340.6592,0.100,53
12989,tests/train_files/train_none_few_light_has_large_v02.simpl,5,4071.4285,0.100,53
12990,tests/train_files/train_none_few_light_has_large_v03.simpl,5,4340.6592,0.100,53
12991,tests/train_files/train_none_few_light_has_medium_v01.simpl,5,6666.6665,0.100,12
12992,tests/train_files/train_none_few_light_has_medium_v02.simpl,5,4666.6665,0.100,12
12993,tests/train_files/train_none_few_light_has_medium_v03.simpl,5,5999.9995,0.100,12
12994,tests/train_files/train_none_few_light_has_tiny_v01.simpl,5,4777.7773,0.100,11
12995,tests/train_files/train_none_few_light_has_tiny_v02.simpl,5,3749.9998,0.100,11
12996,tests/train_files/train_none_few_light_has_tiny_v03.simpl,5,6333.3330,0.100,11
12997,tests/train_files/train_none_few_light_no_large_v01.simpl,5,4654.7617,0.100,53
12998,tests/train_files/train_none_few_light_no_large_v02.simpl,5,4519.2305,0.100,55
12999,tests/train_files/train_none_few_light_no_large_v03.simpl,5,4750.0000,0.100,53
13000,tests/train_files/train_none_few_light_no_medium_v01.simpl,5,3999.9998,0.100,12
13001,tests/train_files/train_none_few_light_no_medium_v02.simpl,5,4999.9995,0.100,14
13002,tests/train_files/train_none_few_light_no_medium_v03.simpl,5,3600.0000,0.100,12
13003,tests/train_files/train_none_few_light_no_tiny_v01.simpl,5,3749.9998,0.100,11
13004,tests/train_files/train_none_few_light_no_tiny_v02.simpl,5,4333.3330,0.100,13
13005,tests/train_files/train_none_few_light_no_tiny_v03.simpl,5,4777.7773,0.100,11
13006,tests/train_files/train_none_few_none_has_large_v01.simpl,5,4423.0767,0.100,55
13007,tests/train_files/train_none_few_none_has_large_v02.simpl,5,4214.2856,0.100,55
13008,tests/train_files/train_none_few_none_has_large_v03.simpl,5,4214.2856,0.100,55
13009,tests/train_files/train_none_few_none_has_medium_v01.simpl,5,4500.0000,0.100,14
13010,tests/train_files/train_none_few_none_has_medium_v02.simpl,5,4500.0000,0.100,14
13011,tests/train_files/train_none_few_none_has_medium_v03.simpl,5,5333.3330,0.100,14
13012,tests/train_files/train_none_few_none_has_tiny_v01.simpl,5,4333.3330,0.100,11
13013,tests/train_files/train_none_few_none_has_tiny_v02.simpl,5,6333.3330,0.100,11
13014,tests/train_files/train_none_few_none_has_tiny_v03.simpl,5,6333.3330,0.100,11
13015,tests/train_files/train_none_few_none_no_large_v01.simpl,5,3499.9998,0.100,55
13016,tests/train_files/train_none_few_none_no_large_v02.simpl,5,3541.3535,0.100,57
13017,tests/train_files/train_none_few_none_no_large_v03.simpl,5,4214.2856,0.100,55
13018,tests/train_files/train_none_few_none_no_medium_v01.simpl,5,5333.3330,0.100,14
13019,tests/train_files/train_none_few_none_no_medium_v02.simpl,5,5500.0000,0.100,16
13020,tests/train_files/train_none_few_none_no_medium_v03.simpl,5,4500.0000,0.100,14
13021,tests/train_files/train_none_few_none_no_tiny_v01.simpl,5,5749.9995,0.100,11
13022,tests/train_files/train_none_few_none_no_tiny_v02.simpl,5,8333.3330,0.100,13
13023,tests/train_files/train_none_few_none_no_tiny_v03.simpl,5,5499.9995,0.100,11
13024,tests/train_files/train_none_many_dominated_has_large_v01.simpl,5,3700.0000,0.100,48
13025,tests/train_files/train_none_many_dominated_has_large_v02.simpl,5,4641.0254,0.100,51
13026,tests/train_files/train_none_many_dominated_has_large_v03.simpl,5,4783.3330,0.100,49
13027,tests/train_files/train_none_many_dominated_has_medium_v01.simpl,5,5500.0000,0.100,20
13028,tests/train_files/train_none_many_dominated_has_medium_v02.simpl,5,7000.0000,0.100,23
13029,tests/train_files/train_none_many_dominated_has_medium_v03.simpl,5,4874.9995,0.100,21
13030,tests/train_files/train_none_many_dominated_no_large_v01.simpl,5,4250.0000,0.100,47
13031,tests/train_files/train_none_many_dominated_no_large_v02.simpl,5,4983.3330,0.100,50
13032,tests/train_files/train_none_many_dominated_no_large_v03.simpl,5,4909.0908,0.100,48
13033,tests/train_files/train_none_many_dominated_no_medium_v01.simpl,5,5666.6665,0.100,19
13034,tests/train_files/train_none_many_dominated_no_medium_v02.simpl,5,6500.0000,0.100,22
13035,tests/train_files/train_none_many_dominated_no_medium_v03.simpl,5,5500.0000,0.100,20
13036,tests/train_files/train_none_many_light_has_large_v01.simpl,5,4125.0000,0.100,54
13037,tests/train_files/train_none_many_light_has_large_v02.simpl,5,4266.6665,0.100,57
13038,tests/train_files/train_none_many_light_has_large_v03.simpl,5,4769.2305,0.100,55
13039,tests/train_files/train_none_many_light_has_medium_v01.simpl,5,8750.0000,0.100,20
13040,tests/train_files/train_none_many_light_has_medium_v02.simpl,5,7000.0000,0.100,23
13041,tests/train_files/train_none_many_light_has_medium_v03.simpl,5,4666.6665,0.100,21
13042,tests/train_files/train_none_many_light_no_large_v01.simpl,5,3838.0952,0.100,53
13043,tests/train_files/train_none_many_light_no_large_v02.simpl,5,5083.3330,0.100,56
13044,tests/train_files/train_none_many_light_no_large_v03.simpl,5,4602.5640,0.100,54
13045,tests/train_files/train_none_many_light_no_medium_v01.simpl,5,3000.0000,0.100,19
13046,tests/train_files/train_none_many_light_no_medium_v02.simpl,5,6500.0000,0.100,22
13047,tests/train_files/train_none_many_light_no_medium_v03.simpl,5,5500.0000,0.100,20
13048,tests/train_files/train_none_many_none_has_large_v01.simpl,5,4548.0771,0.100,56
13049,tests/train_files/train_none_many_none_has_large_v02.simpl,5,4642.8569,0.100,59
13050,tests/train_files/train_none_many_none_has_large_v03.simpl,5,4780.2197,0.100,57
13051,tests/train_files/train_none_many_none_has_medium_v01.simpl,5,6250.0000,0.100,20
13052,tests/train_files/train_none_many_none_has_medium_v02.simpl,5,7749.9995,0.100,23
13053,tests/train_files/train_none_many_none_has_medium_v03.simpl,5,9000.0000,0.100,21
13054,tests/train_files/train_none_many_none_no_large_v01.simpl,5,4214.2856,0.100,55
13055,tests/train_files/train_none_many_none_no_large_v02.simpl,5,4923.0767,0.100,58
13056,tests/train_files/train_none_many_none_no_large_v03.simpl,5,4756.4102,0.100,56
13057,tests/train_files/train_none_many_none_no_medium_v01.simpl,5,7749.9995,0.100,19
13058,tests/train_files/train_none_many_none_no_medium_v02.simpl,5,5333.3330,0.100,22
13059,tests/train_files/train_none_many_none_no_medium_v03.simpl,5,8000.0000,0.100,20
13060,tests/train_files/train_none_none_dominated_no_large_v01.simpl,5,3500.0000,0.100,49
13061,tests/train_files/train_none_none_dominated_no_large_v02.simpl,5,3769.2307,0.100,49
13062,tests/train_files/train_none_none_dominated_no_large_v03.simpl,5,3500.0000,0.100,49
13063,tests/train_files/train_none_none_dominated_no_medium_v01.simpl,5,1999.9999,0.100,8
13064,tests/train_files/train_none_none_dominated_no_medium_v02.simpl,5,1999.9999,0.100,8
13065,tests/train_files/train_none_none_dominated_no_medium_v03.simpl,5,2666.6667,0.100,8
13066,tests/train_files/train_none_none_dominated_no_tiny_v01.simpl,5,500.0000,0.100,1
13067,tests/train_files/train_none_none_dominated_no_tiny_v02.simpl,5,500.0000,0.100,1
13068,tests/train_files/train_none_none_dominated_no_tiny_v03.simpl,5,500.0000,0.100,1
13069,tests/train_files/train_none_none_none_no_large_v01.simpl,5,3409.5239,0.100,50
13070,tests/train_files/train_none_none_none_no_large_v02.simpl,5,3912.0879,0.100,50
13071,tests/train_files/train_none_none_none_no_large_v03.simpl,5,3025.2100,0.100,50
13072,tests/train_files/train_none_none_none_no_medium_v01.simpl,5,3666.6667,0.100,9
13073,tests/train_files/train_none_none_none_no_medium_v02.simpl,5,3666.6667,0.100,9
13074,tests/train_files/train_none_none_none_no_medium_v03.simpl,5,2999.9998,0.100,9
13075,tests/train_files/train_none_none_none_no_tiny_v01.simpl,5,1499.9999,0.100,2
13076,tests/train_files/train_none_none_none_no_tiny_v02.simpl,5,1499.9999,0.100,2
13077,tests/train_files/train_none_none_none_no_tiny_v03.simpl,5,1499.9999,0.100,2
13078,tests/train_files/train_shallow_few_dominated_has_large_v01.simpl,5,2100.0000,0.100,39
13079,tests/train_files/train_shallow_few_dominated_has_large_v02.simpl,5,2450.0000,0.100,37
13080,tests/train_files/train_shallow_few_dominated_has_large_v03.simpl,5,2317.6470,0.100,37
13081,tests/train_files/train_shallow_few_dominated_has_medium_v01.simpl,5,1454.5454,0.100,6
13082,tests/train_files/train_shallow_few_dominated_has_medium_v02.simpl,5,800.0000,0.100,4
13083,tests/train_files/train_shallow_few_dominated_has_medium_v03.simpl,5,1300.0000,0.100,4
13084,tests/train_files/train_shallow_few_dominated_no_large_v01.simpl,5,1795.4546,0.100,35
13085,tests/train_files/train_shallow_few_dominated_no_large_v02.simpl,5,1833.3334,0.100,33
13086,tests/train_files/train_shallow_few_dominated_no_large_v03.simpl,5,1950.0000,0.100,35
13087,tests/train_files/train_shallow_few_dominated_no_medium_v01.simpl,5,433.3333,0.100,2
13088,tests/train_files/train_shallow_few_dominated_no_medium_v02.simpl,5,0.0000,0.100,0
13089,tests/train_files/train_shallow_few_dominated_no_medium_v03.simpl,5,600.0000,0.100,2
13090,tests/train_files/train_shallow_few_light_has_large_v01.simpl,5,2104.7620,0.100,41
13091,tests/train_files/train_shallow_few_light_has_large_v02.simpl,5,2575.0000,0.100,39
13092,tests/train_files/train_shallow_few_light_has_large_v03.simpl,5,2100.0000,0.100,39
13093,tests/train_files/train_shallow_few_light_has_medium_v01.simpl,5,1000.0000,0.100,6
13094,tests/train_files/train_shallow_few_light_has_medium_v02.simpl,5,833.3333,0.100,4
13095,tests/train_files/train_shallow_few_light_has_medium_v03.simpl,5,1300.0000,0.100,4
13096,tests/train_files/train_shallow_few_light_no_large_v01.simpl,5,2250.0000,0.100,37
13097,tests/train_files/train_shallow_few_light_no_large_v02.simpl,5,1842.1053,0.100,35
13098,tests/train_files/train_shallow_few_light_no_large_v03.simpl,5,2144.7368,0.100,37
13099,tests/train_files/train_shallow_few_light_no_medium_v01.simpl,5,1090.9091,0.100,2
13100,tests/train_files/train_shallow_few_light_no_medium_v02.simpl,5,0.0000,0.100,0
13101,tests/train_files/train_shallow_few_light_no_medium_v03.simpl,5,1111.1111,0.100,2
13102,tests/train_files/train_shallow_few_none_has_large_v01.simpl,5,2300.0000,0.100,43
13103,tests/train_files/train_shallow_few_none_has_large_v02.simpl,5,2422.2224,0.100,41
13104,tests/train_files/train_shallow_few_none_has_large_v03.simpl,5,2071.4287,0.100,41
13105,tests/train_files/train_shallow_few_none_has_medium_v01.simpl,5,1555.5555,0.100,6
13106,tests/train_files/train_shallow_few_none_has_medium_v02.simpl,5,547.6190,0.100,4
13107,tests/train_files/train_shallow_few_none_has_medium_v03.simpl,5,800.0000,0.100,4
13108,tests/train_files/train_shallow_few_none_no_large_v01.simpl,5,2361.1111,0.100,39
13109,tests/train_files/train_shallow_few_none_no_large_v02.simpl,5,2055.5557,0.100,37
13110,tests/train_files/train_shallow_few_none_no_large_v03.simpl,5,2311.1111,0.100,39
13111,tests/train_files/train_shallow_few_none_no_medium_v01.simpl,5,566.6666,0.100,2
13112,tests/train_files/train_shallow_few_none_no_medium_v02.simpl,5,0.0000,0.100,0
13113,tests/train_files/train_shallow_few_none_no_medium_v03.simpl,5,611.1111,0.100,2
13114,tests/train_files/train_shallow_many_dominated_has_large_v01.simpl,5,2750.0000,0.100,32
13115,tests/train_files/train_shallow_many_dominated_has_large_v02.simpl,5,2436.2744,0.100,29
13116,tests/train_files/train_shallow_many_dominated_has_large_v03.simpl,5,2460.5264,0.100,30
13117,tests/train_files/train_shallow_many_dominated_has_medium_v01.simpl,5,2980.7690,0.100,11
13118,tests/train_files/train_shallow_many_dominated_has_medium_v02.simpl,5,1903.8462,0.100,8
13119,tests/train_files/train_shallow_many_dominated_has_medium_v03.simpl,5,2653.8459,0.100,9
13120,tests/train_files/train_shallow_many_dominated_no_large_v01.simpl,5,2875.0000,0.100,31
13121,tests/train_files/train_shallow_many_dominated_no_large_v02.simpl,5,2566.6667,0.100,28
13122,tests/train_files/train_shallow_many_dominated_no_large_v03.simpl,5,2766.6667,0.100,29
13123,tests/train_files/train_shallow_many_dominated_no_medium_v01.simpl,5,2333.3333,0.100,10
13124,tests/train_files/train_shallow_many_dominated_no_medium_v02.simpl,5,1749.9999,0.100,7
13125,tests/train_files/train_shallow_many_dominated_no_medium_v03.simpl,5,1999.9999,0.100,8
13126,tests/train_files/train_shallow_many_light_has_large_v01.simpl,5,3316.6667,0.100,38
13127,tests/train_files/train_shallow_many_light_has_large_v02.simpl,5,2700.0000,0.100,35
13128,tests/train_files/train_shallow_many_light_has_large_v03.simpl,5,2726.3159,0.100,36
13129,tests/train_files/train_shallow_many_light_has_medium_v01.simpl,5,3583.3333,0.100,11
13130,tests/train_files/train_shallow_many_light_has_medium_v02.simpl,5,2320.5127,0.100,8
13131,tests/train_files/train_shallow_many_light_has_medium_v03.simpl,5,3166.6667,0.100,9
13132,tests/train_files/train_shallow_many_light_no_large_v01.simpl,5,2973.6841,0.100,37
13133,tests/train_files/train_shallow_many_light_no_large_v02.simpl,5,2821.0527,0.100,34
13134,tests/train_files/train_shallow_many_light_no_large_v03.simpl,5,3021.0527,0.100,35
13135,tests/train_files/train_shallow_many_light_no_medium_v01.simpl,5,2321.4285,0.100,10
13136,tests/train_files/train_shallow_many_light_no_medium_v02.simpl,5,1749.9999,0.100,7
13137,tests/train_files/train_shallow_many_light_no_medium_v03.simpl,5,2666.6667,0.100,8
13138,tests/train_files/train_shallow_many_none_has_large_v01.simpl,5,3284.2104,0.100,40
13139,tests/train_files/train_shallow_many_none_has_large_v02.simpl,5,2755.5557,0.100,37
13140,tests/train_files/train_shallow_many_none_has_large_v03.simpl,5,2950.0000,0.100,38
13141,tests/train_files/train_shallow_many_none_has_medium_v01.simpl,5,3564.1025,0.100,11
13142,tests/train_files/train_shallow_many_none_has_medium_v02.simpl,5,2142.8572,0.100,8
13143,tests/train_files/train_shallow_many_none_has_medium_v03.simpl,5,3153.8462,0.100,9
13144,tests/train_files/train_shallow_many_none_no_large_v01.simpl,5,3466.6667,0.100,39
13145,tests/train_files/train_shallow_many_none_no_large_v02.simpl,5,3011.1113,0.100,36
13146,tests/train_files/train_shallow_many_none_no_large_v03.simpl,5,3211.1113,0.100,37
13147,tests/train_files/train_shallow_many_none_no_medium_v01.simpl,5,3090.9092,0.100,10
13148,tests/train_files/train_shallow_many_none_no_medium_v02.simpl,5,1749.9999,0.100,7
13149,tests/train_files/train_shallow_many_none_no_medium_v03.simpl,5,1999.9999,0.100,8
13150,tests/train_files/train_shallow_none_dominated_no_large_v01.simpl,5,2470.5881,0.100,42
13151,tests/train_files/train_shallow_none_dominated_no_large_v02.simpl,5,2333.3335,0.100,42
13152,tests/train_files/train_shallow_none_dominated_no_large_v03.simpl,5,2000.0000,0.100,42
13153,tests/train_files/train_shallow_none_dominated_no_medium_v01.simpl,5,142.8571,0.100,1
13154,tests/train_files/train_shallow_none_dominated_no_medium_v02.simpl,5,142.8571,0.100,1
13155,tests/train_files/train_shallow_none_dominated_no_medium_v03.simpl,5,100.0000,0.100,1
13156,tests/train_files/train_shallow_none_none_no_large_v01.simpl,5,2333.3335,0.100,42
13157,tests/train_files/train_shallow_none_none_no_large_v02.simpl,5,2470.5881,0.100,42
13158,tests/train_files/train_shallow_none_none_no_large_v03.simpl,5,1909.0909,0.100,42
13159,tests/train_files/train_shallow_none_none_no_medium_v01.simpl,5,125.0000,0.100,1
13160,tests/train_files/train_shallow_none_none_no_medium_v02.simpl,5,111.1111,0.100,1
13161,tests/train_files/train_shallow_none_none_no_medium_v03.simpl,5,125.0000,0.100,1
13162,tests/train_files/train_shallow_none_none_no_tiny_v01.simpl,5,0.0000,0.100,0
13163,tests/train_files/train_shallow_none_none_no_tiny_v02.simpl,5,0.0000,0.100,0
13164,tests/train_files/train_shallow_none_none_no_tiny_v03.simpl,5,0.0000,0.100,0
13165,tests/train_files/train_deep_few_dominated_has_large_v01.simpl,5,1676.1906,0.100,32
13166,tests/train_files/train_deep_few_dominated_has_large_v02.simpl,5,1580.9524,0.100,30
13167,tests/train_files/train_deep_few_dominated_has_large_v03.simpl,5,1630.9524,0.100,30
13168,tests/train_files/train_deep_few_dominated_has_medium_v01.simpl,5,812.5000,0.100,6
13169,tests/train_files/train_deep_few_dominated_has_medium_v02.simpl,5,714.2856,0.100,4
13170,tests/train_files/train_deep_few_dominated_has_medium_v03.simpl,5,700.0000,0.100,4
13171,tests/train_files/train_deep_few_dominated_no_large_v01.simpl,5,1600.0000,0.100,28
13172,tests/train_files/train_deep_few_dominated_no_large_v02.simpl,5,1238.0952,0.100,26
13173,tests/train_files/train_deep_few_dominated_no_large_v03.simpl,5,1373.9131,0.100,28
13174,tests/train_files/train_deep_few_dominated_no_medium_v01.simpl,5,566.6666,0.100,2
13175,tests/train_files/train_deep_few_dominated_no_medium_v02.simpl,5,0.0000,0.100,0
13176,tests/train_files/train_deep_few_dominated_no_medium_v03.simpl,5,562.4999,0.100,2
13177,tests/train_files/train_deep_few_light_has_large_v01.simpl,5,1771.4286,0.100,34
13178,tests/train_files/train_deep_few_light_has_large_v02.simpl,5,1541.6666,0.100,32
13179,tests/train_files/train_deep_few_light_has_large_v03.simpl,5,1609.0909,0.100,32
13180,tests/train_files/train_deep_few_light_has_medium_v01.simpl,5,1312.5000,0.100,6
13181,tests/train_files/train_deep_few_light_has_medium_v02.simpl,5,687.4999,0.100,4
13182,tests/train_files/train_deep_few_light_has_medium_v03.simpl,5,700.0000,0.100,4
13183,tests/train_files/train_deep_few_light_no_large_v01.simpl,5,1568.1819,0.100,30
13184,tests/train_files/train_deep_few_light_no_large_v02.simpl,5,1272.7273,0.100,28
13185,tests/train_files/train_deep_few_light_no_large_v03.simpl,5,1518.1819,0.100,30
13186,tests/train_files/train_deep_few_light_no_medium_v01.simpl,5,566.6666,0.100,2
13187,tests/train_files/train_deep_few_light_no_medium_v02.simpl,5,0.0000,0.100,0
13188,tests/train_files/train_deep_few_light_no_medium_v03.simpl,5,400.0000,0.100,2
13189,tests/train_files/train_deep_few_none_has_large_v01.simpl,5,1950.0000,0.100,36
13190,tests/train_files/train_deep_few_none_has_large_v02.simpl,5,1900.0000,0.100,34
13191,tests/train_files/train_deep_few_none_has_large_v03.simpl,5,1575.0000,0.100,34
13192,tests/train_files/train_deep_few_none_has_medium_v01.simpl,5,884.6154,0.100,6
13193,tests/train_files/train_deep_few_none_has_medium_v02.simpl,5,533.3334,0.100,4
13194,tests/train_files/train_deep_few_none_has_medium_v03.simpl,5,657.8947,0.100,4
13195,tests/train_files/train_deep_few_none_no_large_v01.simpl,5,1442.3076,0.100,32
13196,tests/train_files/train_deep_few_none_no_large_v02.simpl,5,1304.3478,0.100,30
13197,tests/train_files/train_deep_few_none_no_large_v03.simpl,5,1597.8260,0.100,32
13198,tests/train_files/train_deep_few_none_no_medium_v01.simpl,5,383.3333,0.100,2
13199,tests/train_files/train_deep_few_none_no_medium_v02.simpl,5,0.0000,0.100,0
13200,tests/train_files/train_deep_few_none_no_medium_v03.simpl,5,558.8235,0.100,2
13201,tests/train_files/train_deep_many_dominated_has_large_v01.simpl,5,2266.6665,0.100,25
13202,tests/train_files/train_deep_many_dominated_has_large_v02.simpl,5,1928.5714,0.100,22
13203,tests/train_files/train_deep_many_dominated_has_large_v03.simpl,5,2260.6060,0.100,23
13204,tests/train_files/train_deep_many_dominated_has_medium_v01.simpl,5,2252.9412,0.100,14
13205,tests/train_files/train_deep_many_dominated_has_medium_v02.simpl,5,1533.3333,0.100,10
13206,tests/train_files/train_deep_many_dominated_has_medium_v03.simpl,5,1710.5264,0.100,11
13207,tests/train_files/train_deep_many_dominated_no_large_v01.simpl,5,2181.8181,0.100,24
13208,tests/train_files/train_deep_many_dominated_no_large_v02.simpl,5,1803.0303,0.100,21
13209,tests/train_files/train_deep_many_dominated_no_large_v03.simpl,5,2000.0000,0.100,22
13210,tests/train_files/train_deep_many_dominated_no_medium_v01.simpl,5,1852.6316,0.100,10
13211,tests/train_files/train_deep_many_dominated_no_medium_v02.simpl,5,1749.9999,0.100,7
13212,tests/train_files/train_deep_many_dominated_no_medium_v03.simpl,5,1333.3334,0.100,8
13213,tests/train_files/train_deep_many_light_has_large_v01.simpl,5,2750.0000,0.100,31
13214,tests/train_files/train_deep_many_light_has_large_v02.simpl,5,2039.8550,0.100,28
13215,tests/train_files/train_deep_many_light_has_large_v03.simpl,5,1983.3334,0.100,29
13216,tests/train_files/train_deep_many_light_has_medium_v01.simpl,5,2019.6078,0.100,14
13217,tests/train_files/train_deep_many_light_has_medium_v02.simpl,5,1722.2222,0.100,10
13218,tests/train_files/train_deep_many_light_has_medium_v03.simpl,5,1710.5264,0.100,11
13219,tests/train_files/train_deep_many_light_no_large_v01.simpl,5,2800.0000,0.100,30
13220,tests/train_files/train_deep_many_light_no_large_v02.simpl,5,2309.0908,0.100,27
13221,tests/train_files/train_deep_many_light_no_large_v03.simpl,5,2433.3333,0.100,28
13222,tests/train_files/train_deep_many_light_no_medium_v01.simpl,5,2308.8235,0.100,10
13223,tests/train_files/train_deep_many_light_no_medium_v02.simpl,5,1166.6666,0.100,7
13224,tests/train_files/train_deep_many_light_no_medium_v03.simpl,5,1600.0000,0.100,8
13225,tests/train_files/train_deep_many_none_has_large_v01.simpl,5,2736.9565,0.100,33
13226,tests/train_files/train_deep_many_none_has_large_v02.simpl,5,2340.9092,0.100,30
13227,tests/train_files/train_deep_many_none_has_large_v03.simpl,5,2338.8889,0.100,31
13228,tests/train_files/train_deep_many_none_has_medium_v01.simpl,5,2624.9998,0.100,14
13229,tests/train_files/train_deep_many_none_has_medium_v02.simpl,5,1722.2222,0.100,10
13230,tests/train_files/train_deep_many_none_has_medium_v03.simpl,5,2435.2942,0.100,11
13231,tests/train_files/train_deep_many_none_no_large_v01.simpl,5,2595.2383,0.100,32
13232,tests/train_files/train_deep_many_none_no_large_v02.simpl,5,2083.3333,0.100,29
13233,tests/train_files/train_deep_many_none_no_large_v03.simpl,5,2446.1538,0.100,30
13234,tests/train_files/train_deep_many_none_no_medium_v01.simpl,5,2312.5000,0.100,10
13235,tests/train_files/train_deep_many_none_no_medium_v02.simpl,5,1749.9999,0.100,7
13236,tests/train_files/train_deep_many_none_no_medium_v03.simpl,5,1999.9999,0.100,8
13237,tests/train_files/train_deep_none_dominated_no_large_v01.simpl,5,1944.4446,0.100,35
13238,tests/train_files/train_deep_none_dominated_no_large_v02.simpl,5,1842.1053,0.100,35
13239,tests/train_files/train_deep_none_dominated_no_large_v03.simpl,5,1842.1053,0.100,35
13240,tests/train_files/train_deep_none_dominated_no_medium_v01.simpl,5,83.3333,0.100,1
13241,tests/train_files/train_deep_none_dominated_no_medium_v02.simpl,5,76.9231,0.100,1
13242,tests/train_files/train_deep_none_dominated_no_medium_v03.simpl,5,66.6667,0.100,1
13243,tests/train_files/train_deep_none_none_no_large_v01.simpl,5,1750.0000,0.100,35
13244,tests/train_files/train_deep_none_none_no_large_v02.simpl,5,1842.1053,0.100,35
13245,tests/train_files/train_deep_none_none_no_large_v03.simpl,5,1666.6667,0.100,35
13246,tests/train_files/train_deep_none_none_no_medium_v01.simpl,5,0.0000,0.100,0
13247,tests/train_files/train_deep_none_none_no_medium_v02.simpl,5,0.0000,0.100,0
13248,tests/train_files/train_deep_none_none_no_medium_v03.simpl,5,0.0000,0.100,0
13249,tests/train_files/train_none_few_dominated_has_large_v01.simpl,5,4186.8130,0.100,51
13250,tests/train_files/train_none_few_dominated_has_large_v02.simpl,5,3336.1343,0.100,51
13251,tests/train_files/train_none_few_dominated_has_large_v03.simpl,5,3800.0002,0.100,51
13252,tests/train_files/train_none_few_dominated_has_medium_v01.simpl,5,6333.3330,0.100,11
13253,tests/train_files/train_none_few_dominated_has_medium_v02.simpl,5,6333.3330,0.100,11
13254,tests/train_files/train_none_few_dominated_has_medium_v03.simpl,5,4333.3330,0.100,11
13255,tests/train_files/train_none_few_dominated_no_large_v01.simpl,5,3508.9282,0.100,51
13256,tests/train_files/train_none_few_dominated_no_large_v02.simpl,5,4472.5273,0.100,53
13257,tests/train_files/train_none_few_dominated_no_large_v03.simpl,5,4583.3335,0.100,51
13258,tests/train_files/train_none_few_dominated_no_medium_v01.simpl,5,3749.9998,0.100,11
13259,tests/train_files/train_none_few_dominated_no_medium_v02.simpl,5,4749.9995,0.100,13
13260,tests/train_files/train_none_few_dominated_no_medium_v03.simpl,5,3749.9998,0.100,11
13261,tests/train_files/train_none_few_light_has_large_v01.simpl,5,4071.4285,0.100,53
13262,tests/train_files/train_none_few_light_has_large_v02.simpl,5,3382.3528,0.100,53
13263,tests/train_files/train_none_few_light_has_large_v03.simpl,5,4340.6592,0.100,53
13264,tests/train_files/train_none_few_light_has_medium_v01.simpl,5,5999.9995,0.100,12
13265,tests/train_files/train_none_few_light_has_medium_v02.simpl,5,5999.9995,0.100,12
13266,tests/train_files/train_none_few_light_has_medium_v03.simpl,5,5999.9995,0.100,12
13267,tests/train_files/train_none_few_light_has_tiny_v01.simpl,5,3749.9998,0.100,11
13268,tests/train_files/train_none_few_light_has_tiny_v02.simpl,5,3749.9998,0.100,11
13269,tests/train_files/train_none_few_light_has_tiny_v03.simpl,5,6333.3330,0.100,11
13270,tests/train_files/train_none_few_light_no_large_v01.simpl,5,3838.0952,0.100,53
13271,tests/train_files/train_none_few_light_no_large_v02.simpl,5,3739.4956,0.100,55
13272,tests/train_files/train_none_few_light_no_large_v03.simpl,5,3729.1665,0.100,53
13273,tests/train_files/train_none_few_light_no_medium_v01.simpl,5,5999.9995,0.100,12
13274,tests/train_files/train_none_few_light_no_medium_v02.simpl,5,4999.9995,0.100,14
13275,tests/train_files/train_none_few_light_no_medium_v03.simpl,5,5600.0000,0.100,12
13276,tests/train_files/train_none_few_light_no_tiny_v01.simpl,5,4333.3330,0.100,11
13277,tests/train_files/train_none_few_light_no_tiny_v02.simpl,5,5333.3330,0.100,13
13278,tests/train_files/train_none_few_light_no_tiny_v03.simpl,5,6333.3330,0.100,11
13279,tests/train_files/train_none_few_none_has_large_v01.simpl,5,4214.2856,0.100,55
13280,tests/train_files/train_none_few_none_has_large_v02.simpl,5,4142.8569,0.100,55
13281,tests/train_files/train_none_few_none_has_large_v03.simpl,5,4142.8569,0.100,55
13282,tests/train_files/train_none_few_none_has_medium_v01.simpl,5,6500.0000,0.100,14
13283,tests/train_files/train_none_few_none_has_medium_v02.simpl,5,5250.0000,0.100,14
13284,tests/train_files/train_none_few_none_has_medium_v03.simpl,5,5333.3330,0.100,14
13285,tests/train_files/train_none_few_none_has_tiny_v01.simpl,5,6333.3330,0.100,11
13286,tests/train_files/train_none_few_none_has_tiny_v02.simpl,5,6333.3330,0.100,11
13287,tests/train_files/train_none_few_none_has_tiny_v03.simpl,5,5749.9995,0.100,11
13288,tests/train_files/train_none_few_none_no_large_v01.simpl,5,3758.9282,0.100,55
13289,tests/train_files/train_none_few_none_no_large_v02.simpl,5,4673.0767,0.100,57
13290,tests/train_files/train_none_few_none_no_large_v03.simpl,5,4214.2856,0.100,55
13291,tests/train_files/train_none_few_none_no_medium_v01.simpl,5,6500.0000,0.100,14
13292,tests/train_files/train_none_few_none_no_medium_v02.simpl,5,5500.0000,0.100,16
13293,tests/train_files/train_none_few_none_no_medium_v03.simpl,5,6500.0000,0.100,14
13294,tests/train_files/train_none_few_none_no_tiny_v01.simpl,5,6333.3330,0.100,11
13295,tests/train_files/train_none_few_none_no_tiny_v02.simpl,5,4749.9995,0.100,13
13296,tests/train_files/train_none_few_none_no_tiny_v03.simpl,5,6333.3330,0.100,11
13297,tests/train_files/train_none_many_dominated_has_large_v01.simpl,5,4416.6665,0.100,48
13298,tests/train_files/train_none_many_dominated_has_large_v02.simpl,5,4916.6665,0.100,51
13299,tests/train_files/train_none_many_dominated_has_large_v03.simpl,5,4507.6924,0.100,49
13300,tests/train_files/train_none_many_dominated_has_medium_v01.simpl,5,6250.0000,0.100,20
13301,tests/train_files/train_none_many_dominated_has_medium_v02.simpl,5,5000.0000,0.100,23
13302,tests/train_files/train_none_many_dominated_has_medium_v03.simpl,5,5500.0000,0.100,21
13303,tests/train_files/train_none_many_dominated_no_large_v01.simpl,5,3533.3335,0.100,47
13304,tests/train_files/train_none_many_dominated_no_large_v02.simpl,5,4750.0000,0.100,50
13305,tests/train_files/train_none_many_dominated_no_large_v03.simpl,5,4909.0908,0.100,48
13306,tests/train_files/train_none_many_dominated_no_medium_v01.simpl,5,5000.0000,0.100,19
13307,tests/train_files/train_none_many_dominated_no_medium_v02.simpl,5,5166.6665,0.100,22
13308,tests/train_files/train_none_many_dominated_no_medium_v03.simpl,5,8000.0000,0.100,20
13309,tests/train_files/train_none_many_light_has_large_v01.simpl,5,3507.3528,0.100,54
13310,tests/train_files/train_none_many_light_has_large_v02.simpl,5,5226.1904,0.100,57
13311,tests/train_files/train_none_many_light_has_large_v03.simpl,5,4769.2305,0.100,55
13312,tests/train_files/train_none_many_light_has_medium_v01.simpl,5,8000.0000,0.100,20
13313,tests/train_files/train_none_many_light_has_medium_v02.simpl,5,7749.9995,0.100,23
13314,tests/train_files/train_none_many_light_has_medium_v03.simpl,5,5750.0000,0.100,21
13315,tests/train_files/train_none_many_light_no_large_v01.simpl,5,4071.4285,0.100,53
13316,tests/train_files/train_none_many_light_no_large_v02.simpl,5,5083.3330,0.100,56
13317,tests/train_files/train_none_many_light_no_large_v03.simpl,5,3895.8330,0.100,54
13318,tests/train_files/train_none_many_light_no_medium_v01.simpl,5,7000.0000,0.100,19
13319,tests/train_files/train_none_many_light_no_medium_v02.simpl,5,5642.8569,0.100,22
13320,tests/train_files/train_none_many_light_no_medium_v03.simpl,5,5500.0000,0.100,20
13321,tests/train_files/train_none_many_none_has_large_v01.simpl,5,3812.4998,0.100,56
13322,tests/train_files/train_none_many_none_has_large_v02.simpl,5,5065.9341,0.100,59
13323,tests/train_files/train_none_many_none_has_large_v03.simpl,5,4923.0771,0.100,57
13324,tests/train_files/train_none_many_none_has_medium_v01.simpl,5,6250.0000,0.100,20
13325,tests/train_files/train_none_many_none_has_medium_v02.simpl,5,7749.9995,0.100,23
13326,tests/train_files/train_none_many_none_has_medium_v03.simpl,5,6000.0000,0.100,21
13327,tests/train_files/train_none_many_none_no_large_v01.simpl,5,4423.0767,0.100,55
13328,tests/train_files/train_none_many_none_no_large_v02.simpl,5,4923.0767,0.100,58
13329,tests/train_files/train_none_many_none_no_large_v03.simpl,5,4756.4102,0.100,56
13330,tests/train_files/train_none_many_none_no_medium_v01.simpl,5,5749.9995,0.100,19
13331,tests/train_files/train_none_many_none_no_medium_v02.simpl,5,6083.3330,0.100,22
13332,tests/train_files/train_none_many_none_no_medium_v03.simpl,5,4642.8574,0.100,20
13333,tests/train_files/train_none_none_dominated_no_large_v01.simpl,5,3500.0000,0.100,49
13334,tests/train_files/train_none_none_dominated_no_large_v02.simpl,5,3266.6667,0.100,49
13335,tests/train_files/train_none_none_dominated_no_large_v03.simpl,5,3266.6667,0.100,49
13336,tests/train_files/train_none_none_dominated_no_medium_v01.simpl,5,1999.9999,0.100,8
13337,tests/train_files/train_none_none_dominated_no_medium_v02.simpl,5,2666.6667,0.100,8
13338,tests/train_files/train_none_none_dominated_no_medium_v03.simpl,5,1999.9999,0.100,8
13339,tests/train_files/train_none_none_dominated_no_tiny_v01.simpl,5,333.3333,0.100,1
13340,tests/train_files/train_none_none_dominated_no_tiny_v02.simpl,5,500.0000,0.100,1
13341,tests/train_files/train_none_none_dominated_no_tiny_v03.simpl,5,142.8571,0.100,1
13342,tests/train_files/train_none_none_none_no_large_v01.simpl,5,3391.6667,0.100,50
13343,tests/train_files/train_none_none_none_no_large_v02.simpl,5,3642.8572,0.100,50
13344,tests/train_files/train_none_none_none_no_large_v03.simpl,5,3642.8572,0.100,50
13345,tests/train_files/train_none_none_none_no_medium_v01.simpl,5,2999.9998,0.100,9
13346,tests/train_files/train_none_none_none_no_medium_v02.simpl,5,2142.8569,0.100,9
13347,tests/train_files/train_none_none_none_no_medium_v03.simpl,5,2999.9998,0.100,9
13348,tests/train_files/train_none_none_none_no_tiny_v01.simpl,5,1499.9999,0.100,2
13349,tests/train_files/train_none_none_none_no_tiny_v02.simpl,5,1333.3333,0.100,2
13350,tests/train_files/train_none_none_none_no_tiny_v03.simpl,5,999.9999,0.100,2
13351,tests/train_files/train_shallow_few_dominated_has_large_v01.simpl,5,2378.1511,0.100,39
13352,tests/train_files/train_shallow_few_dominated_has_large_v02.simpl,5,2450.0000,0.100,37
13353,tests/train_files/train_shallow_few_dominated_has_large_v03.simpl,5,2317.6470,0.100,37
13354,tests/train_files/train_shallow_few_dominated_has_medium_v01.simpl,5,884.6154,0.100,6
13355,tests/train_files/train_shallow_few_dominated_has_medium_v02.simpl,5,800.0000,0.100,4
13356,tests/train_files/train_shallow_few_dominated_has_medium_v03.simpl,5,1300.0000,0.100,4
13357,tests/train_files/train_shallow_few_dominated_no_large_v01.simpl,5,1666.6666,0.100,35
13358,tests/train_files/train_shallow_few_dominated_no_large_v02.simpl,5,1500.0000,0.100,33
13359,tests/train_files/train_shallow_few_dominated_no_large_v03.simpl,5,1950.0000,0.100,35
13360,tests/train_files/train_shallow_few_dominated_no_medium_v01.simpl,5,600.0000,0.100,2
13361,tests/train_files/train_shallow_few_dominated_no_medium_v02.simpl,5,0.0000,0.100,0
13362,tests/train_files/train_shallow_few_dominated_no_medium_v03.simpl,5,590.9091,0.100,2
13363,tests/train_files/train_shallow_few_light_has_large_v01.simpl,5,1984.8485,0.100,41
13364,tests/train_files/train_shallow_few_light_has_large_v02.simpl,5,2361.1111,0.100,39
13365,tests/train_files/train_shallow_few_light_has_large_v03.simpl,5,2200.0000,0.100,39
13366,tests/train_files/train_shallow_few_light_has_medium_v01.simpl,5,916.6666,0.100,6
13367,tests/train_files/train_shallow_few_light_has_medium_v02.simpl,5,1333.3333,0.100,4
13368,tests/train_files/train_shallow_few_light_has_medium_v03.simpl,5,772.7272,0.100,4
13369,tests/train_files/train_shallow_few_light_no_large_v01.simpl,5,2250.0000,0.100,37
13370,tests/train_files/train_shallow_few_light_no_large_v02.simpl,5,1842.1053,0.100,35
13371,tests/train_files/train_shallow_few_light_no_large_v03.simpl,5,2228.0703,0.100,37
13372,tests/train_files/train_shallow_few_light_no_medium_v01.simpl,5,444.4445,0.100,2
13373,tests/train_files/train_shallow_few_light_no_medium_v02.simpl,5,0.0000,0.100,0
13374,tests/train_files/train_shallow_few_light_no_medium_v03.simpl,5,600.0000,0.100,2
13375,tests/train_files/train_shallow_few_none_has_large_v01.simpl,5,2613.4453,0.100,43
13376,tests/train_files/train_shallow_few_none_has_large_v02.simpl,5,2472.2224,0.100,41
13377,tests/train_files/train_shallow_few_none_has_large_v03.simpl,5,2271.9299,0.100,41
13378,tests/train_files/train_shallow_few_none_has_medium_v01.simpl,5,1055.5555,0.100,6
13379,tests/train_files/train_shallow_few_none_has_medium_v02.simpl,5,1272.7272,0.100,4
13380,tests/train_files/train_shallow_few_none_has_medium_v03.simpl,5,1272.7272,0.100,4
13381,tests/train_files/train_shallow_few_none_no_large_v01.simpl,5,2485.2939,0.100,39
13382,tests/train_files/train_shallow_few_none_no_large_v02.simpl,5,2176.4705,0.100,37
13383,tests/train_files/train_shallow_few_none_no_large_v03.simpl,5,2250.0000,0.100,39
13384,tests/train_files/train_shallow_few_none_no_medium_v01.simpl,5,600.0000,0.100,2
13385,tests/train_files/train_shallow_few_none_no_medium_v02.simpl,5,0.0000,0.100,0
13386,tests/train_files/train_shallow_few_none_no_medium_v03.simpl,5,600.0000,0.100,2
13387,tests/train_files/train_shallow_many_dominated_has_large_v01.simpl,5,3011.7646,0.100,32
13388,tests/train_files/train_shallow_many_dominated_has_large_v02.simpl,5,2527.7778,0.100,29
13389,tests/train_files/train_shallow_many_dominated_has_large_v03.simpl,5,2460.5264,0.100,30
13390,tests/train_files/train_shallow_many_dominated_has_medium_v01.simpl,5,3083.3333,0.100,11
13391,tests/train_files/train_shallow_many_dominated_has_medium_v02.simpl,5,1642.8572,0.100,8
13392,tests/train_files/train_shallow_many_dominated_has_medium_v03.simpl,5,2153.8459,0.100,9
13393,tests/train_files/train_shallow_many_dominated_no_large_v01.simpl,5,3175.0000,0.100,31
13394,tests/train_files/train_shallow_many_dominated_no_large_v02.simpl,5,2333.3335,0.100,28
13395,tests/train_files/train_shallow_many_dominated_no_large_v03.simpl,5,2705.2632,0.100,29
13396,tests/train_files/train_shallow_many_dominated_no_medium_v01.simpl,5,1883.3334,0.100,10
13397,tests/train_files/train_shallow_many_dominated_no_medium_v02.simpl,5,1749.9999,0.100,7
13398,tests/train_files/train_shallow_many_dominated_no_medium_v03.simpl,5,1999.9999,0.100,8
13399,tests/train_files/train_shallow_many_light_has_large_v01.simpl,5,3131.3726,0.100,38
13400,tests/train_files/train_shallow_many_light_has_large_v02.simpl,5,2861.1113,0.100,35
13401,tests/train_files/train_shallow_many_light_has_large_v03.simpl,5,2684.8486,0.100,36
13402,tests/train_files/train_shallow_many_light_has_medium_v01.simpl,5,3606.0605,0.100,11
13403,tests/train_files/train_shallow_many_light_has_medium_v02.simpl,5,2309.5237,0.100,8
13404,tests/train_files/train_shallow_many_light_has_medium_v03.simpl,5,2153.8459,0.100,9
13405,tests/train_files/train_shallow_many_light_no_large_v01.simpl,5,3355.5557,0.100,37
13406,tests/train_files/train_shallow_many_light_no_large_v02.simpl,5,2900.0000,0.100,34
13407,tests/train_files/train_shallow_many_light_no_large_v03.simpl,5,3100.0000,0.100,35
13408,tests/train_files/train_shallow_many_light_no_medium_v01.simpl,5,3083.3333,0.100,10
13409,tests/train_files/train_shallow_many_light_no_medium_v02.simpl,5,1749.9999,0.100,7
13410,tests/train_files/train_shallow_many_light_no_medium_v03.simpl,5,2666.6667,0.100,8
13411,tests/train_files/train_shallow_many_none_has_large_v01.simpl,5,3123.8096,0.100,40
13412,tests/train_files/train_shallow_many_none_has_large_v02.simpl,5,2609.0908,0.100,37
13413,tests/train_files/train_shallow_many_none_has_large_v03.simpl,5,2950.0000,0.100,38
13414,tests/train_files/train_shallow_many_none_has_medium_v01.simpl,5,3583.3333,0.100,11
13415,tests/train_files/train_shallow_many_none_has_medium_v02.simpl,5,2320.5127,0.100,8
13416,tests/train_files/train_shallow_many_none_has_medium_v03.simpl,5,2487.1794,0.100,9
13417,tests/train_files/train_shallow_many_none_no_large_v01.simpl,5,3466.6667,0.100,39
13418,tests/train_files/train_shallow_many_none_no_large_v02.simpl,5,3011.1113,0.100,36
13419,tests/train_files/train_shallow_many_none_no_large_v03.simpl,5,2918.1819,0.100,37
13420,tests/train_files/train_shallow_many_none_no_medium_v01.simpl,5,2333.3333,0.100,10
13421,tests/train_files/train_shallow_many_none_no_medium_v02.simpl,5,1749.9999,0.100,7
13422,tests/train_files/train_shallow_many_none_no_medium_v03.simpl,5,2666.6667,0.100,8
13423,tests/train_files/train_shallow_none_dominated_no_large_v01.simpl,5,2333.3335,0.100,42
13424,tests/train_files/train_shallow_none_dominated_no_large_v02.simpl,5,2624.9998,0.100,42
13425,tests/train_files/train_shallow_none_dominated_no_large_v03.simpl,5,2333.3335,0.100,42
13426,tests/train_files/train_shallow_none_dominated_no_medium_v01.simpl,5,142.8571,0.100,1
13427,tests/train_files/train_shallow_none_dominated_no_medium_v02.simpl,5,166.6667,0.100,1
13428,tests/train_files/train_shallow_none_dominated_no_medium_v03.simpl,5,125.0000,0.100,1
13429,tests/train_files/train_shallow_none_none_no_large_v01.simpl,5,2210.5264,0.100,42
13430,tests/train_files/train_shallow_none_none_no_large_v02.simpl,5,2470.5881,0.100,42
13431,tests/train_files/train_shallow_none_none_no_large_v03.simpl,5,2210.5264,0.100,42
13432,tests/train_files/train_shallow_none_none_no_medium_v01.simpl,5,125.0000,0.100,1
13433,tests/train_files/train_shallow_none_none_no_medium_v02.simpl,5,83.3333,0.100,1
13434,tests/train_files/train_shallow_none_none_no_medium_v03.simpl,5,76.9231,0.100,1
13435,tests/train_files/train_shallow_none_none_no_tiny_v01.simpl,5,0.0000,0.100,0
13436,tests/train_files/train_shallow_none_none_no_tiny_v02.simpl,5,0.0000,0.100,0
13437,tests/train_files/train_shallow_none_none_no_tiny_v03.simpl,5,0.0000,0.100,0
13438,tests/train_files/train_deep_few_dominated_has_large_v01.simpl,5,1716.6666,0.100,32
13439,tests/train_files/train_deep_few_dominated_has_large_v02.simpl,5,1630.9524,0.100,30
13440,tests/train_files/train_deep_few_dominated_has_large_v03.simpl,5,1518.1819,0.100,30
13441,tests/train_files/train_deep_few_dominated_has_medium_v01.simpl,5,1312.5000,0.100,6
13442,tests/train_files/train_deep_few_dominated_has_medium_v02.simpl,5,533.3334,0.100,4
13443,tests/train_files/train_deep_few_dominated_has_medium_v03.simpl,5,700.0000,0.100,4
13444,tests/train_files/train_deep_few_dominated_no_large_v01.simpl,5,1423.9131,0.100,28
13445,tests/train_files/train_deep_few_dominated_no_large_v02.simpl,5,1040.0000,0.100,26
13446,tests/train_files/train_deep_few_dominated_no_large_v03.simpl,5,1535.7144,0.100,28
13447,tests/train_files/train_deep_few_dominated_no_medium_v01.simpl,5,388.8889,0.100,2
13448,tests/train_files/train_deep_few_dominated_no_medium_v02.simpl,5,0.0000,0.100,0
13449,tests/train_files/train_deep_few_dominated_no_medium_v03.simpl,5,562.4999,0.100,2
13450,tests/train_files/train_deep_few_light_has_large_v01.simpl,5,1700.0000,0.100,34
13451,tests/train_files/train_deep_few_light_has_large_v02.simpl,5,1547.8260,0.100,32
13452,tests/train_files/train_deep_few_light_has_large_v03.simpl,5,1609.0909,0.100,32
13453,tests/train_files/train_deep_few_light_has_medium_v01.simpl,5,857.1428,0.100,6
13454,tests/train_files/train_deep_few_light_has_medium_v02.simpl,5,650.0000,0.100,4
13455,tests/train_files/train_deep_few_light_has_medium_v03.simpl,5,1187.4999,0.100,4
13456,tests/train_files/train_deep_few_light_no_large_v01.simpl,5,1630.9524,0.100,30
13457,tests/train_files/train_deep_few_light_no_large_v02.simpl,5,1217.3914,0.100,28
13458,tests/train_files/train_deep_few_light_no_large_v03.simpl,5,1630.9524,0.100,30
13459,tests/train_files/train_deep_few_light_no_medium_v01.simpl,5,566.6666,0.100,2
13460,tests/train_files/train_deep_few_light_no_medium_v02.simpl,5,0.0000,0.100,0
13461,tests/train_files/train_deep_few_light_no_medium_v03.simpl,5,410.2564,0.100,2
13462,tests/train_files/train_deep_few_none_has_large_v01.simpl,5,1866.6667,0.100,36
13463,tests/train_files/train_deep_few_none_has_large_v02.simpl,5,1821.4286,0.100,34
13464,tests/train_files/train_deep_few_none_has_large_v03.simpl,5,1700.0000,0.100,34
13465,tests/train_files/train_deep_few_none_has_medium_v01.simpl,5,833.3333,0.100,6
13466,tests/train_files/train_deep_few_none_has_medium_v02.simpl,5,676.4706,0.100,4
13467,tests/train_files/train_deep_few_none_has_medium_v03.simpl,5,1200.0000,0.100,4
13468,tests/train_files/train_deep_few_none_no_large_v01.simpl,5,1800.0000,0.100,32
13469,tests/train_files/train_deep_few_none_no_large_v02.simpl,5,1363.6364,0.100,30
13470,tests/train_files/train_deep_few_none_no_large_v03.simpl,5,1726.1906,0.100,32
13471,tests/train_files/train_deep_few_none_no_medium_v01.simpl,5,566.6666,0.100,2
13472,tests/train_files/train_deep_few_none_no_medium_v02.simpl,5,0.0000,0.100,0
13473,tests/train_files/train_deep_few_none_no_medium_v03.simpl,5,404.7619,0.100,2
13474,tests/train_files/train_deep_many_dominated_has_large_v01.simpl,5,2472.4636,0.100,25
13475,tests/train_files/train_deep_many_dominated_has_large_v02.simpl,5,2000.0001,0.100,22
13476,tests/train_files/train_deep_many_dominated_has_large_v03.simpl,5,2011.9048,0.100,23
13477,tests/train_files/train_deep_many_dominated_has_medium_v01.simpl,5,2252.9412,0.100,14
13478,tests/train_files/train_deep_many_dominated_has_medium_v02.simpl,5,1722.2222,0.100,10
13479,tests/train_files/train_deep_many_dominated_has_medium_v03.simpl,5,1910.5264,0.100,11
13480,tests/train_files/train_deep_many_dominated_no_large_v01.simpl,5,2181.8181,0.100,24
13481,tests/train_files/train_deep_many_dominated_no_large_v02.simpl,5,1775.3623,0.100,21
13482,tests/train_files/train_deep_many_dominated_no_large_v03.simpl,5,1969.6970,0.100,22
13483,tests/train_files/train_deep_many_dominated_no_medium_v01.simpl,5,2308.8235,0.100,10
13484,tests/train_files/train_deep_many_dominated_no_medium_v02.simpl,5,1749.9999,0.100,7
13485,tests/train_files/train_deep_many_dominated_no_medium_v03.simpl,5,1999.9999,0.100,8
13486,tests/train_files/train_deep_many_light_has_large_v01.simpl,5,2745.2383,0.100,31
13487,tests/train_files/train_deep_many_light_has_large_v02.simpl,5,2297.6189,0.100,28
13488,tests/train_files/train_deep_many_light_has_large_v03.simpl,5,2330.0000,0.100,29
13489,tests/train_files/train_deep_many_light_has_medium_v01.simpl,5,2602.9409,0.100,14
13490,tests/train_files/train_deep_many_light_has_medium_v02.simpl,5,1722.2222,0.100,10
13491,tests/train_files/train_deep_many_light_has_medium_v03.simpl,5,1922.2222,0.100,11
13492,tests/train_files/train_deep_many_light_no_large_v01.simpl,5,2375.0000,0.100,30
13493,tests/train_files/train_deep_many_light_no_large_v02.simpl,5,2036.2318,0.100,27
13494,tests/train_files/train_deep_many_light_no_large_v03.simpl,5,2369.2307,0.100,28
13495,tests/train_files/train_deep_many_light_no_medium_v01.simpl,5,1862.5000,0.100,10
13496,tests/train_files/train_deep_many_light_no_medium_v02.simpl,5,1749.9999,0.100,7
13497,tests/train_files/train_deep_many_light_no_medium_v03.simpl,5,1999.9999,0.100,8
13498,tests/train_files/train_deep_many_none_has_large_v01.simpl,5,2790.4761,0.100,33
13499,tests/train_files/train_deep_many_none_has_large_v02.simpl,5,2160.0000,0.100,30
13500,tests/train_files/train_deep_many_none_has_large_v03.simpl,5,2173.0769,0.100,31
13501,tests/train_files/train_deep_many_none_has_medium_v01.simpl,5,2775.0000,0.100,14
13502,tests/train_files/train_deep_many_none_has_medium_v02.simpl,5,1722.2222,0.100,10
13503,tests/train_files/train_deep_many_none_has_medium_v03.simpl,5,2210.5261,0.100,11
13504,tests/train_files/train_deep_many_none_no_large_v01.simpl,5,2650.0000,0.100,32
13505,tests/train_files/train_deep_many_none_no_large_v02.simpl,5,2356.5217,0.100,29
13506,tests/train_files/train_deep_many_none_no_large_v03.simpl,5,2250.0000,0.100,30
13507,tests/train_files/train_deep_many_none_no_medium_v01.simpl,5,1858.8235,0.100,10
13508,tests/train_files/train_deep_many_none_no_medium_v02.simpl,5,1400.0000,0.100,7
13509,tests/train_files/train_deep_many_none_no_medium_v03.simpl,5,1999.9999,0.100,8
13510,tests/train_files/train_deep_none_dominated_no_large_v01.simpl,5,1750.0000,0.100,35
13511,tests/train_files/train_deep_none_dominated_no_large_v02.simpl,5,2058.8235,0.100,35
13512,tests/train_files/train_deep_none_dominated_no_large_v03.simpl,5,1842.1053,0.100,35
13513,tests/train_files/train_deep_none_dominated_no_medium_v01.simpl,5,100.0000,0.100,1
13514,tests/train_files/train_deep_none_dominated_no_medium_v02.simpl,5,83.3333,0.100,1
13515,tests/train_files/train_deep_none_dominated_no_medium_v03.simpl,5,100.0000,0.100,1
13516,tests/train_files/train_deep_none_none_no_large_v01.simpl,5,1750.0000,0.100,35
13517,tests/train_files/train_deep_none_none_no_large_v02.simpl,5,1590.9091,0.100,35
13518,tests/train_files/train_deep_none_none_no_large_v03.simpl,5,1590.9091,0.100,35
13519,tests/train_files/train_deep_none_none_no_medium_v01.simpl,5,0.0000,0.100,0
13520,tests/train_files/train_deep_none_none_no_medium_v02.simpl,5,0.0000,0.100,0
13521,tests/train_files/train_deep_none_none_no_medium_v03.simpl,5,0.0000,0.100,0
13522,tests/train_files/train_none_few_dominated_has_large_v01.simpl,5,4186.8130,0.100,51
13523,tests/train_files/train_none_few_dominated_has_large_v02.simpl,5,4186.8130,0.100,51
13524,tests/train_files/train_none_few_dominated_has_large_v03.simpl,5,3508.9282,0.100,51
13525,tests/train_files/train_none_few_dominated_has_medium_v01.simpl,5,4333.3330,0.100,11
13526,tests/train_files/train_none_few_dominated_has_medium_v02.simpl,5,3749.9998,0.100,11
13527,tests/train_files/train_none_few_dominated_has_medium_v03.simpl,5,6333.3330,0.100,11
13528,tests/train_files/train_none_few_dominated_no_large_v01.simpl,5,4488.0952,0.100,51
13529,tests/train_files/train_none_few_dominated_no_large_v02.simpl,5,4472.5273,0.100,53
13530,tests/train_files/train_none_few_dominated_no_large_v03.simpl,5,4488.0952,0.100,51
13531,tests/train_files/train_none_few_dominated_no_medium_v01.simpl,5,3083.3333,0.100,11
13532,tests/train_files/train_none_few_dominated_no_medium_v02.simpl,5,4749.9995,0.100,13
13533,tests/train_files/train_none_few_dominated_no_medium_v03.simpl,5,3083.3333,0.100,11
13534,tests/train_files/train_none_few_light_has_large_v01.simpl,5,3453.7812,0.100,53
13535,tests/train_files/train_none_few_light_has_large_v02.simpl,5,4071.4285,0.100,53
13536,tests/train_files/train_none_few_light_has_large_v03.simpl,5,4071.4285,0.100,53
13537,tests/train_files/train_none_few_light_has_medium_v01.simpl,5,5999.9995,0.100,12
13538,tests/train_files/train_none_few_light_has_medium_v02.simpl,5,4666.6665,0.100,12
13539,tests/train_files/train_none_few_light_has_medium_v03.simpl,5,5142.8569,0.100,12
13540,tests/train_files/train_none_few_light_has_tiny_v01.simpl,5,3749.9998,0.100,11
13541,tests/train_files/train_none_few_light_has_tiny_v02.simpl,5,4333.3330,0.100,11
13542,tests/train_files/train_none_few_light_has_tiny_v03.simpl,5,6333.3330,0.100,11
13543,tests/train_files/train_none_few_light_no_large_v01.simpl,5,4000.0000,0.100,53
13544,tests/train_files/train_none_few_light_no_large_v02.simpl,5,4626.3735,0.100,55
13545,tests/train_files/train_none_few_light_no_large_v03.simpl,5,4340.6592,0.100,53
13546,tests/train_files/train_none_few_light_no_medium_v01.simpl,5,6666.6665,0.100,12
13547,tests/train_files/train_none_few_light_no_medium_v02.simpl,5,5666.6665,0.100,14
13548,tests/train_files/train_none_few_light_no_medium_v03.simpl,5,4666.6665,0.100,12
13549,tests/train_files/train_none_few_light_no_tiny_v01.simpl,5,5749.9995,0.100,11
13550,tests/train_files/train_none_few_light_no_tiny_v02.simpl,5,4749.9995,0.100,13
13551,tests/train_files/train_none_few_light_no_tiny_v03.simpl,5,5749.9995,0.100,11
13552,tests/train_files/train_none_few_none_has_large_v01.simpl,5,3499.9998,0.100,55
13553,tests/train_files/train_none_few_none_has_large_v02.simpl,5,4142.8569,0.100,55
13554,tests/train_files/train_none_few_none_has_large_v03.simpl,5,3687.4998,0.100,55
13555,tests/train_files/train_none_few_none_has_medium_v01.simpl,5,4500.0000,0.100,14
13556,tests/train_files/train_none_few_none_has_medium_v02.simpl,5,4500.0000,0.100,14
13557,tests/train_files/train_none_few_none_has_medium_v03.simpl,5,5250.0000,0.100,14
13558,tests/train_files/train_none_few_none_has_tiny_v01.simpl,5,3666.6665,0.100,11
13559,tests/train_files/train_none_few_none_has_tiny_v02.simpl,5,6333.3330,0.100,11
13560,tests/train_files/train_none_few_none_has_tiny_v03.simpl,5,6333.3330,0.100,11
13561,tests/train_files/train_none_few_none_no_large_v01.simpl,5,4142.8569,0.100,55
13562,tests/train_files/train_none_few_none_no_large_v02.simpl,5,4392.8569,0.100,57
13563,tests/train_files/train_none_few_none_no_large_v03.simpl,5,4214.2856,0.100,55
13564,tests/train_files/train_none_few_none_no_medium_v01.simpl,5,6500.0000,0.100,14
13565,tests/train_files/train_none_few_none_no_medium_v02.simpl,5,8500.0000,0.100,16
13566,tests/train_files/train_none_few_none_no_medium_v03.simpl,5,6500.0000,0.100,14
13567,tests/train_files/train_none_few_none_no_tiny_v01.simpl,5,6333.3330,0.100,11
13568,tests/train_files/train_none_few_none_no_tiny_v02.simpl,5,8333.3330,0.100,13
13569,tests/train_files/train_none_few_none_no_tiny_v03.simpl,5,7499.9995,0.100,11
13570,tests/train_files/train_none_many_dominated_has_large_v01.simpl,5,4141.0254,0.100,48
13571,tests/train_files/train_none_many_dominated_has_large_v02.simpl,5,4916.6665,0.100,51
13572,tests/train_files/train_none_many_dominated_has_large_v03.simpl,5,4783.3330,0.100,49
13573,tests/train_files/train_none_many_dominated_has_medium_v01.simpl,5,5500.0000,0.100,20
13574,tests/train_files/train_none_many_dominated_has_medium_v02.simpl,5,6500.0000,0.100,23
13575,tests/train_files/train_none_many_dominated_has_medium_v03.simpl,5,6749.9995,0.100,21
13576,tests/train_files/train_none_many_dominated_no_large_v01.simpl,5,3438.0952,0.100,47
13577,tests/train_files/train_none_many_dominated_no_large_v02.simpl,5,4033.3335,0.100,50
13578,tests/train_files/train_none_many_dominated_no_large_v03.simpl,5,4583.3330,0.100,48
13579,tests/train_files/train_none_many_dominated_no_medium_v01.simpl,5,4500.0000,0.100,19
13580,tests/train_files/train_none_many_dominated_no_medium_v02.simpl,5,7249.9995,0.100,22
13581,tests/train_files/train_none_many_dominated_no_medium_v03.simpl,5,5500.0000,0.100,20
13582,tests/train_files/train_none_many_light_has_large_v01.simpl,5,4214.2856,0.100,54
13583,tests/train_files/train_none_many_light_has_large_v02.simpl,5,4912.0879,0.100,57
13584,tests/train_files/train_none_many_light_has_large_v03.simpl,5,5083.3330,0.100,55
13585,tests/train_files/train_none_many_light_has_medium_v01.simpl,5,5500.0000,0.100,20
13586,tests/train_files/train_none_many_light_has_medium_v02.simpl,5,6416.6665,0.100,23
13587,tests/train_files/train_none_many_light_has_medium_v03.simpl,5,6000.0000,0.100,21
13588,tests/train_files/train_none_many_light_no_large_v01.simpl,5,4269.2305,0.100,53
13589,tests/train_files/train_none_many_light_no_large_v02.simpl,5,5083.3330,0.100,56
13590,tests/train_files/train_none_many_light_no_large_v03.simpl,5,4797.6191,0.100,54
13591,tests/train_files/train_none_many_light_no_medium_v01.simpl,5,5083.3330,0.100,19
13592,tests/train_files/train_none_many_light_no_medium_v02.simpl,5,10000.0000,0.100,22
13593,tests/train_files/train_none_many_light_no_medium_v03.simpl,5,6250.0000,0.100,20
13594,tests/train_files/train_none_many_none_has_large_v01.simpl,5,4267.8569,0.100,56
13595,tests/train_files/train_none_many_none_has_large_v02.simpl,5,4785.7139,0.100,59
13596,tests/train_files/train_none_many_none_has_large_v03.simpl,5,4673.0767,0.100,57
13597,tests/train_files/train_none_many_none_has_medium_v01.simpl,5,5500.0000,0.100,20
13598,tests/train_files/train_none_many_none_has_medium_v02.simpl,5,7749.9995,0.100,23
13599,tests/train_files/train_none_many_none_has_medium_v03.simpl,5,6749.9995,0.100,21
13600,tests/train_files/train_none_many_none_no_large_v01.simpl,5,3499.9998,0.100,55
13601,tests/train_files/train_none_many_none_no_large_v02.simpl,5,4923.0767,0.100,58
13602,tests/train_files/train_none_many_none_no_large_v03.simpl,5,3833.3330,0.100,56
13603,tests/train_files/train_none_many_none_no_medium_v01.simpl,5,3500.0000,0.100,19
13604,tests/train_files/train_none_many_none_no_medium_v02.simpl,5,7249.9995,0.100,22
13605,tests/train_files/train_none_many_none_no_medium_v03.simpl,5,6250.0000,0.100,20
13606,tests/train_files/train_none_none_dominated_no_large_v01.simpl,5,3062.4998,0.100,49
13607,tests/train_files/train_none_none_dominated_no_large_v02.simpl,5,3266.6667,0.100,49
13608,tests/train_files/train_none_none_dominated_no_large_v03.simpl,5,2578.9475,0.100,49
13609,tests/train_files/train_none_none_dominated_no_medium_v01.simpl,5,2666.6667,0.100,8
13610,tests/train_files/train_none_none_dominated_no_medium_v02.simpl,5,2666.6667,0.100,8
13611,tests/train_files/train_none_none_dominated_no_medium_v03.simpl,5,2666.6667,0.100,8
13612,tests/train_files/train_none_none_dominated_no_tiny_v01.simpl,5,250.0000,0.100,1
13613,tests/train_files/train_none_none_dominated_no_tiny_v02.simpl,5,999.9999,0.100,1
13614,tests/train_files/train_none_none_dominated_no_tiny_v03.simpl,5,500.0000,0.100,1
13615,tests/train_files/train_none_none_none_no_large_v01.simpl,5,3666.6667,0.100,50
13616,tests/train_files/train_none_none_none_no_large_v02.simpl,5,3205.3569,0.100,50
13617,tests/train_files/train_none_none_none_no_large_v03.simpl,5,3642.8572,0.100,50
13618,tests/train_files/train_none_none_none_no_medium_v01.simpl,5,3666.6667,0.100,9
13619,tests/train_files/train_none_none_none_no_medium_v02.simpl,5,2999.9998,0.100,9
13620,tests/train_files/train_none_none_none_no_medium_v03.simpl,5,2142.8569,0.100,9
13621,tests/train_files/train_none_none_none_no_tiny_v01.simpl,5,1499.9999,0.100,2
13622,tests/train_files/train_none_none_none_no_tiny_v02.simpl,5,999.9999,0.100,2
13623,tests/train_files/train_none_none_none_no_tiny_v03.simpl,5,1499.9999,0.100,2
13624,tests/train_files/train_shallow_few_dominated_has_large_v01.simpl,5,1976.1904,0.100,39
13625,tests/train_files/train_shallow_few_dominated_has_large_v02.simpl,5,2000.0000,0.100,37
13626,tests/train_files/train_shallow_few_dominated_has_large_v03.simpl,5,2094.7368,0.100,37
13627,tests/train_files/train_shallow_few_dominated_has_medium_v01.simpl,5,1055.5555,0.100,6
13628,tests/train_files/train_shallow_few_dominated_has_medium_v02.simpl,5,1300.0000,0.100,4
13629,tests/train_files/train_shallow_few_dominated_has_medium_v03.simpl,5,772.7272,0.100,4
13630,tests/train_files/train_shallow_few_dominated_no_large_v01.simpl,5,1950.0000,0.100,35
13631,tests/train_files/train_shallow_few_dominated_no_large_v02.simpl,5,1833.3334,0.100,33
13632,tests/train_files/train_shallow_few_dominated_no_large_v03.simpl,5,2122.8071,0.100,35
13633,tests/train_files/train_shallow_few_dominated_no_medium_v01.simpl,5,1090.9091,0.100,2
13634,tests/train_files/train_shallow_few_dominated_no_medium_v02.simpl,5,0.0000,0.100,0
13635,tests/train_files/train_shallow_few_dominated_no_medium_v03.simpl,5,424.2424,0.100,2
13636,tests/train_files/train_shallow_few_light_has_large_v01.simpl,5,2166.6667,0.100,41
13637,tests/train_files/train_shallow_few_light_has_large_v02.simpl,5,2100.0000,0.100,39
13638,tests/train_files/train_shallow_few_light_has_large_v03.simpl,5,1976.1904,0.100,39
13639,tests/train_files/train_shallow_few_light_has_medium_v01.simpl,5,1055.5555,0.100,6
13640,tests/train_files/train_shallow_few_light_has_medium_v02.simpl,5,800.0000,0.100,4
13641,tests/train_files/train_shallow_few_light_has_medium_v03.simpl,5,1300.0000,0.100,4
13642,tests/train_files/train_shallow_few_light_no_large_v01.simpl,5,2050.0000,0.100,37
13643,tests/train_files/train_shallow_few_light_no_large_v02.simpl,5,1944.4446,0.100,35
13644,tests/train_files/train_shallow_few_light_no_large_v03.simpl,5,2094.7368,0.100,37
13645,tests/train_files/train_shallow_few_light_no_medium_v01.simpl,5,583.3333,0.100,2
13646,tests/train_files/train_shallow_few_light_no_medium_v02.simpl,5,0.0000,0.100,0
13647,tests/train_files/train_shallow_few_light_no_medium_v03.simpl,5,611.1111,0.100,2
13648,tests/train_files/train_shallow_few_none_has_large_v01.simpl,5,2166.6667,0.100,43
13649,tests/train_files/train_shallow_few_none_has_large_v02.simpl,5,2365.0796,0.100,41
13650,tests/train_files/train_shallow_few_none_has_large_v03.simpl,5,2388.8892,0.100,41
13651,tests/train_files/train_shallow_few_none_has_medium_v01.simpl,5,1500.0000,0.100,6
13652,tests/train_files/train_shallow_few_none_has_medium_v02.simpl,5,1300.0000,0.100,4
13653,tests/train_files/train_shallow_few_none_has_medium_v03.simpl,5,800.0000,0.100,4
13654,tests/train_files/train_shallow_few_none_no_large_v01.simpl,5,2150.0000,0.100,39
13655,tests/train_files/train_shallow_few_none_no_large_v02.simpl,5,2055.5557,0.100,37
13656,tests/train_files/train_shallow_few_none_no_large_v03.simpl,5,2250.0000,0.100,39
13657,tests/train_files/train_shallow_few_none_no_medium_v01.simpl,5,590.9091,0.100,2
13658,tests/train_files/train_shallow_few_none_no_medium_v02.simpl,5,0.0000,0.100,0
13659,tests/train_files/train_shallow_few_none_no_medium_v03.simpl,5,1111.1111,0.100,2
13660,tests/train_files/train_shallow_many_dominated_has_large_v01.simpl,5,2916.6665,0.100,32
13661,tests/train_files/train_shallow_many_dominated_has_large_v02.simpl,5,2436.2744,0.100,29
13662,tests/train_files/train_shallow_many_dominated_has_large_v03.simpl,5,2660.5264,0.100,30
13663,tests/train_files/train_shallow_many_dominated_has_medium_v01.simpl,5,2980.7690,0.100,11
13664,tests/train_files/train_shallow_many_dominated_has_medium_v02.simpl,5,1903.8462,0.100,8
13665,tests/train_files/train_shallow_many_dominated_has_medium_v03.simpl,5,2653.8462,0.100,9
13666,tests/train_files/train_shallow_many_dominated_no_large_v01.simpl,5,2957.8948,0.100,31
13667,tests/train_files/train_shallow_many_dominated_no_large_v02.simpl,5,2333.3335,0.100,28
13668,tests/train_files/train_shallow_many_dominated_no_large_v03.simpl,5,2705.2632,0.100,29
13669,tests/train_files/train_shallow_many_dominated_no_medium_v01.simpl,5,2340.9092,0.100,10
13670,tests/train_files/train_shallow_many_dominated_no_medium_v02.simpl,5,2333.3333,0.100,7
13671,tests/train_files/train_shallow_many_dominated_no_medium_v03.simpl,5,1999.9999,0.100,8
13672,tests/train_files/train_shallow_many_light_has_large_v01.simpl,5,3266.6667,0.100,38
13673,tests/train_files/train_shallow_many_light_has_large_v02.simpl,5,2777.7781,0.100,35
13674,tests/train_files/train_shallow_many_light_has_large_v03.simpl,5,2811.1113,0.100,36
13675,tests/train_files/train_shallow_many_light_has_medium_v01.simpl,5,2897.4358,0.100,11
13676,tests/train_files/train_shallow_many_light_has_medium_v02.simpl,5,1892.8572,0.100,8
13677,tests/train_files/train_shallow_many_light_has_medium_v03.simpl,5,2642.8572,0.100,9
13678,tests/train_files/train_shallow_many_light_no_large_v01.simpl,5,3447.0586,0.100,37
13679,tests/train_files/train_shallow_many_light_no_large_v02.simpl,5,2627.2727,0.100,34
13680,tests/train_files/train_shallow_many_light_no_large_v03.simpl,5,2560.6060,0.100,35
13681,tests/train_files/train_shallow_many_light_no_medium_v01.simpl,5,1890.9091,0.100,10
13682,tests/train_files/train_shallow_many_light_no_medium_v02.simpl,5,2333.3333,0.100,7
13683,tests/train_files/train_shallow_many_light_no_medium_v03.simpl,5,1999.9999,0.100,8
13684,tests/train_files/train_shallow_many_none_has_large_v01.simpl,5,3377.7778,0.100,40
13685,tests/train_files/train_shallow_many_none_has_large_v02.simpl,5,2659.0908,0.100,37
13686,tests/train_files/train_shallow_many_none_has_large_v03.simpl,5,2831.5791,0.100,38
13687,tests/train_files/train_shallow_many_none_has_medium_v01.simpl,5,3106.0605,0.100,11
13688,tests/train_files/train_shallow_many_none_has_medium_v02.simpl,5,1875.0000,0.100,8
13689,tests/train_files/train_shallow_many_none_has_medium_v03.simpl,5,3153.8462,0.100,9
13690,tests/train_files/train_shallow_many_none_no_large_v01.simpl,5,3466.6667,0.100,39
13691,tests/train_files/train_shallow_many_none_no_large_v02.simpl,5,2427.5361,0.100,36
13692,tests/train_files/train_shallow_many_none_no_large_v03.simpl,5,3050.0000,0.100,37
13693,tests/train_files/train_shallow_many_none_no_medium_v01.simpl,5,3076.9231,0.100,10
13694,tests/train_files/train_shallow_many_none_no_medium_v02.simpl,5,2333.3333,0.100,7
13695,tests/train_files/train_shallow_many_none_no_medium_v03.simpl,5,2666.6667,0.100,8
13696,tests/train_files/train_shallow_none_dominated_no_large_v01.simpl,5,2333.3335,0.100,42
13697,tests/train_files/train_shallow_none_dominated_no_large_v02.simpl,5,2333.3335,0.100,42
13698,tests/train_files/train_shallow_none_dominated_no_large_v03.simpl,5,2210.5264,0.100,42
13699,tests/train_files/train_shallow_none_dominated_no_medium_v01.simpl,5,142.8571,0.100,1
13700,tests/train_files/train_shallow_none_dominated_no_medium_v02.simpl,5,142.8571,0.100,1
13701,tests/train_files/train_shallow_none_dominated_no_medium_v03.simpl,5,125.0000,0.100,1
13702,tests/train_files/train_shallow_none_none_no_large_v01.simpl,5,2333.3335,0.100,42
13703,tests/train_files/train_shallow_none_none_no_large_v02.simpl,5,2624.9998,0.100,42
13704,tests/train_files/train_shallow_none_none_no_large_v03.simpl,5,2210.5264,0.100,42
13705,tests/train_files/train_shallow_none_none_no_medium_v01.simpl,5,111.1111,0.100,1
13706,tests/train_files/train_shallow_none_none_no_medium_v02.simpl,5,125.0000,0.100,1
13707,tests/train_files/train_shallow_none_none_no_medium_v03.simpl,5,90.9091,0.100,1
13708,tests/train_files/train_shallow_none_none_no_tiny_v01.simpl,5,0.0000,0.100,0
13709,tests/train_files/train_shallow_none_none_no_tiny_v02.simpl,5,0.0000,0.100,0
13710,tests/train_files/train_shallow_none_none_no_tiny_v03.simpl,5,0.0000,0.100,0
