episode,file,actions_taken,total_reward,epsilon,instrs_eliminated
0,tests/train_files/train_deep_few_dominated_has_large_v01.simpl,0,2634.6152,1.000,32
0,tests/train_files/train_deep_few_dominated_has_large_v02.simpl,0,2564.1025,1.000,30
0,tests/train_files/train_deep_few_dominated_has_large_v03.simpl,0,2430.7693,1.000,30
0,tests/train_files/train_deep_few_dominated_has_medium_v01.simpl,0,1625.0000,1.000,6
0,tests/train_files/train_deep_few_dominated_has_medium_v02.simpl,0,1374.9999,1.000,4
0,tests/train_files/train_deep_few_dominated_has_medium_v03.simpl,0,1374.9999,1.000,4
0,tests/train_files/train_deep_few_dominated_no_large_v01.simpl,0,2353.8462,1.000,29
0,tests/train_files/train_deep_few_dominated_no_large_v02.simpl,0,1733.3334,1.000,26
0,tests/train_files/train_deep_few_dominated_no_large_v03.simpl,0,1966.6666,1.000,28
0,tests/train_files/train_deep_few_dominated_no_medium_v01.simpl,0,785.7142,1.000,3
0,tests/train_files/train_deep_few_dominated_no_medium_v02.simpl,0,0.0000,1.000,0
0,tests/train_files/train_deep_few_dominated_no_medium_v03.simpl,0,611.1111,1.000,2
0,tests/train_files/train_deep_few_light_has_large_v01.simpl,0,2950.0000,1.000,34
0,tests/train_files/train_deep_few_light_has_large_v02.simpl,0,3151.5151,1.000,32
0,tests/train_files/train_deep_few_light_has_large_v03.simpl,0,2464.2856,1.000,32
0,tests/train_files/train_deep_few_light_has_medium_v01.simpl,0,1714.2856,1.000,6
0,tests/train_files/train_deep_few_light_has_medium_v02.simpl,0,1374.9999,1.000,4
0,tests/train_files/train_deep_few_light_has_medium_v03.simpl,0,928.5714,1.000,4
0,tests/train_files/train_deep_few_light_no_large_v01.simpl,0,2700.0000,1.000,31
0,tests/train_files/train_deep_few_light_no_large_v02.simpl,0,2153.8462,1.000,28
0,tests/train_files/train_deep_few_light_no_large_v03.simpl,0,2480.7693,1.000,30
0,tests/train_files/train_deep_few_light_no_medium_v01.simpl,0,785.7142,1.000,3
0,tests/train_files/train_deep_few_light_no_medium_v02.simpl,0,0.0000,1.000,0
0,tests/train_files/train_deep_few_light_no_medium_v03.simpl,0,642.8571,1.000,2
0,tests/train_files/train_deep_few_none_has_large_v01.simpl,0,2583.3335,1.000,36
0,tests/train_files/train_deep_few_none_has_large_v02.simpl,0,3000.0000,1.000,34
0,tests/train_files/train_deep_few_none_has_large_v03.simpl,0,2262.5000,1.000,34
0,tests/train_files/train_deep_few_none_has_medium_v01.simpl,0,1625.0000,1.000,6
0,tests/train_files/train_deep_few_none_has_medium_v02.simpl,0,1428.5713,1.000,4
0,tests/train_files/train_deep_few_none_has_medium_v03.simpl,0,1500.0000,1.000,4
0,tests/train_files/train_deep_few_none_no_large_v01.simpl,0,2535.7141,1.000,33
0,tests/train_files/train_deep_few_none_no_large_v02.simpl,0,2142.8572,1.000,30
0,tests/train_files/train_deep_few_none_no_large_v03.simpl,0,2584.6152,1.000,32
0,tests/train_files/train_deep_few_none_no_medium_v01.simpl,0,833.3333,1.000,3
0,tests/train_files/train_deep_few_none_no_medium_v02.simpl,0,0.0000,1.000,0
0,tests/train_files/train_deep_few_none_no_medium_v03.simpl,0,642.8571,1.000,2
0,tests/train_files/train_deep_many_dominated_has_large_v01.simpl,0,3083.3333,1.000,28
0,tests/train_files/train_deep_many_dominated_has_large_v02.simpl,0,2717.9487,1.000,24
0,tests/train_files/train_deep_many_dominated_has_large_v03.simpl,0,2917.9487,1.000,25
0,tests/train_files/train_deep_many_dominated_has_medium_v01.simpl,0,2750.0000,1.000,14
0,tests/train_files/train_deep_many_dominated_has_medium_v02.simpl,0,2613.6362,1.000,10
0,tests/train_files/train_deep_many_dominated_has_medium_v03.simpl,0,2944.4443,1.000,11
0,tests/train_files/train_deep_many_dominated_no_large_v01.simpl,0,3700.0000,1.000,28
0,tests/train_files/train_deep_many_dominated_no_large_v02.simpl,0,2380.9521,1.000,24
0,tests/train_files/train_deep_many_dominated_no_large_v03.simpl,0,2641.0256,1.000,25
0,tests/train_files/train_deep_many_dominated_no_medium_v01.simpl,0,2750.0000,1.000,14
0,tests/train_files/train_deep_many_dominated_no_medium_v02.simpl,0,2050.0000,1.000,10
0,tests/train_files/train_deep_many_dominated_no_medium_v03.simpl,0,2250.0000,1.000,11
0,tests/train_files/train_deep_many_light_has_large_v01.simpl,0,3666.6667,1.000,34
0,tests/train_files/train_deep_many_light_has_large_v02.simpl,0,2797.6189,1.000,30
0,tests/train_files/train_deep_many_light_has_large_v03.simpl,0,3296.1538,1.000,31
0,tests/train_files/train_deep_many_light_has_medium_v01.simpl,0,3433.3333,1.000,14
0,tests/train_files/train_deep_many_light_has_medium_v02.simpl,0,2499.9998,1.000,10
0,tests/train_files/train_deep_many_light_has_medium_v03.simpl,0,2863.6362,1.000,11
0,tests/train_files/train_deep_many_light_no_large_v01.simpl,0,3208.7910,1.000,34
0,tests/train_files/train_deep_many_light_no_large_v02.simpl,0,3042.8569,1.000,30
0,tests/train_files/train_deep_many_light_no_large_v03.simpl,0,3133.3335,1.000,31
0,tests/train_files/train_deep_many_light_no_medium_v01.simpl,0,2805.5557,1.000,14
0,tests/train_files/train_deep_many_light_no_medium_v02.simpl,0,2666.6665,1.000,10
0,tests/train_files/train_deep_many_light_no_medium_v03.simpl,0,2300.0000,1.000,11
0,tests/train_files/train_deep_many_none_has_large_v01.simpl,0,3403.8462,1.000,36
0,tests/train_files/train_deep_many_none_has_large_v02.simpl,0,3333.3333,1.000,32
0,tests/train_files/train_deep_many_none_has_large_v03.simpl,0,3333.3335,1.000,33
0,tests/train_files/train_deep_many_none_has_medium_v01.simpl,0,4083.3333,1.000,14
0,tests/train_files/train_deep_many_none_has_medium_v02.simpl,0,2150.0000,1.000,10
0,tests/train_files/train_deep_many_none_has_medium_v03.simpl,0,2277.7778,1.000,11
0,tests/train_files/train_deep_many_none_no_large_v01.simpl,0,3876.9231,1.000,36
0,tests/train_files/train_deep_many_none_no_large_v02.simpl,0,2833.3335,1.000,32
0,tests/train_files/train_deep_many_none_no_large_v03.simpl,0,3256.4102,1.000,33
0,tests/train_files/train_deep_many_none_no_medium_v01.simpl,0,3555.5557,1.000,14
0,tests/train_files/train_deep_many_none_no_medium_v02.simpl,0,1733.3334,1.000,10
0,tests/train_files/train_deep_many_none_no_medium_v03.simpl,0,2333.3333,1.000,11
0,tests/train_files/train_deep_none_dominated_no_large_v01.simpl,0,3181.8181,1.000,35
0,tests/train_files/train_deep_none_dominated_no_large_v02.simpl,0,3181.8181,1.000,35
0,tests/train_files/train_deep_none_dominated_no_large_v03.simpl,0,2916.6667,1.000,35
0,tests/train_files/train_deep_none_dominated_no_medium_v01.simpl,0,333.3333,1.000,1
0,tests/train_files/train_deep_none_dominated_no_medium_v02.simpl,0,250.0000,1.000,1
0,tests/train_files/train_deep_none_dominated_no_medium_v03.simpl,0,200.0000,1.000,1
0,tests/train_files/train_deep_none_none_no_large_v01.simpl,0,2692.3076,1.000,35
0,tests/train_files/train_deep_none_none_no_large_v02.simpl,0,3181.8181,1.000,35
0,tests/train_files/train_deep_none_none_no_large_v03.simpl,0,1944.4446,1.000,35
0,tests/train_files/train_deep_none_none_no_medium_v01.simpl,0,0.0000,1.000,0
0,tests/train_files/train_deep_none_none_no_medium_v02.simpl,0,0.0000,1.000,0
0,tests/train_files/train_deep_none_none_no_medium_v03.simpl,0,0.0000,1.000,0
0,tests/train_files/train_none_few_dominated_has_large_v01.simpl,0,4488.0952,1.000,51
0,tests/train_files/train_none_few_dominated_has_large_v02.simpl,0,4939.3940,1.000,51
0,tests/train_files/train_none_few_dominated_has_large_v03.simpl,0,4939.3940,1.000,51
0,tests/train_files/train_none_few_dominated_has_medium_v01.simpl,0,7499.9995,1.000,11
0,tests/train_files/train_none_few_dominated_has_medium_v02.simpl,0,7499.9995,1.000,11
0,tests/train_files/train_none_few_dominated_has_medium_v03.simpl,0,7499.9995,1.000,11
0,tests/train_files/train_none_few_dominated_no_large_v01.simpl,0,5139.3940,1.000,52
0,tests/train_files/train_none_few_dominated_no_large_v02.simpl,0,5272.7275,1.000,53
0,tests/train_files/train_none_few_dominated_no_large_v03.simpl,0,5139.3940,1.000,52
0,tests/train_files/train_none_few_dominated_no_medium_v01.simpl,0,6833.3330,1.000,12
0,tests/train_files/train_none_few_dominated_no_medium_v02.simpl,0,12999.9990,1.000,13
0,tests/train_files/train_none_few_dominated_no_medium_v03.simpl,0,8499.9990,1.000,12
0,tests/train_files/train_none_few_light_has_large_v01.simpl,0,5025.9741,1.000,53
0,tests/train_files/train_none_few_light_has_large_v02.simpl,0,5025.9741,1.000,53
0,tests/train_files/train_none_few_light_has_large_v03.simpl,0,5121.2119,1.000,53
0,tests/train_files/train_none_few_light_has_medium_v01.simpl,0,7999.9995,1.000,12
0,tests/train_files/train_none_few_light_has_medium_v02.simpl,0,7999.9995,1.000,12
0,tests/train_files/train_none_few_light_has_medium_v03.simpl,0,11999.9990,1.000,12
0,tests/train_files/train_none_few_light_has_tiny_v01.simpl,0,10999.9990,1.000,11
0,tests/train_files/train_none_few_light_has_tiny_v02.simpl,0,5499.9995,1.000,11
0,tests/train_files/train_none_few_light_has_tiny_v03.simpl,0,7499.9995,1.000,11
0,tests/train_files/train_none_few_light_no_large_v01.simpl,0,5225.9741,1.000,54
0,tests/train_files/train_none_few_light_no_large_v02.simpl,0,5311.6885,1.000,55
0,tests/train_files/train_none_few_light_no_large_v03.simpl,0,3933.3335,1.000,54
0,tests/train_files/train_none_few_light_no_medium_v01.simpl,0,12999.9990,1.000,13
0,tests/train_files/train_none_few_light_no_medium_v02.simpl,0,9999.9990,1.000,14
0,tests/train_files/train_none_few_light_no_medium_v03.simpl,0,8499.9990,1.000,13
0,tests/train_files/train_none_few_light_no_tiny_v01.simpl,0,8499.9990,1.000,12
0,tests/train_files/train_none_few_light_no_tiny_v02.simpl,0,6499.9995,1.000,13
0,tests/train_files/train_none_few_light_no_tiny_v03.simpl,0,9999.9990,1.000,12
0,tests/train_files/train_none_few_none_has_large_v01.simpl,0,5207.7925,1.000,55
0,tests/train_files/train_none_few_none_has_large_v02.simpl,0,5136.3638,1.000,55
0,tests/train_files/train_none_few_none_has_large_v03.simpl,0,5303.0303,1.000,55
0,tests/train_files/train_none_few_none_has_medium_v01.simpl,0,14000.0000,1.000,14
0,tests/train_files/train_none_few_none_has_medium_v02.simpl,0,7000.0000,1.000,14
0,tests/train_files/train_none_few_none_has_medium_v03.simpl,0,9000.0000,1.000,14
0,tests/train_files/train_none_few_none_has_tiny_v01.simpl,0,7499.9995,1.000,11
0,tests/train_files/train_none_few_none_has_tiny_v02.simpl,0,10999.9990,1.000,11
0,tests/train_files/train_none_few_none_has_tiny_v03.simpl,0,10999.9990,1.000,11
0,tests/train_files/train_none_few_none_no_large_v01.simpl,0,5071.4287,1.000,56
0,tests/train_files/train_none_few_none_no_large_v02.simpl,0,5107.1426,1.000,57
0,tests/train_files/train_none_few_none_no_large_v03.simpl,0,5469.6973,1.000,56
0,tests/train_files/train_none_few_none_no_medium_v01.simpl,0,9500.0000,1.000,15
0,tests/train_files/train_none_few_none_no_medium_v02.simpl,0,6333.3330,1.000,16
0,tests/train_files/train_none_few_none_no_medium_v03.simpl,0,10000.0000,1.000,15
0,tests/train_files/train_none_few_none_no_tiny_v01.simpl,0,11999.9990,1.000,12
0,tests/train_files/train_none_few_none_no_tiny_v02.simpl,0,12999.9990,1.000,13
0,tests/train_files/train_none_few_none_no_tiny_v03.simpl,0,7999.9990,1.000,12
0,tests/train_files/train_none_many_dominated_has_large_v01.simpl,0,6133.3330,1.000,55
0,tests/train_files/train_none_many_dominated_has_large_v02.simpl,0,7092.0635,1.000,56
0,tests/train_files/train_none_many_dominated_has_large_v03.simpl,0,6357.1426,1.000,55
0,tests/train_files/train_none_many_dominated_has_medium_v01.simpl,0,9000.0000,1.000,27
0,tests/train_files/train_none_many_dominated_has_medium_v02.simpl,0,10250.0000,1.000,28
0,tests/train_files/train_none_many_dominated_has_medium_v03.simpl,0,10000.0000,1.000,27
0,tests/train_files/train_none_many_dominated_no_large_v01.simpl,0,6075.7578,1.000,56
0,tests/train_files/train_none_many_dominated_no_large_v02.simpl,0,6866.6665,1.000,57
0,tests/train_files/train_none_many_dominated_no_large_v03.simpl,0,6920.6348,1.000,56
0,tests/train_files/train_none_many_dominated_no_medium_v01.simpl,0,9250.0000,1.000,28
0,tests/train_files/train_none_many_dominated_no_medium_v02.simpl,0,14333.3330,1.000,29
0,tests/train_files/train_none_many_dominated_no_medium_v03.simpl,0,12666.6670,1.000,28
0,tests/train_files/train_none_many_light_has_large_v01.simpl,0,6454.5454,1.000,61
0,tests/train_files/train_none_many_light_has_large_v02.simpl,0,7066.6670,1.000,62
0,tests/train_files/train_none_many_light_has_large_v03.simpl,0,6511.6885,1.000,61
0,tests/train_files/train_none_many_light_has_medium_v01.simpl,0,9833.3330,1.000,27
0,tests/train_files/train_none_many_light_has_medium_v02.simpl,0,13166.6660,1.000,28
0,tests/train_files/train_none_many_light_has_medium_v03.simpl,0,10000.0000,1.000,27
0,tests/train_files/train_none_many_light_no_large_v01.simpl,0,6383.3330,1.000,62
0,tests/train_files/train_none_many_light_no_large_v02.simpl,0,6329.5454,1.000,63
0,tests/train_files/train_none_many_light_no_large_v03.simpl,0,6621.2119,1.000,62
0,tests/train_files/train_none_many_light_no_medium_v01.simpl,0,13333.3330,1.000,28
0,tests/train_files/train_none_many_light_no_medium_v02.simpl,0,12000.0000,1.000,29
0,tests/train_files/train_none_many_light_no_medium_v03.simpl,0,9333.3340,1.000,28
0,tests/train_files/train_none_many_none_has_large_v01.simpl,0,6130.9521,1.000,63
0,tests/train_files/train_none_many_none_has_large_v02.simpl,0,6350.6494,1.000,64
0,tests/train_files/train_none_many_none_has_large_v03.simpl,0,6636.3638,1.000,63
0,tests/train_files/train_none_many_none_has_medium_v01.simpl,0,10166.6660,1.000,27
0,tests/train_files/train_none_many_none_has_medium_v02.simpl,0,14666.6660,1.000,28
0,tests/train_files/train_none_many_none_has_medium_v03.simpl,0,8750.0000,1.000,27
0,tests/train_files/train_none_many_none_no_large_v01.simpl,0,5923.0771,1.000,64
0,tests/train_files/train_none_many_none_no_large_v02.simpl,0,6803.0303,1.000,65
0,tests/train_files/train_none_many_none_no_large_v03.simpl,0,6226.1904,1.000,64
0,tests/train_files/train_none_many_none_no_medium_v01.simpl,0,13500.0000,1.000,28
0,tests/train_files/train_none_many_none_no_medium_v02.simpl,0,13333.3320,1.000,29
0,tests/train_files/train_none_many_none_no_medium_v03.simpl,0,11500.0000,1.000,28
0,tests/train_files/train_none_none_dominated_no_large_v01.simpl,0,4454.5454,1.000,49
0,tests/train_files/train_none_none_dominated_no_large_v02.simpl,0,4454.5454,1.000,49
0,tests/train_files/train_none_none_dominated_no_large_v03.simpl,0,4083.3333,1.000,49
0,tests/train_files/train_none_none_dominated_no_medium_v01.simpl,0,3999.9998,1.000,8
0,tests/train_files/train_none_none_dominated_no_medium_v02.simpl,0,3999.9998,1.000,8
0,tests/train_files/train_none_none_dominated_no_medium_v03.simpl,0,7999.9995,1.000,8
0,tests/train_files/train_none_none_dominated_no_tiny_v01.simpl,0,999.9999,1.000,1
0,tests/train_files/train_none_none_dominated_no_tiny_v02.simpl,0,999.9999,1.000,1
0,tests/train_files/train_none_none_dominated_no_tiny_v03.simpl,0,999.9999,1.000,1
0,tests/train_files/train_none_none_none_no_large_v01.simpl,0,5142.8569,1.000,51
0,tests/train_files/train_none_none_none_no_large_v02.simpl,0,3989.0110,1.000,51
0,tests/train_files/train_none_none_none_no_large_v03.simpl,0,3714.2856,1.000,51
0,tests/train_files/train_none_none_none_no_medium_v01.simpl,0,5500.0000,1.000,10
0,tests/train_files/train_none_none_none_no_medium_v02.simpl,0,5500.0000,1.000,10
0,tests/train_files/train_none_none_none_no_medium_v03.simpl,0,4000.0000,1.000,10
0,tests/train_files/train_none_none_none_no_tiny_v01.simpl,0,1499.9999,1.000,2
0,tests/train_files/train_none_none_none_no_tiny_v02.simpl,0,1499.9999,1.000,2
0,tests/train_files/train_none_none_none_no_tiny_v03.simpl,0,1999.9999,1.000,2
0,tests/train_files/train_shallow_few_dominated_has_large_v01.simpl,0,3123.0769,1.000,39
0,tests/train_files/train_shallow_few_dominated_has_large_v02.simpl,0,3472.7273,1.000,37
0,tests/train_files/train_shallow_few_dominated_has_large_v03.simpl,0,3250.0000,1.000,37
0,tests/train_files/train_shallow_few_dominated_has_medium_v01.simpl,0,1833.3333,1.000,6
0,tests/train_files/train_shallow_few_dominated_has_medium_v02.simpl,0,1600.0000,1.000,4
0,tests/train_files/train_shallow_few_dominated_has_medium_v03.simpl,0,1749.9999,1.000,4
0,tests/train_files/train_shallow_few_dominated_no_large_v01.simpl,0,3381.8181,1.000,36
0,tests/train_files/train_shallow_few_dominated_no_large_v02.simpl,0,2750.0000,1.000,33
0,tests/train_files/train_shallow_few_dominated_no_large_v03.simpl,0,2815.3845,1.000,35
0,tests/train_files/train_shallow_few_dominated_no_medium_v01.simpl,0,1499.9999,1.000,3
0,tests/train_files/train_shallow_few_dominated_no_medium_v02.simpl,0,0.0000,1.000,0
0,tests/train_files/train_shallow_few_dominated_no_medium_v03.simpl,0,749.9999,1.000,2
0,tests/train_files/train_shallow_few_light_has_large_v01.simpl,0,3276.9231,1.000,41
0,tests/train_files/train_shallow_few_light_has_large_v02.simpl,0,3704.5454,1.000,39
0,tests/train_files/train_shallow_few_light_has_large_v03.simpl,0,2700.0002,1.000,39
0,tests/train_files/train_shallow_few_light_has_medium_v01.simpl,0,2250.0000,1.000,6
0,tests/train_files/train_shallow_few_light_has_medium_v02.simpl,0,2000.0000,1.000,4
0,tests/train_files/train_shallow_few_light_has_medium_v03.simpl,0,1749.9999,1.000,4
0,tests/train_files/train_shallow_few_light_no_large_v01.simpl,0,3333.3333,1.000,38
0,tests/train_files/train_shallow_few_light_no_large_v02.simpl,0,2916.6667,1.000,35
0,tests/train_files/train_shallow_few_light_no_large_v03.simpl,0,3019.2307,1.000,37
0,tests/train_files/train_shallow_few_light_no_medium_v01.simpl,0,1400.0000,1.000,3
0,tests/train_files/train_shallow_few_light_no_medium_v02.simpl,0,0.0000,1.000,0
0,tests/train_files/train_shallow_few_light_no_medium_v03.simpl,0,1249.9999,1.000,2
0,tests/train_files/train_shallow_few_none_has_large_v01.simpl,0,3700.0000,1.000,43
0,tests/train_files/train_shallow_few_none_has_large_v02.simpl,0,3836.3638,1.000,41
0,tests/train_files/train_shallow_few_none_has_large_v03.simpl,0,3276.9231,1.000,41
0,tests/train_files/train_shallow_few_none_has_medium_v01.simpl,0,2000.0000,1.000,6
0,tests/train_files/train_shallow_few_none_has_medium_v02.simpl,0,2000.0000,1.000,4
0,tests/train_files/train_shallow_few_none_has_medium_v03.simpl,0,1749.9999,1.000,4
0,tests/train_files/train_shallow_few_none_no_large_v01.simpl,0,2985.7141,1.000,40
0,tests/train_files/train_shallow_few_none_no_large_v02.simpl,0,3083.3333,1.000,37
0,tests/train_files/train_shallow_few_none_no_large_v03.simpl,0,2914.2856,1.000,39
0,tests/train_files/train_shallow_few_none_no_medium_v01.simpl,0,999.9999,1.000,3
0,tests/train_files/train_shallow_few_none_no_medium_v02.simpl,0,0.0000,1.000,0
0,tests/train_files/train_shallow_few_none_no_medium_v03.simpl,0,749.9999,1.000,2
0,tests/train_files/train_shallow_many_dominated_has_large_v01.simpl,0,4104.5454,1.000,35
0,tests/train_files/train_shallow_many_dominated_has_large_v02.simpl,0,3439.3940,1.000,31
0,tests/train_files/train_shallow_many_dominated_has_large_v03.simpl,0,3463.2036,1.000,32
0,tests/train_files/train_shallow_many_dominated_has_medium_v01.simpl,0,3749.9998,1.000,14
0,tests/train_files/train_shallow_many_dominated_has_medium_v02.simpl,0,2321.4285,1.000,10
0,tests/train_files/train_shallow_many_dominated_has_medium_v03.simpl,0,2444.4443,1.000,11
0,tests/train_files/train_shallow_many_dominated_no_large_v01.simpl,0,3649.3506,1.000,35
0,tests/train_files/train_shallow_many_dominated_no_large_v02.simpl,0,3400.0000,1.000,31
0,tests/train_files/train_shallow_many_dominated_no_large_v03.simpl,0,3600.0000,1.000,32
0,tests/train_files/train_shallow_many_dominated_no_medium_v01.simpl,0,2964.2856,1.000,14
0,tests/train_files/train_shallow_many_dominated_no_medium_v02.simpl,0,2250.0000,1.000,10
0,tests/train_files/train_shallow_many_dominated_no_medium_v03.simpl,0,3095.2383,1.000,11
0,tests/train_files/train_shallow_many_light_has_large_v01.simpl,0,3950.0000,1.000,41
0,tests/train_files/train_shallow_many_light_has_large_v02.simpl,0,3901.5151,1.000,37
0,tests/train_files/train_shallow_many_light_has_large_v03.simpl,0,3316.6667,1.000,38
0,tests/train_files/train_shallow_many_light_has_medium_v01.simpl,0,3833.3333,1.000,14
0,tests/train_files/train_shallow_many_light_has_medium_v02.simpl,0,3238.0950,1.000,10
0,tests/train_files/train_shallow_many_light_has_medium_v03.simpl,0,3166.6665,1.000,11
0,tests/train_files/train_shallow_many_light_no_large_v01.simpl,0,3184.2104,1.000,41
0,tests/train_files/train_shallow_many_light_no_large_v02.simpl,0,3707.6921,1.000,37
0,tests/train_files/train_shallow_many_light_no_large_v03.simpl,0,3285.7144,1.000,38
0,tests/train_files/train_shallow_many_light_no_medium_v01.simpl,0,3833.3333,1.000,14
0,tests/train_files/train_shallow_many_light_no_medium_v02.simpl,0,2761.9048,1.000,10
0,tests/train_files/train_shallow_many_light_no_medium_v03.simpl,0,2428.5713,1.000,11
0,tests/train_files/train_shallow_many_none_has_large_v01.simpl,0,4566.6670,1.000,43
0,tests/train_files/train_shallow_many_none_has_large_v02.simpl,0,4166.6665,1.000,39
0,tests/train_files/train_shallow_many_none_has_large_v03.simpl,0,3950.0000,1.000,40
0,tests/train_files/train_shallow_many_none_has_medium_v01.simpl,0,4333.3330,1.000,14
0,tests/train_files/train_shallow_many_none_has_medium_v02.simpl,0,3238.0950,1.000,10
0,tests/train_files/train_shallow_many_none_has_medium_v03.simpl,0,3800.0000,1.000,11
0,tests/train_files/train_shallow_many_none_no_large_v01.simpl,0,4333.3330,1.000,43
0,tests/train_files/train_shallow_many_none_no_large_v02.simpl,0,3861.5383,1.000,39
0,tests/train_files/train_shallow_many_none_no_large_v03.simpl,0,4061.5383,1.000,40
0,tests/train_files/train_shallow_many_none_no_medium_v01.simpl,0,3714.2856,1.000,14
0,tests/train_files/train_shallow_many_none_no_medium_v02.simpl,0,2761.9048,1.000,10
0,tests/train_files/train_shallow_many_none_no_medium_v03.simpl,0,3095.2383,1.000,11
0,tests/train_files/train_shallow_none_dominated_no_large_v01.simpl,0,4200.0000,1.000,42
0,tests/train_files/train_shallow_none_dominated_no_large_v02.simpl,0,3818.1819,1.000,42
0,tests/train_files/train_shallow_none_dominated_no_large_v03.simpl,0,3500.0000,1.000,42
0,tests/train_files/train_shallow_none_dominated_no_medium_v01.simpl,0,500.0000,1.000,1
0,tests/train_files/train_shallow_none_dominated_no_medium_v02.simpl,0,500.0000,1.000,1
0,tests/train_files/train_shallow_none_dominated_no_medium_v03.simpl,0,333.3333,1.000,1
0,tests/train_files/train_shallow_none_none_no_large_v01.simpl,0,3818.1819,1.000,42
0,tests/train_files/train_shallow_none_none_no_large_v02.simpl,0,3818.1819,1.000,42
0,tests/train_files/train_shallow_none_none_no_large_v03.simpl,0,3230.7690,1.000,42
0,tests/train_files/train_shallow_none_none_no_medium_v01.simpl,0,333.3333,1.000,1
0,tests/train_files/train_shallow_none_none_no_medium_v02.simpl,0,500.0000,1.000,1
0,tests/train_files/train_shallow_none_none_no_medium_v03.simpl,0,250.0000,1.000,1
0,tests/train_files/train_shallow_none_none_no_tiny_v01.simpl,0,0.0000,1.000,0
0,tests/train_files/train_shallow_none_none_no_tiny_v02.simpl,0,0.0000,1.000,0
0,tests/train_files/train_shallow_none_none_no_tiny_v03.simpl,0,0.0000,1.000,0
61,tests/train_files/train_deep_few_dominated_has_large_v01.simpl,4,1609.0909,0.993,32
62,tests/train_files/train_deep_few_dominated_has_large_v02.simpl,4,1650.0000,0.993,30
63,tests/train_files/train_deep_few_dominated_has_large_v03.simpl,4,1580.9524,0.993,30
64,tests/train_files/train_deep_few_dominated_has_medium_v01.simpl,4,1333.3333,0.993,6
65,tests/train_files/train_deep_few_dominated_has_medium_v02.simpl,4,520.8333,0.993,4
66,tests/train_files/train_deep_few_dominated_has_medium_v03.simpl,4,700.0000,0.993,4
67,tests/train_files/train_deep_few_dominated_no_large_v01.simpl,4,1452.3810,0.993,28
68,tests/train_files/train_deep_few_dominated_no_large_v02.simpl,4,1181.8182,0.992,26
69,tests/train_files/train_deep_few_dominated_no_large_v03.simpl,4,1477.2727,0.992,28
70,tests/train_files/train_deep_few_dominated_no_medium_v01.simpl,4,566.6666,0.992,2
71,tests/train_files/train_deep_few_dominated_no_medium_v02.simpl,4,0.0000,0.992,0
72,tests/train_files/train_deep_few_dominated_no_medium_v03.simpl,4,400.0000,0.992,2
73,tests/train_files/train_deep_few_light_has_large_v01.simpl,4,1771.4286,0.992,34
74,tests/train_files/train_deep_few_light_has_large_v02.simpl,4,1726.1906,0.992,32
75,tests/train_files/train_deep_few_light_has_large_v03.simpl,4,1609.0909,0.992,32
76,tests/train_files/train_deep_few_light_has_medium_v01.simpl,4,857.1428,0.992,6
77,tests/train_files/train_deep_few_light_has_medium_v02.simpl,4,700.0000,0.991,4
78,tests/train_files/train_deep_few_light_has_medium_v03.simpl,4,509.8039,0.991,4
79,tests/train_files/train_deep_few_light_no_large_v01.simpl,4,1510.8695,0.991,30
80,tests/train_files/train_deep_few_light_no_large_v02.simpl,4,1272.7273,0.991,28
81,tests/train_files/train_deep_few_light_no_large_v03.simpl,4,1568.1819,0.991,30
82,tests/train_files/train_deep_few_light_no_medium_v01.simpl,4,571.4285,0.991,2
83,tests/train_files/train_deep_few_light_no_medium_v02.simpl,4,0.0000,0.991,0
84,tests/train_files/train_deep_few_light_no_medium_v03.simpl,4,571.4285,0.991,2
85,tests/train_files/train_deep_few_none_has_large_v01.simpl,4,1866.6667,0.991,36
86,tests/train_files/train_deep_few_none_has_large_v02.simpl,4,1684.7826,0.990,34
87,tests/train_files/train_deep_few_none_has_large_v03.simpl,4,1520.0000,0.990,34
88,tests/train_files/train_deep_few_none_has_medium_v01.simpl,4,1333.3333,0.990,6
89,tests/train_files/train_deep_few_none_has_medium_v02.simpl,4,714.2856,0.990,4
90,tests/train_files/train_deep_few_none_has_medium_v03.simpl,4,1200.0000,0.990,4
91,tests/train_files/train_deep_few_none_no_large_v01.simpl,4,1490.0000,0.990,32
92,tests/train_files/train_deep_few_none_no_large_v02.simpl,4,1250.0000,0.990,30
93,tests/train_files/train_deep_few_none_no_large_v03.simpl,4,1659.0909,0.990,32
94,tests/train_files/train_deep_few_none_no_medium_v01.simpl,4,571.4285,0.990,2
95,tests/train_files/train_deep_few_none_no_medium_v02.simpl,4,0.0000,0.989,0
96,tests/train_files/train_deep_few_none_no_medium_v03.simpl,4,571.4285,0.989,2
97,tests/train_files/train_deep_many_dominated_has_large_v01.simpl,4,2266.6665,0.989,25
98,tests/train_files/train_deep_many_dominated_has_large_v02.simpl,4,1893.9393,0.989,22
99,tests/train_files/train_deep_many_dominated_has_large_v03.simpl,4,2211.9048,0.989,23
100,tests/train_files/train_deep_many_dominated_has_medium_v01.simpl,4,2392.8569,0.989,11
101,tests/train_files/train_deep_many_dominated_has_medium_v02.simpl,4,1850.0000,0.989,8
102,tests/train_files/train_deep_many_dominated_has_medium_v03.simpl,4,1811.1111,0.989,9
103,tests/train_files/train_deep_many_dominated_no_large_v01.simpl,4,2514.2856,0.989,24
104,tests/train_files/train_deep_many_dominated_no_large_v02.simpl,4,1803.0303,0.988,21
105,tests/train_files/train_deep_many_dominated_no_large_v03.simpl,4,1969.6970,0.988,22
106,tests/train_files/train_deep_many_dominated_no_medium_v01.simpl,4,2312.5000,0.988,10
107,tests/train_files/train_deep_many_dominated_no_medium_v02.simpl,4,1400.0000,0.988,7
108,tests/train_files/train_deep_many_dominated_no_medium_v03.simpl,4,1600.0000,0.988,8
109,tests/train_files/train_deep_many_light_has_large_v01.simpl,4,2416.6665,0.988,31
110,tests/train_files/train_deep_many_light_has_large_v02.simpl,4,2250.0000,0.988,28
111,tests/train_files/train_deep_many_light_has_large_v03.simpl,4,2406.5217,0.988,29
112,tests/train_files/train_deep_many_light_has_medium_v01.simpl,4,2437.4998,0.988,11
113,tests/train_files/train_deep_many_light_has_medium_v02.simpl,4,1855.2632,0.987,8
114,tests/train_files/train_deep_many_light_has_medium_v03.simpl,4,1638.5966,0.987,9
115,tests/train_files/train_deep_many_light_no_large_v01.simpl,4,2850.0000,0.987,30
116,tests/train_files/train_deep_many_light_no_large_v02.simpl,4,1869.5652,0.987,27
117,tests/train_files/train_deep_many_light_no_large_v03.simpl,4,1912.0879,0.987,28
118,tests/train_files/train_deep_many_light_no_medium_v01.simpl,4,2312.5000,0.987,10
119,tests/train_files/train_deep_many_light_no_medium_v02.simpl,4,1749.9999,0.987,7
120,tests/train_files/train_deep_many_light_no_medium_v03.simpl,4,1999.9999,0.987,8
121,tests/train_files/train_deep_many_none_has_large_v01.simpl,4,2850.0000,0.987,33
122,tests/train_files/train_deep_many_none_has_large_v02.simpl,4,2043.3333,0.986,30
123,tests/train_files/train_deep_many_none_has_large_v03.simpl,4,2126.6667,0.986,31
124,tests/train_files/train_deep_many_none_has_medium_v01.simpl,4,3020.8333,0.986,11
125,tests/train_files/train_deep_many_none_has_medium_v02.simpl,4,1611.1111,0.986,8
126,tests/train_files/train_deep_many_none_has_medium_v03.simpl,4,2605.2632,0.986,9
127,tests/train_files/train_deep_many_none_no_large_v01.simpl,4,2595.2383,0.986,32
128,tests/train_files/train_deep_many_none_no_large_v02.simpl,4,2400.0000,0.986,29
129,tests/train_files/train_deep_many_none_no_large_v03.simpl,4,2600.0000,0.986,30
130,tests/train_files/train_deep_many_none_no_medium_v01.simpl,4,2312.5000,0.985,10
131,tests/train_files/train_deep_many_none_no_medium_v02.simpl,4,1400.0000,0.985,7
132,tests/train_files/train_deep_many_none_no_medium_v03.simpl,4,1999.9999,0.985,8
133,tests/train_files/train_deep_none_dominated_no_large_v01.simpl,4,1666.6667,0.985,35
134,tests/train_files/train_deep_none_dominated_no_large_v02.simpl,4,2058.8235,0.985,35
135,tests/train_files/train_deep_none_dominated_no_large_v03.simpl,4,1590.9091,0.985,35
136,tests/train_files/train_deep_none_dominated_no_medium_v01.simpl,4,100.0000,0.985,1
137,tests/train_files/train_deep_none_dominated_no_medium_v02.simpl,4,90.9091,0.985,1
138,tests/train_files/train_deep_none_dominated_no_medium_v03.simpl,4,90.9091,0.985,1
139,tests/train_files/train_deep_none_none_no_large_v01.simpl,4,1750.0000,0.984,35
140,tests/train_files/train_deep_none_none_no_large_v02.simpl,4,1750.0000,0.984,35
141,tests/train_files/train_deep_none_none_no_large_v03.simpl,4,1590.9091,0.984,35
142,tests/train_files/train_deep_none_none_no_medium_v01.simpl,4,0.0000,0.984,0
143,tests/train_files/train_deep_none_none_no_medium_v02.simpl,4,0.0000,0.984,0
144,tests/train_files/train_deep_none_none_no_medium_v03.simpl,4,0.0000,0.984,0
145,tests/train_files/train_none_few_dominated_has_large_v01.simpl,4,3704.7620,0.984,51
146,tests/train_files/train_none_few_dominated_has_large_v02.simpl,4,4186.8130,0.984,51
147,tests/train_files/train_none_few_dominated_has_large_v03.simpl,4,3928.5713,0.984,51
148,tests/train_files/train_none_few_dominated_has_medium_v01.simpl,4,3749.9998,0.983,11
149,tests/train_files/train_none_few_dominated_has_medium_v02.simpl,4,4333.3330,0.983,11
150,tests/train_files/train_none_few_dominated_has_medium_v03.simpl,4,3749.9998,0.983,11
151,tests/train_files/train_none_few_dominated_no_large_v01.simpl,4,4186.8130,0.983,51
152,tests/train_files/train_none_few_dominated_no_large_v02.simpl,4,3990.4763,0.983,53
153,tests/train_files/train_none_few_dominated_no_large_v03.simpl,4,4282.0513,0.983,51
154,tests/train_files/train_none_few_dominated_no_medium_v01.simpl,4,4333.3330,0.983,11
155,tests/train_files/train_none_few_dominated_no_medium_v02.simpl,4,4333.3330,0.983,13
156,tests/train_files/train_none_few_dominated_no_medium_v03.simpl,4,3749.9998,0.983,11
157,tests/train_files/train_none_few_light_has_large_v01.simpl,4,3766.6667,0.982,53
158,tests/train_files/train_none_few_light_has_large_v02.simpl,4,4269.2305,0.982,53
159,tests/train_files/train_none_few_light_has_large_v03.simpl,4,4340.6592,0.982,53
160,tests/train_files/train_none_few_light_has_medium_v01.simpl,4,4666.6665,0.982,12
161,tests/train_files/train_none_few_light_has_medium_v02.simpl,4,5999.9995,0.982,12
162,tests/train_files/train_none_few_light_has_medium_v03.simpl,4,4666.6665,0.982,12
163,tests/train_files/train_none_few_light_has_tiny_v01.simpl,4,4333.3330,0.982,11
164,tests/train_files/train_none_few_light_has_tiny_v02.simpl,4,5749.9995,0.982,11
165,tests/train_files/train_none_few_light_has_tiny_v03.simpl,4,7499.9995,0.982,11
166,tests/train_files/train_none_few_light_no_large_v01.simpl,4,4269.2305,0.981,53
167,tests/train_files/train_none_few_light_no_large_v02.simpl,4,4626.3735,0.981,55
168,tests/train_files/train_none_few_light_no_large_v03.simpl,4,4340.6592,0.981,53
169,tests/train_files/train_none_few_light_no_medium_v01.simpl,4,4666.6665,0.981,12
170,tests/train_files/train_none_few_light_no_medium_v02.simpl,4,4999.9995,0.981,14
171,tests/train_files/train_none_few_light_no_medium_v03.simpl,4,3333.3333,0.981,12
172,tests/train_files/train_none_few_light_no_tiny_v01.simpl,4,6333.3330,0.981,11
173,tests/train_files/train_none_few_light_no_tiny_v02.simpl,4,7749.9995,0.981,13
174,tests/train_files/train_none_few_light_no_tiny_v03.simpl,4,4333.3330,0.981,11
175,tests/train_files/train_none_few_none_has_large_v01.simpl,4,4142.8569,0.980,55
176,tests/train_files/train_none_few_none_has_large_v02.simpl,4,4142.8569,0.980,55
177,tests/train_files/train_none_few_none_has_large_v03.simpl,4,4494.5054,0.980,55
178,tests/train_files/train_none_few_none_has_medium_v01.simpl,4,6500.0000,0.980,14
179,tests/train_files/train_none_few_none_has_medium_v02.simpl,4,6500.0000,0.980,14
180,tests/train_files/train_none_few_none_has_medium_v03.simpl,4,4500.0000,0.980,14
181,tests/train_files/train_none_few_none_has_tiny_v01.simpl,4,6333.3330,0.980,11
182,tests/train_files/train_none_few_none_has_tiny_v02.simpl,4,5749.9995,0.980,11
183,tests/train_files/train_none_few_none_has_tiny_v03.simpl,4,6333.3330,0.980,11
184,tests/train_files/train_none_few_none_no_large_v01.simpl,4,4494.5054,0.979,55
185,tests/train_files/train_none_few_none_no_large_v02.simpl,4,4392.8569,0.979,57
186,tests/train_files/train_none_few_none_no_large_v03.simpl,4,3900.0000,0.979,55
187,tests/train_files/train_none_few_none_no_medium_v01.simpl,4,7333.3330,0.979,14
188,tests/train_files/train_none_few_none_no_medium_v02.simpl,4,5500.0000,0.979,16
189,tests/train_files/train_none_few_none_no_medium_v03.simpl,4,5333.3330,0.979,14
190,tests/train_files/train_none_few_none_no_tiny_v01.simpl,4,5749.9995,0.979,11
191,tests/train_files/train_none_few_none_no_tiny_v02.simpl,4,5333.3330,0.979,13
192,tests/train_files/train_none_few_none_no_tiny_v03.simpl,4,4333.3330,0.979,11
193,tests/train_files/train_none_many_dominated_has_large_v01.simpl,4,4021.9778,0.978,48
194,tests/train_files/train_none_many_dominated_has_large_v02.simpl,4,4916.6665,0.978,51
195,tests/train_files/train_none_many_dominated_has_large_v03.simpl,4,5109.0908,0.978,49
196,tests/train_files/train_none_many_dominated_has_medium_v01.simpl,4,5500.0000,0.978,20
197,tests/train_files/train_none_many_dominated_has_medium_v02.simpl,4,5000.0000,0.978,23
198,tests/train_files/train_none_many_dominated_has_medium_v03.simpl,4,6000.0000,0.978,21
199,tests/train_files/train_none_many_dominated_no_large_v01.simpl,4,3879.1206,0.978,47
200,tests/train_files/train_none_many_dominated_no_large_v02.simpl,4,4750.0000,0.978,50
201,tests/train_files/train_none_many_dominated_no_large_v03.simpl,4,4583.3330,0.978,48
202,tests/train_files/train_none_many_dominated_no_medium_v01.simpl,4,5749.9995,0.977,19
203,tests/train_files/train_none_many_dominated_no_medium_v02.simpl,4,6000.0000,0.977,22
204,tests/train_files/train_none_many_dominated_no_medium_v03.simpl,4,5500.0000,0.977,20
205,tests/train_files/train_none_many_light_has_large_v01.simpl,4,4394.2305,0.977,54
206,tests/train_files/train_none_many_light_has_large_v02.simpl,4,5102.5640,0.977,57
207,tests/train_files/train_none_many_light_has_large_v03.simpl,4,4769.2305,0.977,55
208,tests/train_files/train_none_many_light_has_medium_v01.simpl,4,8000.0000,0.977,20
209,tests/train_files/train_none_many_light_has_medium_v02.simpl,4,7749.9995,0.977,23
210,tests/train_files/train_none_many_light_has_medium_v03.simpl,4,6000.0000,0.976,21
211,tests/train_files/train_none_many_light_no_large_v01.simpl,4,4071.4285,0.976,53
212,tests/train_files/train_none_many_light_no_large_v02.simpl,4,5083.3330,0.976,56
213,tests/train_files/train_none_many_light_no_large_v03.simpl,4,4602.5640,0.976,54
214,tests/train_files/train_none_many_light_no_medium_v01.simpl,4,7749.9995,0.976,19
215,tests/train_files/train_none_many_light_no_medium_v02.simpl,4,6500.0000,0.976,22
216,tests/train_files/train_none_many_light_no_medium_v03.simpl,4,7142.8574,0.976,20
217,tests/train_files/train_none_many_none_has_large_v01.simpl,4,4548.0771,0.976,56
218,tests/train_files/train_none_many_none_has_large_v02.simpl,4,4400.0000,0.976,59
219,tests/train_files/train_none_many_none_has_large_v03.simpl,4,4400.0000,0.975,57
220,tests/train_files/train_none_many_none_has_medium_v01.simpl,4,8750.0000,0.975,20
221,tests/train_files/train_none_many_none_has_medium_v02.simpl,4,7000.0000,0.975,23
222,tests/train_files/train_none_many_none_has_medium_v03.simpl,4,6000.0000,0.975,21
223,tests/train_files/train_none_many_none_no_large_v01.simpl,4,4494.5054,0.975,55
224,tests/train_files/train_none_many_none_no_large_v02.simpl,4,4923.0767,0.975,58
225,tests/train_files/train_none_many_none_no_large_v03.simpl,4,4357.1426,0.975,56
226,tests/train_files/train_none_many_none_no_medium_v01.simpl,4,5749.9995,0.975,19
227,tests/train_files/train_none_many_none_no_medium_v02.simpl,4,7249.9995,0.975,22
228,tests/train_files/train_none_many_none_no_medium_v03.simpl,4,5500.0000,0.974,20
229,tests/train_files/train_none_none_dominated_no_large_v01.simpl,4,3500.0000,0.974,49
230,tests/train_files/train_none_none_dominated_no_large_v02.simpl,4,3500.0000,0.974,49
231,tests/train_files/train_none_none_dominated_no_large_v03.simpl,4,3062.4998,0.974,49
232,tests/train_files/train_none_none_dominated_no_medium_v01.simpl,4,1999.9999,0.974,8
233,tests/train_files/train_none_none_dominated_no_medium_v02.simpl,4,2666.6667,0.974,8
234,tests/train_files/train_none_none_dominated_no_medium_v03.simpl,4,1999.9999,0.974,8
235,tests/train_files/train_none_none_dominated_no_tiny_v01.simpl,4,500.0000,0.974,1
236,tests/train_files/train_none_none_dominated_no_tiny_v02.simpl,4,500.0000,0.974,1
237,tests/train_files/train_none_none_dominated_no_tiny_v03.simpl,4,500.0000,0.973,1
238,tests/train_files/train_none_none_none_no_large_v01.simpl,4,3025.2100,0.973,50
239,tests/train_files/train_none_none_none_no_large_v02.simpl,4,3205.3569,0.973,50
240,tests/train_files/train_none_none_none_no_large_v03.simpl,4,3409.5239,0.973,50
241,tests/train_files/train_none_none_none_no_medium_v01.simpl,4,3666.6667,0.973,9
242,tests/train_files/train_none_none_none_no_medium_v02.simpl,4,2999.9998,0.973,9
243,tests/train_files/train_none_none_none_no_medium_v03.simpl,4,3666.6667,0.973,9
244,tests/train_files/train_none_none_none_no_tiny_v01.simpl,4,999.9999,0.973,1
245,tests/train_files/train_none_none_none_no_tiny_v02.simpl,4,999.9999,0.973,1
246,tests/train_files/train_none_none_none_no_tiny_v03.simpl,4,999.9999,0.972,1
247,tests/train_files/train_shallow_few_dominated_has_large_v01.simpl,4,2166.6667,0.972,39
248,tests/train_files/train_shallow_few_dominated_has_large_v02.simpl,4,2317.6470,0.972,37
249,tests/train_files/train_shallow_few_dominated_has_large_v03.simpl,4,2200.0000,0.972,37
250,tests/train_files/train_shallow_few_dominated_has_medium_v01.simpl,4,954.5454,0.972,6
251,tests/train_files/train_shallow_few_dominated_has_medium_v02.simpl,4,1300.0000,0.972,4
252,tests/train_files/train_shallow_few_dominated_has_medium_v03.simpl,4,1272.7272,0.972,4
253,tests/train_files/train_shallow_few_dominated_no_large_v01.simpl,4,2138.8889,0.972,35
254,tests/train_files/train_shallow_few_dominated_no_large_v02.simpl,4,1833.3334,0.972,33
255,tests/train_files/train_shallow_few_dominated_no_large_v03.simpl,4,1950.0000,0.971,35
256,tests/train_files/train_shallow_few_dominated_no_medium_v01.simpl,4,424.2424,0.971,2
257,tests/train_files/train_shallow_few_dominated_no_medium_v02.simpl,4,0.0000,0.971,0
258,tests/train_files/train_shallow_few_dominated_no_medium_v03.simpl,4,590.9091,0.971,2
259,tests/train_files/train_shallow_few_light_has_large_v01.simpl,4,2365.0796,0.971,41
260,tests/train_files/train_shallow_few_light_has_large_v02.simpl,4,2311.1111,0.971,39
261,tests/train_files/train_shallow_few_light_has_large_v03.simpl,4,2166.6667,0.971,39
262,tests/train_files/train_shallow_few_light_has_medium_v01.simpl,4,1454.5454,0.971,6
263,tests/train_files/train_shallow_few_light_has_medium_v02.simpl,4,772.7272,0.971,4
264,tests/train_files/train_shallow_few_light_has_medium_v03.simpl,4,772.7272,0.970,4
265,tests/train_files/train_shallow_few_light_no_large_v01.simpl,4,2094.7368,0.970,37
266,tests/train_files/train_shallow_few_light_no_large_v02.simpl,4,1944.4446,0.970,35
267,tests/train_files/train_shallow_few_light_no_large_v03.simpl,4,1914.2858,0.970,37
268,tests/train_files/train_shallow_few_light_no_medium_v01.simpl,4,433.3333,0.970,2
269,tests/train_files/train_shallow_few_light_no_medium_v02.simpl,4,0.0000,0.970,0
270,tests/train_files/train_shallow_few_light_no_medium_v03.simpl,4,600.0000,0.970,2
271,tests/train_files/train_shallow_few_none_has_large_v01.simpl,4,2266.6667,0.970,43
272,tests/train_files/train_shallow_few_none_has_large_v02.simpl,4,2388.8892,0.970,41
273,tests/train_files/train_shallow_few_none_has_large_v03.simpl,4,2271.9299,0.969,41
274,tests/train_files/train_shallow_few_none_has_medium_v01.simpl,4,954.5454,0.969,6
275,tests/train_files/train_shallow_few_none_has_medium_v02.simpl,4,1333.3333,0.969,4
276,tests/train_files/train_shallow_few_none_has_medium_v03.simpl,4,1300.0000,0.969,4
277,tests/train_files/train_shallow_few_none_no_large_v01.simpl,4,2250.0000,0.969,39
278,tests/train_files/train_shallow_few_none_no_large_v02.simpl,4,2055.5557,0.969,37
279,tests/train_files/train_shallow_few_none_no_large_v03.simpl,4,2361.1111,0.969,39
280,tests/train_files/train_shallow_few_none_no_medium_v01.simpl,4,600.0000,0.969,2
281,tests/train_files/train_shallow_few_none_no_medium_v02.simpl,4,0.0000,0.969,0
282,tests/train_files/train_shallow_few_none_no_medium_v03.simpl,4,1100.0000,0.968,2
283,tests/train_files/train_shallow_many_dominated_has_large_v01.simpl,4,2916.6665,0.968,32
284,tests/train_files/train_shallow_many_dominated_has_large_v02.simpl,4,2686.2744,0.968,29
285,tests/train_files/train_shallow_many_dominated_has_large_v03.simpl,4,2527.7778,0.968,30
286,tests/train_files/train_shallow_many_dominated_has_medium_v01.simpl,4,3564.1025,0.968,11
287,tests/train_files/train_shallow_many_dominated_has_medium_v02.simpl,4,1903.8462,0.968,8
288,tests/train_files/train_shallow_many_dominated_has_medium_v03.simpl,4,2142.8569,0.968,9
289,tests/train_files/train_shallow_many_dominated_no_large_v01.simpl,4,2794.1177,0.968,31
290,tests/train_files/train_shallow_many_dominated_no_large_v02.simpl,4,2635.2939,0.967,28
291,tests/train_files/train_shallow_many_dominated_no_large_v03.simpl,4,2600.0000,0.967,29
292,tests/train_files/train_shallow_many_dominated_no_medium_v01.simpl,4,2340.9092,0.967,10
293,tests/train_files/train_shallow_many_dominated_no_medium_v02.simpl,4,1749.9999,0.967,7
294,tests/train_files/train_shallow_many_dominated_no_medium_v03.simpl,4,1999.9999,0.967,8
295,tests/train_files/train_shallow_many_light_has_large_v01.simpl,4,3266.6667,0.967,38
296,tests/train_files/train_shallow_many_light_has_large_v02.simpl,4,2955.8823,0.967,35
297,tests/train_files/train_shallow_many_light_has_large_v03.simpl,4,2850.0000,0.967,36
298,tests/train_files/train_shallow_many_light_has_medium_v01.simpl,4,3083.3333,0.967,11
299,tests/train_files/train_shallow_many_light_has_medium_v02.simpl,4,2309.5237,0.966,8
300,tests/train_files/train_shallow_many_light_has_medium_v03.simpl,4,2666.6667,0.966,9
301,tests/train_files/train_shallow_many_light_no_large_v01.simpl,4,3273.6841,0.966,37
302,tests/train_files/train_shallow_many_light_no_large_v02.simpl,4,2500.0000,0.966,34
303,tests/train_files/train_shallow_many_light_no_large_v03.simpl,4,2950.0000,0.966,35
304,tests/train_files/train_shallow_many_light_no_medium_v01.simpl,4,2340.9092,0.966,10
305,tests/train_files/train_shallow_many_light_no_medium_v02.simpl,4,2333.3333,0.966,7
306,tests/train_files/train_shallow_many_light_no_medium_v03.simpl,4,1999.9999,0.966,8
307,tests/train_files/train_shallow_many_none_has_large_v01.simpl,4,3144.4443,0.966,40
308,tests/train_files/train_shallow_many_none_has_large_v02.simpl,4,3323.5293,0.965,37
309,tests/train_files/train_shallow_many_none_has_large_v03.simpl,4,2950.0000,0.965,38
310,tests/train_files/train_shallow_many_none_has_medium_v01.simpl,4,3083.3333,0.965,11
311,tests/train_files/train_shallow_many_none_has_medium_v02.simpl,4,2403.8462,0.965,8
312,tests/train_files/train_shallow_many_none_has_medium_v03.simpl,4,3166.6667,0.965,9
313,tests/train_files/train_shallow_many_none_no_large_v01.simpl,4,3466.6667,0.965,39
314,tests/train_files/train_shallow_many_none_no_large_v02.simpl,4,2926.3159,0.965,36
315,tests/train_files/train_shallow_many_none_no_large_v03.simpl,4,3126.3159,0.965,37
316,tests/train_files/train_shallow_many_none_no_medium_v01.simpl,4,2340.9092,0.965,10
317,tests/train_files/train_shallow_many_none_no_medium_v02.simpl,4,2333.3333,0.964,7
318,tests/train_files/train_shallow_many_none_no_medium_v03.simpl,4,2666.6667,0.964,8
319,tests/train_files/train_shallow_none_dominated_no_large_v01.simpl,4,2470.5881,0.964,42
320,tests/train_files/train_shallow_none_dominated_no_large_v02.simpl,4,2800.0000,0.964,42
321,tests/train_files/train_shallow_none_dominated_no_large_v03.simpl,4,2333.3335,0.964,42
322,tests/train_files/train_shallow_none_dominated_no_medium_v01.simpl,4,142.8571,0.964,1
323,tests/train_files/train_shallow_none_dominated_no_medium_v02.simpl,4,142.8571,0.964,1
324,tests/train_files/train_shallow_none_dominated_no_medium_v03.simpl,4,125.0000,0.964,1
325,tests/train_files/train_shallow_none_none_no_large_v01.simpl,4,2333.3335,0.964,42
326,tests/train_files/train_shallow_none_none_no_large_v02.simpl,4,2333.3335,0.963,42
327,tests/train_files/train_shallow_none_none_no_large_v03.simpl,4,2100.0000,0.963,42
328,tests/train_files/train_shallow_none_none_no_medium_v01.simpl,4,125.0000,0.963,1
329,tests/train_files/train_shallow_none_none_no_medium_v02.simpl,4,125.0000,0.963,1
330,tests/train_files/train_shallow_none_none_no_medium_v03.simpl,4,111.1111,0.963,1
331,tests/train_files/train_shallow_none_none_no_tiny_v01.simpl,4,0.0000,0.963,0
332,tests/train_files/train_shallow_none_none_no_tiny_v02.simpl,4,0.0000,0.963,0
333,tests/train_files/train_shallow_none_none_no_tiny_v03.simpl,4,0.0000,0.963,0
334,tests/train_files/train_deep_few_dominated_has_large_v01.simpl,4,1547.8260,0.963,32
335,tests/train_files/train_deep_few_dominated_has_large_v02.simpl,4,1776.3158,0.962,30
336,tests/train_files/train_deep_few_dominated_has_large_v03.simpl,4,1518.1819,0.962,30
337,tests/train_files/train_deep_few_dominated_has_medium_v01.simpl,4,833.3333,0.962,6
338,tests/train_files/train_deep_few_dominated_has_medium_v02.simpl,4,700.0000,0.962,4
339,tests/train_files/train_deep_few_dominated_has_medium_v03.simpl,4,1200.0000,0.962,4
340,tests/train_files/train_deep_few_dominated_no_large_v01.simpl,4,1600.0000,0.962,28
341,tests/train_files/train_deep_few_dominated_no_large_v02.simpl,4,1238.0952,0.962,26
342,tests/train_files/train_deep_few_dominated_no_large_v03.simpl,4,1485.7144,0.962,28
343,tests/train_files/train_deep_few_dominated_no_medium_v01.simpl,4,558.8235,0.962,2
344,tests/train_files/train_deep_few_dominated_no_medium_v02.simpl,4,0.0000,0.961,0
345,tests/train_files/train_deep_few_dominated_no_medium_v03.simpl,4,566.6666,0.961,2
346,tests/train_files/train_deep_few_light_has_large_v01.simpl,4,1850.0000,0.961,34
347,tests/train_files/train_deep_few_light_has_large_v02.simpl,4,1659.0909,0.961,32
348,tests/train_files/train_deep_few_light_has_large_v03.simpl,4,1491.6666,0.961,32
349,tests/train_files/train_deep_few_light_has_medium_v01.simpl,4,1357.1428,0.961,6
350,tests/train_files/train_deep_few_light_has_medium_v02.simpl,4,533.3334,0.961,4
351,tests/train_files/train_deep_few_light_has_medium_v03.simpl,4,700.0000,0.961,4
352,tests/train_files/train_deep_few_light_no_large_v01.simpl,4,1630.9524,0.961,30
353,tests/train_files/train_deep_few_light_no_large_v02.simpl,4,1166.6666,0.960,28
354,tests/train_files/train_deep_few_light_no_large_v03.simpl,4,1568.1819,0.960,30
355,tests/train_files/train_deep_few_light_no_medium_v01.simpl,4,404.7619,0.960,2
356,tests/train_files/train_deep_few_light_no_medium_v02.simpl,4,0.0000,0.960,0
357,tests/train_files/train_deep_few_light_no_medium_v03.simpl,4,395.8333,0.960,2
358,tests/train_files/train_deep_few_none_has_large_v01.simpl,4,1809.5239,0.960,36
359,tests/train_files/train_deep_few_none_has_large_v02.simpl,4,1771.4286,0.960,34
360,tests/train_files/train_deep_few_none_has_large_v03.simpl,4,1634.7826,0.960,34
361,tests/train_files/train_deep_few_none_has_medium_v01.simpl,4,1294.1176,0.960,6
362,tests/train_files/train_deep_few_none_has_medium_v02.simpl,4,1200.0000,0.959,4
363,tests/train_files/train_deep_few_none_has_medium_v03.simpl,4,1200.0000,0.959,4
364,tests/train_files/train_deep_few_none_no_large_v01.simpl,4,1726.1906,0.959,32
365,tests/train_files/train_deep_few_none_no_large_v02.simpl,4,1363.6364,0.959,30
366,tests/train_files/train_deep_few_none_no_large_v03.simpl,4,1597.8260,0.959,32
367,tests/train_files/train_deep_few_none_no_medium_v01.simpl,4,558.8235,0.959,2
368,tests/train_files/train_deep_few_none_no_medium_v02.simpl,4,0.0000,0.959,0
369,tests/train_files/train_deep_few_none_no_medium_v03.simpl,4,571.4285,0.959,2
370,tests/train_files/train_deep_many_dominated_has_large_v01.simpl,4,2544.7368,0.958,25
371,tests/train_files/train_deep_many_dominated_has_large_v02.simpl,3,333.3333,0.958,1
372,tests/train_files/train_deep_many_dominated_has_large_v03.simpl,3,250.0000,0.958,1
373,tests/train_files/train_deep_many_dominated_has_medium_v01.simpl,3,333.3333,0.958,1
374,tests/train_files/train_deep_many_dominated_has_medium_v02.simpl,3,500.0000,0.958,1
375,tests/train_files/train_deep_many_dominated_has_medium_v03.simpl,3,500.0000,0.958,1
376,tests/train_files/train_deep_many_dominated_no_large_v01.simpl,3,0.0000,0.958,0
377,tests/train_files/train_deep_many_dominated_no_large_v02.simpl,3,0.0000,0.958,0
378,tests/train_files/train_deep_many_dominated_no_large_v03.simpl,3,0.0000,0.958,0
379,tests/train_files/train_deep_many_dominated_no_medium_v01.simpl,3,0.0000,0.957,0
380,tests/train_files/train_deep_many_dominated_no_medium_v02.simpl,3,0.0000,0.957,0
381,tests/train_files/train_deep_many_dominated_no_medium_v03.simpl,3,0.0000,0.957,0
382,tests/train_files/train_deep_many_light_has_large_v01.simpl,3,200.0000,0.957,1
383,tests/train_files/train_deep_many_light_has_large_v02.simpl,3,250.0000,0.957,1
384,tests/train_files/train_deep_many_light_has_large_v03.simpl,3,250.0000,0.957,1
385,tests/train_files/train_deep_many_light_has_medium_v01.simpl,3,500.0000,0.957,1
386,tests/train_files/train_deep_many_light_has_medium_v02.simpl,3,500.0000,0.957,1
387,tests/train_files/train_deep_many_light_has_medium_v03.simpl,3,500.0000,0.957,1
388,tests/train_files/train_deep_many_light_no_large_v01.simpl,3,0.0000,0.956,0
389,tests/train_files/train_deep_many_light_no_large_v02.simpl,3,0.0000,0.956,0
390,tests/train_files/train_deep_many_light_no_large_v03.simpl,3,0.0000,0.956,0
391,tests/train_files/train_deep_many_light_no_medium_v01.simpl,3,0.0000,0.956,0
392,tests/train_files/train_deep_many_light_no_medium_v02.simpl,3,0.0000,0.956,0
393,tests/train_files/train_deep_many_light_no_medium_v03.simpl,3,0.0000,0.956,0
394,tests/train_files/train_deep_many_none_has_large_v01.simpl,3,250.0000,0.956,1
395,tests/train_files/train_deep_many_none_has_large_v02.simpl,3,200.0000,0.956,1
396,tests/train_files/train_deep_many_none_has_large_v03.simpl,3,200.0000,0.956,1
397,tests/train_files/train_deep_many_none_has_medium_v01.simpl,3,500.0000,0.955,1
398,tests/train_files/train_deep_many_none_has_medium_v02.simpl,3,500.0000,0.955,1
399,tests/train_files/train_deep_many_none_has_medium_v03.simpl,3,333.3333,0.955,1
400,tests/train_files/train_deep_many_none_no_large_v01.simpl,3,0.0000,0.955,0
401,tests/train_files/train_deep_many_none_no_large_v02.simpl,3,0.0000,0.955,0
402,tests/train_files/train_deep_many_none_no_large_v03.simpl,3,0.0000,0.955,0
403,tests/train_files/train_deep_many_none_no_medium_v01.simpl,3,0.0000,0.955,0
404,tests/train_files/train_deep_many_none_no_medium_v02.simpl,3,0.0000,0.955,0
405,tests/train_files/train_deep_many_none_no_medium_v03.simpl,3,0.0000,0.955,0
406,tests/train_files/train_deep_none_dominated_no_large_v01.simpl,3,0.0000,0.954,0
407,tests/train_files/train_deep_none_dominated_no_large_v02.simpl,3,0.0000,0.954,0
408,tests/train_files/train_deep_none_dominated_no_large_v03.simpl,3,0.0000,0.954,0
409,tests/train_files/train_deep_none_dominated_no_medium_v01.simpl,3,0.0000,0.954,0
410,tests/train_files/train_deep_none_dominated_no_medium_v02.simpl,3,0.0000,0.954,0
411,tests/train_files/train_deep_none_dominated_no_medium_v03.simpl,3,0.0000,0.954,0
412,tests/train_files/train_deep_none_none_no_large_v01.simpl,3,0.0000,0.954,0
413,tests/train_files/train_deep_none_none_no_large_v02.simpl,3,0.0000,0.954,0
414,tests/train_files/train_deep_none_none_no_large_v03.simpl,3,0.0000,0.954,0
415,tests/train_files/train_deep_none_none_no_medium_v01.simpl,3,0.0000,0.953,0
416,tests/train_files/train_deep_none_none_no_medium_v02.simpl,3,0.0000,0.953,0
417,tests/train_files/train_deep_none_none_no_medium_v03.simpl,3,0.0000,0.953,0
418,tests/train_files/train_none_few_dominated_has_large_v01.simpl,3,500.0000,0.953,4
419,tests/train_files/train_none_few_dominated_has_large_v02.simpl,3,444.4445,0.953,4
420,tests/train_files/train_none_few_dominated_has_large_v03.simpl,3,571.4285,0.953,4
421,tests/train_files/train_none_few_dominated_has_medium_v01.simpl,3,3999.9998,0.953,4
422,tests/train_files/train_none_few_dominated_has_medium_v02.simpl,3,3999.9998,0.953,4
423,tests/train_files/train_none_few_dominated_has_medium_v03.simpl,3,1999.9999,0.953,4
424,tests/train_files/train_none_few_dominated_no_large_v01.simpl,3,571.4285,0.952,4
425,tests/train_files/train_none_few_dominated_no_large_v02.simpl,3,749.9999,0.952,6
426,tests/train_files/train_none_few_dominated_no_large_v03.simpl,3,666.6667,0.952,4
427,tests/train_files/train_none_few_dominated_no_medium_v01.simpl,3,3999.9998,0.952,4
428,tests/train_files/train_none_few_dominated_no_medium_v02.simpl,3,2000.0000,0.952,6
429,tests/train_files/train_none_few_dominated_no_medium_v03.simpl,3,1999.9999,0.952,4
430,tests/train_files/train_none_few_light_has_large_v01.simpl,3,571.4285,0.952,4
431,tests/train_files/train_none_few_light_has_large_v02.simpl,3,500.0000,0.952,4
432,tests/train_files/train_none_few_light_has_large_v03.simpl,3,571.4285,0.952,4
433,tests/train_files/train_none_few_light_has_medium_v01.simpl,3,3999.9998,0.951,4
434,tests/train_files/train_none_few_light_has_medium_v02.simpl,3,3999.9998,0.951,4
435,tests/train_files/train_none_few_light_has_medium_v03.simpl,3,1999.9999,0.951,4
436,tests/train_files/train_none_few_light_has_tiny_v01.simpl,3,3999.9998,0.951,4
437,tests/train_files/train_none_few_light_has_tiny_v02.simpl,3,1999.9999,0.951,4
438,tests/train_files/train_none_few_light_has_tiny_v03.simpl,3,3999.9998,0.951,4
439,tests/train_files/train_none_few_light_no_large_v01.simpl,3,444.4445,0.951,4
440,tests/train_files/train_none_few_light_no_large_v02.simpl,3,749.9999,0.951,6
441,tests/train_files/train_none_few_light_no_large_v03.simpl,3,571.4285,0.951,4
442,tests/train_files/train_none_few_light_no_medium_v01.simpl,3,1999.9999,0.950,4
443,tests/train_files/train_none_few_light_no_medium_v02.simpl,3,5999.9995,0.950,6
444,tests/train_files/train_none_few_light_no_medium_v03.simpl,3,1999.9999,0.950,4
445,tests/train_files/train_none_few_light_no_tiny_v01.simpl,3,3999.9998,0.950,4
446,tests/train_files/train_none_few_light_no_tiny_v02.simpl,3,5999.9995,0.950,6
447,tests/train_files/train_none_few_light_no_tiny_v03.simpl,3,3999.9998,0.950,4
448,tests/train_files/train_none_few_none_has_large_v01.simpl,3,500.0000,0.950,4
449,tests/train_files/train_none_few_none_has_large_v02.simpl,3,500.0000,0.950,4
450,tests/train_files/train_none_few_none_has_large_v03.simpl,3,500.0000,0.949,4
451,tests/train_files/train_none_few_none_has_medium_v01.simpl,3,1999.9999,0.949,4
452,tests/train_files/train_none_few_none_has_medium_v02.simpl,3,3999.9998,0.949,4
453,tests/train_files/train_none_few_none_has_medium_v03.simpl,3,3999.9998,0.949,4
454,tests/train_files/train_none_few_none_has_tiny_v01.simpl,3,1999.9999,0.949,4
455,tests/train_files/train_none_few_none_has_tiny_v02.simpl,3,1999.9999,0.949,4
456,tests/train_files/train_none_few_none_has_tiny_v03.simpl,3,3999.9998,0.949,4
457,tests/train_files/train_none_few_none_no_large_v01.simpl,3,444.4445,0.949,4
458,tests/train_files/train_none_few_none_no_large_v02.simpl,3,749.9999,0.949,6
459,tests/train_files/train_none_few_none_no_large_v03.simpl,3,571.4285,0.948,4
460,tests/train_files/train_none_few_none_no_medium_v01.simpl,3,1333.3334,0.948,4
461,tests/train_files/train_none_few_none_no_medium_v02.simpl,3,2999.9998,0.948,6
462,tests/train_files/train_none_few_none_no_medium_v03.simpl,3,1999.9999,0.948,4
463,tests/train_files/train_none_few_none_no_tiny_v01.simpl,3,3999.9998,0.948,4
464,tests/train_files/train_none_few_none_no_tiny_v02.simpl,3,5999.9995,0.948,6
465,tests/train_files/train_none_few_none_no_tiny_v03.simpl,3,3999.9998,0.948,4
466,tests/train_files/train_none_many_dominated_has_large_v01.simpl,3,714.2857,0.948,5
467,tests/train_files/train_none_many_dominated_has_large_v02.simpl,3,1142.8571,0.948,8
468,tests/train_files/train_none_many_dominated_has_large_v03.simpl,3,1000.0000,0.947,6
469,tests/train_files/train_none_many_dominated_has_medium_v01.simpl,3,2500.0000,0.947,5
470,tests/train_files/train_none_many_dominated_has_medium_v02.simpl,3,2666.6667,0.947,8
471,tests/train_files/train_none_many_dominated_has_medium_v03.simpl,3,2999.9998,0.947,6
472,tests/train_files/train_none_many_dominated_no_large_v01.simpl,3,666.6667,0.947,4
473,tests/train_files/train_none_many_dominated_no_large_v02.simpl,3,1166.6666,0.947,7
474,tests/train_files/train_none_many_dominated_no_large_v03.simpl,3,833.3333,0.947,5
475,tests/train_files/train_none_many_dominated_no_medium_v01.simpl,3,1999.9999,0.947,4
476,tests/train_files/train_none_many_dominated_no_medium_v02.simpl,3,3499.9998,0.947,7
477,tests/train_files/train_none_many_dominated_no_medium_v03.simpl,3,2500.0000,0.946,5
478,tests/train_files/train_none_many_light_has_large_v01.simpl,3,714.2857,0.946,5
479,tests/train_files/train_none_many_light_has_large_v02.simpl,3,1142.8571,0.946,8
480,tests/train_files/train_none_many_light_has_large_v03.simpl,3,1000.0000,0.946,6
481,tests/train_files/train_none_many_light_has_medium_v01.simpl,3,2500.0000,0.946,5
482,tests/train_files/train_none_many_light_has_medium_v02.simpl,3,3999.9998,0.946,8
483,tests/train_files/train_none_many_light_has_medium_v03.simpl,3,2999.9998,0.946,6
484,tests/train_files/train_none_many_light_no_large_v01.simpl,3,571.4285,0.946,4
485,tests/train_files/train_none_many_light_no_large_v02.simpl,3,999.9999,0.946,7
486,tests/train_files/train_none_many_light_no_large_v03.simpl,3,714.2857,0.945,5
487,tests/train_files/train_none_many_light_no_medium_v01.simpl,3,1999.9999,0.945,4
488,tests/train_files/train_none_many_light_no_medium_v02.simpl,3,3499.9998,0.945,7
489,tests/train_files/train_none_many_light_no_medium_v03.simpl,3,2500.0000,0.945,5
490,tests/train_files/train_none_many_none_has_large_v01.simpl,3,625.0000,0.945,5
491,tests/train_files/train_none_many_none_has_large_v02.simpl,3,999.9999,0.945,8
492,tests/train_files/train_none_many_none_has_large_v03.simpl,3,857.1428,0.945,6
493,tests/train_files/train_none_many_none_has_medium_v01.simpl,3,2500.0000,0.945,5
494,tests/train_files/train_none_many_none_has_medium_v02.simpl,3,3999.9998,0.945,8
495,tests/train_files/train_none_many_none_has_medium_v03.simpl,3,2999.9998,0.944,6
496,tests/train_files/train_none_many_none_no_large_v01.simpl,3,571.4285,0.944,4
497,tests/train_files/train_none_many_none_no_large_v02.simpl,3,999.9999,0.944,7
498,tests/train_files/train_none_many_none_no_large_v03.simpl,3,833.3333,0.944,5
499,tests/train_files/train_none_many_none_no_medium_v01.simpl,3,3999.9998,0.944,4
500,tests/train_files/train_none_many_none_no_medium_v02.simpl,3,3499.9998,0.944,7
501,tests/train_files/train_none_many_none_no_medium_v03.simpl,3,2500.0000,0.944,5
502,tests/train_files/train_none_none_dominated_no_large_v01.simpl,3,0.0000,0.944,0
503,tests/train_files/train_none_none_dominated_no_large_v02.simpl,3,0.0000,0.944,0
504,tests/train_files/train_none_none_dominated_no_large_v03.simpl,3,0.0000,0.943,0
505,tests/train_files/train_none_none_dominated_no_medium_v01.simpl,3,0.0000,0.943,0
506,tests/train_files/train_none_none_dominated_no_medium_v02.simpl,3,0.0000,0.943,0
507,tests/train_files/train_none_none_dominated_no_medium_v03.simpl,3,0.0000,0.943,0
508,tests/train_files/train_none_none_dominated_no_tiny_v01.simpl,3,0.0000,0.943,0
509,tests/train_files/train_none_none_dominated_no_tiny_v02.simpl,3,0.0000,0.943,0
510,tests/train_files/train_none_none_dominated_no_tiny_v03.simpl,3,0.0000,0.943,0
511,tests/train_files/train_none_none_none_no_large_v01.simpl,3,125.0000,0.943,1
512,tests/train_files/train_none_none_none_no_large_v02.simpl,3,142.8571,0.943,1
513,tests/train_files/train_none_none_none_no_large_v03.simpl,3,142.8571,0.942,1
514,tests/train_files/train_none_none_none_no_medium_v01.simpl,3,999.9999,0.942,1
515,tests/train_files/train_none_none_none_no_medium_v02.simpl,3,500.0000,0.942,1
516,tests/train_files/train_none_none_none_no_medium_v03.simpl,3,500.0000,0.942,1
517,tests/train_files/train_none_none_none_no_tiny_v01.simpl,3,999.9999,0.942,1
518,tests/train_files/train_none_none_none_no_tiny_v02.simpl,3,999.9999,0.942,1
519,tests/train_files/train_none_none_none_no_tiny_v03.simpl,3,999.9999,0.942,1
520,tests/train_files/train_shallow_few_dominated_has_large_v01.simpl,3,166.6667,0.942,1
521,tests/train_files/train_shallow_few_dominated_has_large_v02.simpl,3,250.0000,0.942,1
522,tests/train_files/train_shallow_few_dominated_has_large_v03.simpl,3,166.6667,0.941,1
523,tests/train_files/train_shallow_few_dominated_has_medium_v01.simpl,3,500.0000,0.941,1
524,tests/train_files/train_shallow_few_dominated_has_medium_v02.simpl,3,999.9999,0.941,1
525,tests/train_files/train_shallow_few_dominated_has_medium_v03.simpl,3,500.0000,0.941,1
526,tests/train_files/train_shallow_few_dominated_no_large_v01.simpl,3,0.0000,0.941,0
527,tests/train_files/train_shallow_few_dominated_no_large_v02.simpl,3,0.0000,0.941,0
528,tests/train_files/train_shallow_few_dominated_no_large_v03.simpl,3,0.0000,0.941,0
529,tests/train_files/train_shallow_few_dominated_no_medium_v01.simpl,3,0.0000,0.941,0
530,tests/train_files/train_shallow_few_dominated_no_medium_v02.simpl,3,0.0000,0.940,0
531,tests/train_files/train_shallow_few_dominated_no_medium_v03.simpl,3,0.0000,0.940,0
532,tests/train_files/train_shallow_few_light_has_large_v01.simpl,3,200.0000,0.940,1
533,tests/train_files/train_shallow_few_light_has_large_v02.simpl,3,200.0000,0.940,1
534,tests/train_files/train_shallow_few_light_has_large_v03.simpl,3,166.6667,0.940,1
535,tests/train_files/train_shallow_few_light_has_medium_v01.simpl,3,999.9999,0.940,1
536,tests/train_files/train_shallow_few_light_has_medium_v02.simpl,3,500.0000,0.940,1
537,tests/train_files/train_shallow_few_light_has_medium_v03.simpl,3,500.0000,0.940,1
538,tests/train_files/train_shallow_few_light_no_large_v01.simpl,3,0.0000,0.940,0
539,tests/train_files/train_shallow_few_light_no_large_v02.simpl,3,0.0000,0.939,0
540,tests/train_files/train_shallow_few_light_no_large_v03.simpl,3,0.0000,0.939,0
541,tests/train_files/train_shallow_few_light_no_medium_v01.simpl,3,0.0000,0.939,0
542,tests/train_files/train_shallow_few_light_no_medium_v02.simpl,3,0.0000,0.939,0
543,tests/train_files/train_shallow_few_light_no_medium_v03.simpl,3,0.0000,0.939,0
544,tests/train_files/train_shallow_few_none_has_large_v01.simpl,3,166.6667,0.939,1
545,tests/train_files/train_shallow_few_none_has_large_v02.simpl,3,166.6667,0.939,1
546,tests/train_files/train_shallow_few_none_has_large_v03.simpl,3,166.6667,0.939,1
547,tests/train_files/train_shallow_few_none_has_medium_v01.simpl,3,999.9999,0.939,1
548,tests/train_files/train_shallow_few_none_has_medium_v02.simpl,3,999.9999,0.938,1
549,tests/train_files/train_shallow_few_none_has_medium_v03.simpl,3,500.0000,0.938,1
550,tests/train_files/train_shallow_few_none_no_large_v01.simpl,3,0.0000,0.938,0
551,tests/train_files/train_shallow_few_none_no_large_v02.simpl,3,0.0000,0.938,0
552,tests/train_files/train_shallow_few_none_no_large_v03.simpl,3,0.0000,0.938,0
553,tests/train_files/train_shallow_few_none_no_medium_v01.simpl,3,0.0000,0.938,0
554,tests/train_files/train_shallow_few_none_no_medium_v02.simpl,3,0.0000,0.938,0
555,tests/train_files/train_shallow_few_none_no_medium_v03.simpl,3,0.0000,0.938,0
556,tests/train_files/train_shallow_many_dominated_has_large_v01.simpl,3,250.0000,0.938,1
557,tests/train_files/train_shallow_many_dominated_has_large_v02.simpl,3,250.0000,0.937,1
558,tests/train_files/train_shallow_many_dominated_has_large_v03.simpl,3,250.0000,0.937,1
559,tests/train_files/train_shallow_many_dominated_has_medium_v01.simpl,3,500.0000,0.937,1
560,tests/train_files/train_shallow_many_dominated_has_medium_v02.simpl,3,500.0000,0.937,1
561,tests/train_files/train_shallow_many_dominated_has_medium_v03.simpl,3,500.0000,0.937,1
562,tests/train_files/train_shallow_many_dominated_no_large_v01.simpl,3,0.0000,0.937,0
563,tests/train_files/train_shallow_many_dominated_no_large_v02.simpl,3,0.0000,0.937,0
564,tests/train_files/train_shallow_many_dominated_no_large_v03.simpl,3,0.0000,0.937,0
565,tests/train_files/train_shallow_many_dominated_no_medium_v01.simpl,3,0.0000,0.937,0
566,tests/train_files/train_shallow_many_dominated_no_medium_v02.simpl,3,0.0000,0.936,0
567,tests/train_files/train_shallow_many_dominated_no_medium_v03.simpl,3,0.0000,0.936,0
568,tests/train_files/train_shallow_many_light_has_large_v01.simpl,3,200.0000,0.936,1
569,tests/train_files/train_shallow_many_light_has_large_v02.simpl,3,200.0000,0.936,1
570,tests/train_files/train_shallow_many_light_has_large_v03.simpl,3,200.0000,0.936,1
571,tests/train_files/train_shallow_many_light_has_medium_v01.simpl,3,500.0000,0.936,1
572,tests/train_files/train_shallow_many_light_has_medium_v02.simpl,3,500.0000,0.936,1
573,tests/train_files/train_shallow_many_light_has_medium_v03.simpl,3,333.3333,0.936,1
574,tests/train_files/train_shallow_many_light_no_large_v01.simpl,3,0.0000,0.936,0
575,tests/train_files/train_shallow_many_light_no_large_v02.simpl,3,0.0000,0.935,0
576,tests/train_files/train_shallow_many_light_no_large_v03.simpl,3,0.0000,0.935,0
577,tests/train_files/train_shallow_many_light_no_medium_v01.simpl,3,0.0000,0.935,0
578,tests/train_files/train_shallow_many_light_no_medium_v02.simpl,3,0.0000,0.935,0
579,tests/train_files/train_shallow_many_light_no_medium_v03.simpl,3,0.0000,0.935,0
580,tests/train_files/train_shallow_many_none_has_large_v01.simpl,3,166.6667,0.935,1
581,tests/train_files/train_shallow_many_none_has_large_v02.simpl,3,250.0000,0.935,1
582,tests/train_files/train_shallow_many_none_has_large_v03.simpl,3,200.0000,0.935,1
583,tests/train_files/train_shallow_many_none_has_medium_v01.simpl,3,333.3333,0.935,1
584,tests/train_files/train_shallow_many_none_has_medium_v02.simpl,3,500.0000,0.934,1
585,tests/train_files/train_shallow_many_none_has_medium_v03.simpl,3,333.3333,0.934,1
586,tests/train_files/train_shallow_many_none_no_large_v01.simpl,3,0.0000,0.934,0
587,tests/train_files/train_shallow_many_none_no_large_v02.simpl,3,0.0000,0.934,0
588,tests/train_files/train_shallow_many_none_no_large_v03.simpl,3,0.0000,0.934,0
589,tests/train_files/train_shallow_many_none_no_medium_v01.simpl,3,0.0000,0.934,0
590,tests/train_files/train_shallow_many_none_no_medium_v02.simpl,3,0.0000,0.934,0
591,tests/train_files/train_shallow_many_none_no_medium_v03.simpl,3,0.0000,0.934,0
592,tests/train_files/train_shallow_none_dominated_no_large_v01.simpl,3,0.0000,0.934,0
593,tests/train_files/train_shallow_none_dominated_no_large_v02.simpl,3,0.0000,0.933,0
594,tests/train_files/train_shallow_none_dominated_no_large_v03.simpl,3,0.0000,0.933,0
595,tests/train_files/train_shallow_none_dominated_no_medium_v01.simpl,3,0.0000,0.933,0
596,tests/train_files/train_shallow_none_dominated_no_medium_v02.simpl,3,0.0000,0.933,0
597,tests/train_files/train_shallow_none_dominated_no_medium_v03.simpl,3,0.0000,0.933,0
598,tests/train_files/train_shallow_none_none_no_large_v01.simpl,3,0.0000,0.933,0
599,tests/train_files/train_shallow_none_none_no_large_v02.simpl,3,0.0000,0.933,0
600,tests/train_files/train_shallow_none_none_no_large_v03.simpl,3,0.0000,0.933,0
601,tests/train_files/train_shallow_none_none_no_medium_v01.simpl,3,0.0000,0.933,0
602,tests/train_files/train_shallow_none_none_no_medium_v02.simpl,3,0.0000,0.932,0
603,tests/train_files/train_shallow_none_none_no_medium_v03.simpl,3,0.0000,0.932,0
604,tests/train_files/train_shallow_none_none_no_tiny_v01.simpl,3,0.0000,0.932,0
605,tests/train_files/train_shallow_none_none_no_tiny_v02.simpl,3,0.0000,0.932,0
606,tests/train_files/train_shallow_none_none_no_tiny_v03.simpl,3,0.0000,0.932,0
607,tests/train_files/train_deep_few_dominated_has_large_v01.simpl,3,200.0000,0.932,1
608,tests/train_files/train_deep_few_dominated_has_large_v02.simpl,3,200.0000,0.932,1
609,tests/train_files/train_deep_few_dominated_has_large_v03.simpl,3,200.0000,0.932,1
610,tests/train_files/train_deep_few_dominated_has_medium_v01.simpl,3,500.0000,0.931,1
611,tests/train_files/train_deep_few_dominated_has_medium_v02.simpl,3,333.3333,0.931,1
612,tests/train_files/train_deep_few_dominated_has_medium_v03.simpl,3,500.0000,0.931,1
613,tests/train_files/train_deep_few_dominated_no_large_v01.simpl,3,0.0000,0.931,0
614,tests/train_files/train_deep_few_dominated_no_large_v02.simpl,3,0.0000,0.931,0
615,tests/train_files/train_deep_few_dominated_no_large_v03.simpl,3,0.0000,0.931,0
616,tests/train_files/train_deep_few_dominated_no_medium_v01.simpl,3,0.0000,0.931,0
617,tests/train_files/train_deep_few_dominated_no_medium_v02.simpl,3,0.0000,0.931,0
618,tests/train_files/train_deep_few_dominated_no_medium_v03.simpl,3,0.0000,0.931,0
619,tests/train_files/train_deep_few_light_has_large_v01.simpl,3,200.0000,0.930,1
620,tests/train_files/train_deep_few_light_has_large_v02.simpl,3,200.0000,0.930,1
621,tests/train_files/train_deep_few_light_has_large_v03.simpl,3,200.0000,0.930,1
622,tests/train_files/train_deep_few_light_has_medium_v01.simpl,3,500.0000,0.930,1
623,tests/train_files/train_deep_few_light_has_medium_v02.simpl,3,333.3333,0.930,1
624,tests/train_files/train_deep_few_light_has_medium_v03.simpl,3,500.0000,0.930,1
625,tests/train_files/train_deep_few_light_no_large_v01.simpl,3,0.0000,0.930,0
626,tests/train_files/train_deep_few_light_no_large_v02.simpl,3,0.0000,0.930,0
627,tests/train_files/train_deep_few_light_no_large_v03.simpl,3,0.0000,0.930,0
628,tests/train_files/train_deep_few_light_no_medium_v01.simpl,3,0.0000,0.929,0
629,tests/train_files/train_deep_few_light_no_medium_v02.simpl,3,0.0000,0.929,0
630,tests/train_files/train_deep_few_light_no_medium_v03.simpl,3,0.0000,0.929,0
631,tests/train_files/train_deep_few_none_has_large_v01.simpl,3,200.0000,0.929,1
632,tests/train_files/train_deep_few_none_has_large_v02.simpl,3,200.0000,0.929,1
633,tests/train_files/train_deep_few_none_has_large_v03.simpl,3,200.0000,0.929,1
634,tests/train_files/train_deep_few_none_has_medium_v01.simpl,3,999.9999,0.929,1
635,tests/train_files/train_deep_few_none_has_medium_v02.simpl,3,999.9999,0.929,1
636,tests/train_files/train_deep_few_none_has_medium_v03.simpl,3,500.0000,0.929,1
637,tests/train_files/train_deep_few_none_no_large_v01.simpl,3,0.0000,0.928,0
638,tests/train_files/train_deep_few_none_no_large_v02.simpl,3,0.0000,0.928,0
639,tests/train_files/train_deep_few_none_no_large_v03.simpl,3,0.0000,0.928,0
640,tests/train_files/train_deep_few_none_no_medium_v01.simpl,3,0.0000,0.928,0
641,tests/train_files/train_deep_few_none_no_medium_v02.simpl,3,0.0000,0.928,0
642,tests/train_files/train_deep_few_none_no_medium_v03.simpl,3,0.0000,0.928,0
643,tests/train_files/train_deep_many_dominated_has_large_v01.simpl,3,333.3333,0.928,1
644,tests/train_files/train_deep_many_dominated_has_large_v02.simpl,3,333.3333,0.928,1
645,tests/train_files/train_deep_many_dominated_has_large_v03.simpl,3,250.0000,0.928,1
646,tests/train_files/train_deep_many_dominated_has_medium_v01.simpl,3,500.0000,0.927,1
647,tests/train_files/train_deep_many_dominated_has_medium_v02.simpl,3,500.0000,0.927,1
648,tests/train_files/train_deep_many_dominated_has_medium_v03.simpl,3,500.0000,0.927,1
649,tests/train_files/train_deep_many_dominated_no_large_v01.simpl,3,0.0000,0.927,0
650,tests/train_files/train_deep_many_dominated_no_large_v02.simpl,3,0.0000,0.927,0
651,tests/train_files/train_deep_many_dominated_no_large_v03.simpl,3,0.0000,0.927,0
652,tests/train_files/train_deep_many_dominated_no_medium_v01.simpl,3,0.0000,0.927,0
653,tests/train_files/train_deep_many_dominated_no_medium_v02.simpl,3,0.0000,0.927,0
654,tests/train_files/train_deep_many_dominated_no_medium_v03.simpl,3,0.0000,0.927,0
655,tests/train_files/train_deep_many_light_has_large_v01.simpl,3,250.0000,0.926,1
656,tests/train_files/train_deep_many_light_has_large_v02.simpl,3,250.0000,0.926,1
657,tests/train_files/train_deep_many_light_has_large_v03.simpl,3,200.0000,0.926,1
658,tests/train_files/train_deep_many_light_has_medium_v01.simpl,3,500.0000,0.926,1
659,tests/train_files/train_deep_many_light_has_medium_v02.simpl,3,333.3333,0.926,1
660,tests/train_files/train_deep_many_light_has_medium_v03.simpl,3,500.0000,0.926,1
661,tests/train_files/train_deep_many_light_no_large_v01.simpl,3,0.0000,0.926,0
662,tests/train_files/train_deep_many_light_no_large_v02.simpl,3,0.0000,0.926,0
663,tests/train_files/train_deep_many_light_no_large_v03.simpl,3,0.0000,0.926,0
664,tests/train_files/train_deep_many_light_no_medium_v01.simpl,3,0.0000,0.925,0
665,tests/train_files/train_deep_many_light_no_medium_v02.simpl,3,0.0000,0.925,0
666,tests/train_files/train_deep_many_light_no_medium_v03.simpl,3,0.0000,0.925,0
667,tests/train_files/train_deep_many_none_has_large_v01.simpl,3,166.6667,0.925,1
668,tests/train_files/train_deep_many_none_has_large_v02.simpl,3,166.6667,0.925,1
669,tests/train_files/train_deep_many_none_has_large_v03.simpl,3,250.0000,0.925,1
670,tests/train_files/train_deep_many_none_has_medium_v01.simpl,3,333.3333,0.925,1
671,tests/train_files/train_deep_many_none_has_medium_v02.simpl,3,333.3333,0.925,1
672,tests/train_files/train_deep_many_none_has_medium_v03.simpl,3,333.3333,0.925,1
673,tests/train_files/train_deep_many_none_no_large_v01.simpl,3,0.0000,0.924,0
674,tests/train_files/train_deep_many_none_no_large_v02.simpl,3,0.0000,0.924,0
675,tests/train_files/train_deep_many_none_no_large_v03.simpl,3,0.0000,0.924,0
676,tests/train_files/train_deep_many_none_no_medium_v01.simpl,3,0.0000,0.924,0
677,tests/train_files/train_deep_many_none_no_medium_v02.simpl,3,0.0000,0.924,0
678,tests/train_files/train_deep_many_none_no_medium_v03.simpl,3,0.0000,0.924,0
679,tests/train_files/train_deep_none_dominated_no_large_v01.simpl,3,0.0000,0.924,0
680,tests/train_files/train_deep_none_dominated_no_large_v02.simpl,3,0.0000,0.924,0
681,tests/train_files/train_deep_none_dominated_no_large_v03.simpl,3,0.0000,0.924,0
682,tests/train_files/train_deep_none_dominated_no_medium_v01.simpl,3,0.0000,0.923,0
683,tests/train_files/train_deep_none_dominated_no_medium_v02.simpl,3,0.0000,0.923,0
684,tests/train_files/train_deep_none_dominated_no_medium_v03.simpl,3,0.0000,0.923,0
685,tests/train_files/train_deep_none_none_no_large_v01.simpl,3,0.0000,0.923,0
686,tests/train_files/train_deep_none_none_no_large_v02.simpl,3,0.0000,0.923,0
687,tests/train_files/train_deep_none_none_no_large_v03.simpl,3,0.0000,0.923,0
688,tests/train_files/train_deep_none_none_no_medium_v01.simpl,3,0.0000,0.923,0
689,tests/train_files/train_deep_none_none_no_medium_v02.simpl,3,0.0000,0.923,0
690,tests/train_files/train_deep_none_none_no_medium_v03.simpl,3,0.0000,0.922,0
691,tests/train_files/train_none_few_dominated_has_large_v01.simpl,3,571.4285,0.922,4
692,tests/train_files/train_none_few_dominated_has_large_v02.simpl,3,500.0000,0.922,4
693,tests/train_files/train_none_few_dominated_has_large_v03.simpl,3,500.0000,0.922,4
694,tests/train_files/train_none_few_dominated_has_medium_v01.simpl,3,3999.9998,0.922,4
695,tests/train_files/train_none_few_dominated_has_medium_v02.simpl,3,1999.9999,0.922,4
696,tests/train_files/train_none_few_dominated_has_medium_v03.simpl,3,1999.9999,0.922,4
697,tests/train_files/train_none_few_dominated_no_large_v01.simpl,3,571.4285,0.922,4
698,tests/train_files/train_none_few_dominated_no_large_v02.simpl,3,749.9999,0.922,6
699,tests/train_files/train_none_few_dominated_no_large_v03.simpl,3,571.4285,0.921,4
700,tests/train_files/train_none_few_dominated_no_medium_v01.simpl,3,3999.9998,0.921,4
701,tests/train_files/train_none_few_dominated_no_medium_v02.simpl,3,2999.9998,0.921,6
702,tests/train_files/train_none_few_dominated_no_medium_v03.simpl,3,1999.9999,0.921,4
703,tests/train_files/train_none_few_light_has_large_v01.simpl,3,571.4285,0.921,4
704,tests/train_files/train_none_few_light_has_large_v02.simpl,3,571.4285,0.921,4
705,tests/train_files/train_none_few_light_has_large_v03.simpl,3,500.0000,0.921,4
706,tests/train_files/train_none_few_light_has_medium_v01.simpl,3,1999.9999,0.921,4
707,tests/train_files/train_none_few_light_has_medium_v02.simpl,3,1333.3334,0.921,4
708,tests/train_files/train_none_few_light_has_medium_v03.simpl,3,1999.9999,0.920,4
709,tests/train_files/train_none_few_light_has_tiny_v01.simpl,3,1999.9999,0.920,4
710,tests/train_files/train_none_few_light_has_tiny_v02.simpl,3,1999.9999,0.920,4
711,tests/train_files/train_none_few_light_has_tiny_v03.simpl,3,3999.9998,0.920,4
712,tests/train_files/train_none_few_light_no_large_v01.simpl,3,500.0000,0.920,4
713,tests/train_files/train_none_few_light_no_large_v02.simpl,3,857.1428,0.920,6
714,tests/train_files/train_none_few_light_no_large_v03.simpl,3,500.0000,0.920,4
715,tests/train_files/train_none_few_light_no_medium_v01.simpl,3,1999.9999,0.920,4
716,tests/train_files/train_none_few_light_no_medium_v02.simpl,3,5999.9995,0.920,6
717,tests/train_files/train_none_few_light_no_medium_v03.simpl,3,1999.9999,0.919,4
718,tests/train_files/train_none_few_light_no_tiny_v01.simpl,3,1333.3334,0.919,4
719,tests/train_files/train_none_few_light_no_tiny_v02.simpl,3,2999.9998,0.919,6
720,tests/train_files/train_none_few_light_no_tiny_v03.simpl,3,1999.9999,0.919,4
721,tests/train_files/train_none_few_none_has_large_v01.simpl,3,500.0000,0.919,4
722,tests/train_files/train_none_few_none_has_large_v02.simpl,3,500.0000,0.919,4
723,tests/train_files/train_none_few_none_has_large_v03.simpl,3,500.0000,0.919,4
724,tests/train_files/train_none_few_none_has_medium_v01.simpl,3,1333.3334,0.919,4
725,tests/train_files/train_none_few_none_has_medium_v02.simpl,3,3999.9998,0.919,4
726,tests/train_files/train_none_few_none_has_medium_v03.simpl,3,3999.9998,0.918,4
727,tests/train_files/train_none_few_none_has_tiny_v01.simpl,3,3999.9998,0.918,4
728,tests/train_files/train_none_few_none_has_tiny_v02.simpl,3,3999.9998,0.918,4
729,tests/train_files/train_none_few_none_has_tiny_v03.simpl,3,1333.3334,0.918,4
730,tests/train_files/train_none_few_none_no_large_v01.simpl,3,444.4445,0.918,4
731,tests/train_files/train_none_few_none_no_large_v02.simpl,3,749.9999,0.918,6
732,tests/train_files/train_none_few_none_no_large_v03.simpl,3,500.0000,0.918,4
733,tests/train_files/train_none_few_none_no_medium_v01.simpl,3,1999.9999,0.918,4
734,tests/train_files/train_none_few_none_no_medium_v02.simpl,3,2999.9998,0.918,6
735,tests/train_files/train_none_few_none_no_medium_v03.simpl,3,1999.9999,0.917,4
736,tests/train_files/train_none_few_none_no_tiny_v01.simpl,3,3999.9998,0.917,4
737,tests/train_files/train_none_few_none_no_tiny_v02.simpl,3,5999.9995,0.917,6
738,tests/train_files/train_none_few_none_no_tiny_v03.simpl,3,3999.9998,0.917,4
739,tests/train_files/train_none_many_dominated_has_large_v01.simpl,3,833.3333,0.917,5
740,tests/train_files/train_none_many_dominated_has_large_v02.simpl,3,1142.8571,0.917,8
741,tests/train_files/train_none_many_dominated_has_large_v03.simpl,3,1000.0000,0.917,6
742,tests/train_files/train_none_many_dominated_has_medium_v01.simpl,3,2500.0000,0.917,5
743,tests/train_files/train_none_many_dominated_has_medium_v02.simpl,3,3999.9998,0.917,8
744,tests/train_files/train_none_many_dominated_has_medium_v03.simpl,3,5999.9995,0.916,6
745,tests/train_files/train_none_many_dominated_no_large_v01.simpl,3,666.6667,0.916,4
746,tests/train_files/train_none_many_dominated_no_large_v02.simpl,3,999.9999,0.916,7
747,tests/train_files/train_none_many_dominated_no_large_v03.simpl,3,833.3333,0.916,5
748,tests/train_files/train_none_many_dominated_no_medium_v01.simpl,3,1999.9999,0.916,4
749,tests/train_files/train_none_many_dominated_no_medium_v02.simpl,3,3499.9998,0.916,7
750,tests/train_files/train_none_many_dominated_no_medium_v03.simpl,3,2500.0000,0.916,5
751,tests/train_files/train_none_many_light_has_large_v01.simpl,3,714.2857,0.916,5
752,tests/train_files/train_none_many_light_has_large_v02.simpl,3,1142.8571,0.916,8
753,tests/train_files/train_none_many_light_has_large_v03.simpl,3,1000.0000,0.915,6
754,tests/train_files/train_none_many_light_has_medium_v01.simpl,0,0.0000,0.915,0
755,tests/train_files/train_none_many_light_has_medium_v02.simpl,0,0.0000,0.915,0
756,tests/train_files/train_none_many_light_has_medium_v03.simpl,0,0.0000,0.915,0
757,tests/train_files/train_none_many_light_no_large_v01.simpl,0,0.0000,0.915,0
758,tests/train_files/train_none_many_light_no_large_v02.simpl,0,0.0000,0.915,0
759,tests/train_files/train_none_many_light_no_large_v03.simpl,4,4483.5166,0.915,54
760,tests/train_files/train_none_many_light_no_medium_v01.simpl,4,5000.0000,0.915,19
761,tests/train_files/train_none_many_light_no_medium_v02.simpl,4,6500.0000,0.914,22
762,tests/train_files/train_none_many_light_no_medium_v03.simpl,4,5500.0000,0.914,20
763,tests/train_files/train_none_many_none_has_large_v01.simpl,4,4548.0771,0.914,56
764,tests/train_files/train_none_many_none_has_large_v02.simpl,4,4542.8569,0.914,59
765,tests/train_files/train_none_many_none_has_large_v03.simpl,4,4923.0771,0.914,57
766,tests/train_files/train_none_many_none_has_medium_v01.simpl,4,8750.0000,0.914,20
767,tests/train_files/train_none_many_none_has_medium_v02.simpl,4,7749.9995,0.914,23
768,tests/train_files/train_none_many_none_has_medium_v03.simpl,4,9000.0000,0.914,21
769,tests/train_files/train_none_many_none_no_large_v01.simpl,4,4423.0767,0.914,55
770,tests/train_files/train_none_many_none_no_large_v02.simpl,4,4798.0767,0.913,58
771,tests/train_files/train_none_many_none_no_large_v03.simpl,4,4637.3628,0.913,56
772,tests/train_files/train_none_many_none_no_medium_v01.simpl,4,5000.0000,0.913,19
773,tests/train_files/train_none_many_none_no_medium_v02.simpl,4,10749.9990,0.913,22
774,tests/train_files/train_none_many_none_no_medium_v03.simpl,4,8750.0000,0.913,20
775,tests/train_files/train_none_none_dominated_no_large_v01.simpl,4,3500.0000,0.913,49
776,tests/train_files/train_none_none_dominated_no_large_v02.simpl,4,4083.3333,0.913,49
777,tests/train_files/train_none_none_dominated_no_large_v03.simpl,4,3062.4998,0.913,49
778,tests/train_files/train_none_none_dominated_no_medium_v01.simpl,4,3999.9998,0.913,8
779,tests/train_files/train_none_none_dominated_no_medium_v02.simpl,4,2666.6667,0.912,8
780,tests/train_files/train_none_none_dominated_no_medium_v03.simpl,4,3999.9998,0.912,8
781,tests/train_files/train_none_none_dominated_no_tiny_v01.simpl,4,333.3333,0.912,1
782,tests/train_files/train_none_none_dominated_no_tiny_v02.simpl,4,500.0000,0.912,1
783,tests/train_files/train_none_none_dominated_no_tiny_v03.simpl,4,500.0000,0.912,1
784,tests/train_files/train_none_none_none_no_large_v01.simpl,4,3912.0879,0.912,50
785,tests/train_files/train_none_none_none_no_large_v02.simpl,4,3642.8572,0.912,50
786,tests/train_files/train_none_none_none_no_large_v03.simpl,4,3409.5239,0.912,50
787,tests/train_files/train_none_none_none_no_medium_v01.simpl,4,4999.9995,0.912,9
788,tests/train_files/train_none_none_none_no_medium_v02.simpl,4,2999.9998,0.911,9
789,tests/train_files/train_none_none_none_no_medium_v03.simpl,4,3166.6667,0.911,9
790,tests/train_files/train_none_none_none_no_tiny_v01.simpl,4,999.9999,0.911,1
791,tests/train_files/train_none_none_none_no_tiny_v02.simpl,4,999.9999,0.911,1
792,tests/train_files/train_none_none_none_no_tiny_v03.simpl,4,999.9999,0.911,1
793,tests/train_files/train_shallow_few_dominated_has_large_v01.simpl,4,1952.3810,0.911,39
794,tests/train_files/train_shallow_few_dominated_has_large_v02.simpl,4,2317.6470,0.911,37
795,tests/train_files/train_shallow_few_dominated_has_large_v03.simpl,4,2061.4036,0.911,37
796,tests/train_files/train_shallow_few_dominated_has_medium_v01.simpl,4,1500.0000,0.911,6
797,tests/train_files/train_shallow_few_dominated_has_medium_v02.simpl,4,1300.0000,0.910,4
798,tests/train_files/train_shallow_few_dominated_has_medium_v03.simpl,4,1272.7272,0.910,4
799,tests/train_files/train_shallow_few_dominated_no_large_v01.simpl,4,2249.9998,0.910,35
800,tests/train_files/train_shallow_few_dominated_no_large_v02.simpl,4,1941.1764,0.910,33
801,tests/train_files/train_shallow_few_dominated_no_large_v03.simpl,4,1950.0000,0.910,35
802,tests/train_files/train_shallow_few_dominated_no_medium_v01.simpl,4,590.9091,0.910,2
803,tests/train_files/train_shallow_few_dominated_no_medium_v02.simpl,4,0.0000,0.910,0
804,tests/train_files/train_shallow_few_dominated_no_medium_v03.simpl,4,600.0000,0.910,2
805,tests/train_files/train_shallow_few_light_has_large_v01.simpl,4,2422.2224,0.910,41
806,tests/train_files/train_shallow_few_light_has_large_v02.simpl,4,2575.0000,0.909,39
807,tests/train_files/train_shallow_few_light_has_large_v03.simpl,4,2166.6667,0.909,39
808,tests/train_files/train_shallow_few_light_has_medium_v01.simpl,4,1555.5555,0.909,6
809,tests/train_files/train_shallow_few_light_has_medium_v02.simpl,4,1300.0000,0.909,4
810,tests/train_files/train_shallow_few_light_has_medium_v03.simpl,4,800.0000,0.909,4
811,tests/train_files/train_shallow_few_light_no_large_v01.simpl,4,2250.0000,0.909,37
812,tests/train_files/train_shallow_few_light_no_large_v02.simpl,4,2058.8235,0.909,35
813,tests/train_files/train_shallow_few_light_no_large_v03.simpl,4,1964.2858,0.909,37
814,tests/train_files/train_shallow_few_light_no_medium_v01.simpl,4,1111.1111,0.909,2
815,tests/train_files/train_shallow_few_light_no_medium_v02.simpl,4,0.0000,0.908,0
816,tests/train_files/train_shallow_few_light_no_medium_v03.simpl,4,611.1111,0.908,2
817,tests/train_files/train_shallow_few_none_has_large_v01.simpl,4,2500.0002,0.908,43
818,tests/train_files/train_shallow_few_none_has_large_v02.simpl,4,2495.7983,0.908,41
819,tests/train_files/train_shallow_few_none_has_large_v03.simpl,4,2388.8892,0.908,41
820,tests/train_files/train_shallow_few_none_has_medium_v01.simpl,4,1500.0000,0.908,6
821,tests/train_files/train_shallow_few_none_has_medium_v02.simpl,4,833.3333,0.908,4
822,tests/train_files/train_shallow_few_none_has_medium_v03.simpl,4,1333.3333,0.908,4
823,tests/train_files/train_shallow_few_none_no_large_v01.simpl,4,2200.0000,0.908,39
824,tests/train_files/train_shallow_few_none_no_large_v02.simpl,4,2055.5557,0.907,37
825,tests/train_files/train_shallow_few_none_no_large_v03.simpl,4,2250.0000,0.907,39
826,tests/train_files/train_shallow_few_none_no_medium_v01.simpl,4,600.0000,0.907,2
827,tests/train_files/train_shallow_few_none_no_medium_v02.simpl,4,0.0000,0.907,0
828,tests/train_files/train_shallow_few_none_no_medium_v03.simpl,4,1111.1111,0.907,2
829,tests/train_files/train_shallow_many_dominated_has_large_v01.simpl,4,2828.4312,0.907,32
830,tests/train_files/train_shallow_many_dominated_has_large_v02.simpl,4,2543.8599,0.907,29
831,tests/train_files/train_shallow_many_dominated_has_large_v03.simpl,4,2400.0000,0.907,30
832,tests/train_files/train_shallow_many_dominated_has_medium_v01.simpl,4,3083.3333,0.907,11
833,tests/train_files/train_shallow_many_dominated_has_medium_v02.simpl,4,1892.8572,0.906,8
834,tests/train_files/train_shallow_many_dominated_has_medium_v03.simpl,4,2153.8459,0.906,9
835,tests/train_files/train_shallow_many_dominated_no_large_v01.simpl,4,2794.1177,0.906,31
836,tests/train_files/train_shallow_many_dominated_no_large_v02.simpl,4,2712.5000,0.906,28
837,tests/train_files/train_shallow_many_dominated_no_large_v03.simpl,4,2438.5967,0.906,29
838,tests/train_files/train_shallow_many_dominated_no_medium_v01.simpl,4,2333.3333,0.906,10
839,tests/train_files/train_shallow_many_dominated_no_medium_v02.simpl,4,2333.3333,0.906,7
840,tests/train_files/train_shallow_many_dominated_no_medium_v03.simpl,4,1999.9999,0.906,8
841,tests/train_files/train_shallow_many_light_has_large_v01.simpl,4,3316.6667,0.905,38
842,tests/train_files/train_shallow_many_light_has_large_v02.simpl,4,2726.3159,0.905,35
843,tests/train_files/train_shallow_many_light_has_large_v03.simpl,4,2816.6665,0.905,36
844,tests/train_files/train_shallow_many_light_has_medium_v01.simpl,4,2480.7690,0.905,11
845,tests/train_files/train_shallow_many_light_has_medium_v02.simpl,4,2333.3333,0.905,8
846,tests/train_files/train_shallow_many_light_has_medium_v03.simpl,4,2653.8462,0.905,9
847,tests/train_files/train_shallow_many_light_no_large_v01.simpl,4,3017.3914,0.905,37
848,tests/train_files/train_shallow_many_light_no_large_v02.simpl,4,2587.7192,0.905,34
849,tests/train_files/train_shallow_many_light_no_large_v03.simpl,4,3021.0527,0.905,35
850,tests/train_files/train_shallow_many_light_no_medium_v01.simpl,4,3090.9092,0.904,10
851,tests/train_files/train_shallow_many_light_no_medium_v02.simpl,4,2333.3333,0.904,7
852,tests/train_files/train_shallow_many_light_no_medium_v03.simpl,4,2666.6667,0.904,8
853,tests/train_files/train_shallow_many_none_has_large_v01.simpl,4,3482.3528,0.904,40
854,tests/train_files/train_shallow_many_none_has_large_v02.simpl,4,3073.5293,0.904,37
855,tests/train_files/train_shallow_many_none_has_large_v03.simpl,4,2950.0000,0.904,38
856,tests/train_files/train_shallow_many_none_has_medium_v01.simpl,4,3606.0605,0.904,11
857,tests/train_files/train_shallow_many_none_has_medium_v02.simpl,4,2333.3333,0.904,8
858,tests/train_files/train_shallow_many_none_has_medium_v03.simpl,4,2666.6665,0.904,9
859,tests/train_files/train_shallow_many_none_no_large_v01.simpl,4,3466.6667,0.903,39
860,tests/train_files/train_shallow_many_none_no_large_v02.simpl,4,2616.6665,0.903,36
861,tests/train_files/train_shallow_many_none_no_large_v03.simpl,4,3211.1113,0.903,37
862,tests/train_files/train_shallow_many_none_no_medium_v01.simpl,4,2340.9092,0.903,10
863,tests/train_files/train_shallow_many_none_no_medium_v02.simpl,4,2333.3333,0.903,7
864,tests/train_files/train_shallow_many_none_no_medium_v03.simpl,4,2666.6667,0.903,8
865,tests/train_files/train_shallow_none_dominated_no_large_v01.simpl,4,2210.5264,0.903,42
866,tests/train_files/train_shallow_none_dominated_no_large_v02.simpl,4,2800.0000,0.903,42
867,tests/train_files/train_shallow_none_dominated_no_large_v03.simpl,4,2333.3335,0.903,42
868,tests/train_files/train_shallow_none_dominated_no_medium_v01.simpl,4,142.8571,0.902,1
869,tests/train_files/train_shallow_none_dominated_no_medium_v02.simpl,4,125.0000,0.902,1
870,tests/train_files/train_shallow_none_dominated_no_medium_v03.simpl,4,142.8571,0.902,1
871,tests/train_files/train_shallow_none_none_no_large_v01.simpl,4,2333.3335,0.902,42
872,tests/train_files/train_shallow_none_none_no_large_v02.simpl,4,2333.3335,0.902,42
873,tests/train_files/train_shallow_none_none_no_large_v03.simpl,4,2100.0000,0.902,42
874,tests/train_files/train_shallow_none_none_no_medium_v01.simpl,4,125.0000,0.902,1
875,tests/train_files/train_shallow_none_none_no_medium_v02.simpl,4,111.1111,0.902,1
876,tests/train_files/train_shallow_none_none_no_medium_v03.simpl,4,111.1111,0.902,1
877,tests/train_files/train_shallow_none_none_no_tiny_v01.simpl,4,0.0000,0.901,0
878,tests/train_files/train_shallow_none_none_no_tiny_v02.simpl,4,0.0000,0.901,0
879,tests/train_files/train_shallow_none_none_no_tiny_v03.simpl,4,0.0000,0.901,0
880,tests/train_files/train_deep_few_dominated_has_large_v01.simpl,4,1575.7576,0.901,32
881,tests/train_files/train_deep_few_dominated_has_large_v02.simpl,4,1650.0000,0.901,30
882,tests/train_files/train_deep_few_dominated_has_large_v03.simpl,4,1518.1819,0.901,30
883,tests/train_files/train_deep_few_dominated_has_medium_v01.simpl,4,1312.5000,0.901,6
884,tests/train_files/train_deep_few_dominated_has_medium_v02.simpl,4,687.4999,0.901,4
885,tests/train_files/train_deep_few_dominated_has_medium_v03.simpl,4,700.0000,0.901,4
886,tests/train_files/train_deep_few_dominated_no_large_v01.simpl,4,1600.0000,0.900,28
887,tests/train_files/train_deep_few_dominated_no_large_v02.simpl,4,1181.8182,0.900,26
888,tests/train_files/train_deep_few_dominated_no_large_v03.simpl,4,1477.2727,0.900,28
889,tests/train_files/train_deep_few_dominated_no_medium_v01.simpl,4,566.6666,0.900,2
890,tests/train_files/train_deep_few_dominated_no_medium_v02.simpl,4,0.0000,0.900,0
891,tests/train_files/train_deep_few_dominated_no_medium_v03.simpl,4,400.0000,0.900,2
892,tests/train_files/train_deep_few_light_has_large_v01.simpl,4,1738.0952,0.900,34
893,tests/train_files/train_deep_few_light_has_large_v02.simpl,4,1642.8572,0.900,32
894,tests/train_files/train_deep_few_light_has_large_v03.simpl,4,1406.6666,0.900,32
895,tests/train_files/train_deep_few_light_has_medium_v01.simpl,4,812.5000,0.899,6
896,tests/train_files/train_deep_few_light_has_medium_v02.simpl,4,1200.0000,0.899,4
897,tests/train_files/train_deep_few_light_has_medium_v03.simpl,4,700.0000,0.899,4
898,tests/train_files/train_deep_few_light_no_large_v01.simpl,4,1568.1819,0.899,30
899,tests/train_files/train_deep_few_light_no_large_v02.simpl,4,1217.3914,0.899,28
900,tests/train_files/train_deep_few_light_no_large_v03.simpl,4,1568.1819,0.899,30
901,tests/train_files/train_deep_few_light_no_medium_v01.simpl,4,571.4285,0.899,2
902,tests/train_files/train_deep_few_light_no_medium_v02.simpl,4,0.0000,0.899,0
903,tests/train_files/train_deep_few_light_no_medium_v03.simpl,4,571.4285,0.899,2
904,tests/train_files/train_deep_few_none_has_large_v01.simpl,4,1866.6667,0.898,36
905,tests/train_files/train_deep_few_none_has_large_v02.simpl,4,1771.4286,0.898,34
906,tests/train_files/train_deep_few_none_has_large_v03.simpl,4,1771.4286,0.898,34
907,tests/train_files/train_deep_few_none_has_medium_v01.simpl,4,833.3333,0.898,6
908,tests/train_files/train_deep_few_none_has_medium_v02.simpl,4,547.6190,0.898,4
909,tests/train_files/train_deep_few_none_has_medium_v03.simpl,4,700.0000,0.898,4
910,tests/train_files/train_deep_few_none_no_large_v01.simpl,4,1800.0000,0.898,32
911,tests/train_files/train_deep_few_none_no_large_v02.simpl,4,1363.6364,0.898,30
912,tests/train_files/train_deep_few_none_no_large_v03.simpl,4,1726.1906,0.898,32
913,tests/train_files/train_deep_few_none_no_medium_v01.simpl,4,566.6666,0.897,2
914,tests/train_files/train_deep_few_none_no_medium_v02.simpl,4,0.0000,0.897,0
915,tests/train_files/train_deep_few_none_no_medium_v03.simpl,4,571.4285,0.897,2
916,tests/train_files/train_deep_many_dominated_has_large_v01.simpl,4,2261.4033,0.897,25
917,tests/train_files/train_deep_many_dominated_has_large_v02.simpl,4,2060.6060,0.897,22
918,tests/train_files/train_deep_many_dominated_has_large_v03.simpl,4,1977.2727,0.897,23
919,tests/train_files/train_deep_many_dominated_has_medium_v01.simpl,4,2400.0000,0.897,11
920,tests/train_files/train_deep_many_dominated_has_medium_v02.simpl,4,1694.4445,0.897,8
921,tests/train_files/train_deep_many_dominated_has_medium_v03.simpl,4,1938.5964,0.896,9
922,tests/train_files/train_deep_many_dominated_no_large_v01.simpl,4,2250.0000,0.896,24
923,tests/train_files/train_deep_many_dominated_no_large_v02.simpl,4,1775.3623,0.896,21
924,tests/train_files/train_deep_many_dominated_no_large_v03.simpl,4,1969.6970,0.896,22
925,tests/train_files/train_deep_many_dominated_no_medium_v01.simpl,4,1850.0000,0.896,10
926,tests/train_files/train_deep_many_dominated_no_medium_v02.simpl,4,1749.9999,0.896,7
927,tests/train_files/train_deep_many_dominated_no_medium_v03.simpl,4,1600.0000,0.896,8
928,tests/train_files/train_deep_many_light_has_large_v01.simpl,4,2800.0000,0.896,31
929,tests/train_files/train_deep_many_light_has_large_v02.simpl,4,2289.8550,0.896,28
930,tests/train_files/train_deep_many_light_has_large_v03.simpl,4,2406.5217,0.895,29
931,tests/train_files/train_deep_many_light_has_medium_v01.simpl,4,2926.4702,0.895,11
932,tests/train_files/train_deep_many_light_has_medium_v02.simpl,4,2284.3137,0.895,8
933,tests/train_files/train_deep_many_light_has_medium_v03.simpl,4,2111.1108,0.895,9
934,tests/train_files/train_deep_many_light_no_large_v01.simpl,4,2800.0000,0.895,30
935,tests/train_files/train_deep_many_light_no_large_v02.simpl,4,2075.7576,0.895,27
936,tests/train_files/train_deep_many_light_no_large_v03.simpl,4,2242.4243,0.895,28
937,tests/train_files/train_deep_many_light_no_medium_v01.simpl,4,2308.8235,0.895,10
938,tests/train_files/train_deep_many_light_no_medium_v02.simpl,4,1749.9999,0.895,7
939,tests/train_files/train_deep_many_light_no_medium_v03.simpl,4,1999.9999,0.894,8
940,tests/train_files/train_deep_many_none_has_large_v01.simpl,4,2840.4761,0.894,33
941,tests/train_files/train_deep_many_none_has_large_v02.simpl,4,2342.8572,0.894,30
942,tests/train_files/train_deep_many_none_has_large_v03.simpl,4,2200.0000,0.894,31
943,tests/train_files/train_deep_many_none_has_medium_v01.simpl,4,2437.4998,0.894,11
944,tests/train_files/train_deep_many_none_has_medium_v02.simpl,4,2271.9297,0.894,8
945,tests/train_files/train_deep_many_none_has_medium_v03.simpl,4,1933.3333,0.894,9
946,tests/train_files/train_deep_many_none_no_large_v01.simpl,4,2895.2383,0.894,32
947,tests/train_files/train_deep_many_none_no_large_v02.simpl,4,2356.5217,0.894,29
948,tests/train_files/train_deep_many_none_no_large_v03.simpl,4,2556.5217,0.893,30
949,tests/train_files/train_deep_many_none_no_medium_v01.simpl,4,3066.6667,0.893,10
950,tests/train_files/train_deep_many_none_no_medium_v02.simpl,4,1749.9999,0.893,7
951,tests/train_files/train_deep_many_none_no_medium_v03.simpl,4,1999.9999,0.893,8
952,tests/train_files/train_deep_none_dominated_no_large_v01.simpl,4,2058.8235,0.893,35
953,tests/train_files/train_deep_none_dominated_no_large_v02.simpl,4,1944.4446,0.893,35
954,tests/train_files/train_deep_none_dominated_no_large_v03.simpl,4,1750.0000,0.893,35
955,tests/train_files/train_deep_none_dominated_no_medium_v01.simpl,4,83.3333,0.893,1
956,tests/train_files/train_deep_none_dominated_no_medium_v02.simpl,4,90.9091,0.893,1
957,tests/train_files/train_deep_none_dominated_no_medium_v03.simpl,4,90.9091,0.892,1
958,tests/train_files/train_deep_none_none_no_large_v01.simpl,4,1666.6667,0.892,35
959,tests/train_files/train_deep_none_none_no_large_v02.simpl,4,1750.0000,0.892,35
960,tests/train_files/train_deep_none_none_no_large_v03.simpl,4,1590.9091,0.892,35
961,tests/train_files/train_deep_none_none_no_medium_v01.simpl,4,0.0000,0.892,0
962,tests/train_files/train_deep_none_none_no_medium_v02.simpl,4,0.0000,0.892,0
963,tests/train_files/train_deep_none_none_no_medium_v03.simpl,4,0.0000,0.892,0
964,tests/train_files/train_none_few_dominated_has_large_v01.simpl,4,3928.5713,0.892,51
965,tests/train_files/train_none_few_dominated_has_large_v02.simpl,4,3633.3335,0.892,51
966,tests/train_files/train_none_few_dominated_has_large_v03.simpl,4,4186.8130,0.891,51
967,tests/train_files/train_none_few_dominated_has_medium_v01.simpl,4,3749.9998,0.891,11
968,tests/train_files/train_none_few_dominated_has_medium_v02.simpl,4,3749.9998,0.891,11
969,tests/train_files/train_none_few_dominated_has_medium_v03.simpl,4,3749.9998,0.891,11
970,tests/train_files/train_none_few_dominated_no_large_v01.simpl,4,4488.0952,0.891,51
971,tests/train_files/train_none_few_dominated_no_large_v02.simpl,4,4472.5273,0.891,53
972,tests/train_files/train_none_few_dominated_no_large_v03.simpl,4,4282.0513,0.891,51
973,tests/train_files/train_none_few_dominated_no_medium_v01.simpl,4,5749.9995,0.891,11
974,tests/train_files/train_none_few_dominated_no_medium_v02.simpl,4,7749.9995,0.891,13
975,tests/train_files/train_none_few_dominated_no_medium_v03.simpl,4,6333.3330,0.890,11
976,tests/train_files/train_none_few_light_has_large_v01.simpl,4,4071.4285,0.890,53
977,tests/train_files/train_none_few_light_has_large_v02.simpl,4,4269.2305,0.890,53
978,tests/train_files/train_none_few_light_has_large_v03.simpl,4,4340.6592,0.890,53
979,tests/train_files/train_none_few_light_has_medium_v01.simpl,4,4666.6665,0.890,12
980,tests/train_files/train_none_few_light_has_medium_v02.simpl,4,6666.6665,0.890,12
981,tests/train_files/train_none_few_light_has_medium_v03.simpl,4,7999.9995,0.890,12
982,tests/train_files/train_none_few_light_has_tiny_v01.simpl,4,6333.3330,0.890,11
983,tests/train_files/train_none_few_light_has_tiny_v02.simpl,4,5499.9995,0.890,11
984,tests/train_files/train_none_few_light_has_tiny_v03.simpl,4,3749.9998,0.889,11
985,tests/train_files/train_none_few_light_no_large_v01.simpl,4,4071.4285,0.889,53
986,tests/train_files/train_none_few_light_no_large_v02.simpl,4,4626.3735,0.889,55
987,tests/train_files/train_none_few_light_no_large_v03.simpl,4,4435.8975,0.889,53
988,tests/train_files/train_none_few_light_no_medium_v01.simpl,4,3999.9998,0.889,12
989,tests/train_files/train_none_few_light_no_medium_v02.simpl,4,8666.6660,0.889,14
990,tests/train_files/train_none_few_light_no_medium_v03.simpl,4,5999.9995,0.889,12
991,tests/train_files/train_none_few_light_no_tiny_v01.simpl,4,5749.9995,0.889,11
992,tests/train_files/train_none_few_light_no_tiny_v02.simpl,4,8333.3330,0.889,13
993,tests/train_files/train_none_few_light_no_tiny_v03.simpl,4,3083.3333,0.888,11
994,tests/train_files/train_none_few_none_has_large_v01.simpl,4,4087.3013,0.888,55
995,tests/train_files/train_none_few_none_has_large_v02.simpl,4,2889.6104,0.888,55
996,tests/train_files/train_none_few_none_has_large_v03.simpl,4,3971.4285,0.888,55
997,tests/train_files/train_none_few_none_has_medium_v01.simpl,4,6500.0000,0.888,14
998,tests/train_files/train_none_few_none_has_medium_v02.simpl,4,5333.3330,0.888,14
999,tests/train_files/train_none_few_none_has_medium_v03.simpl,4,9000.0000,0.888,14
1000,tests/train_files/train_none_few_none_has_tiny_v01.simpl,4,5749.9995,0.888,11
1001,tests/train_files/train_none_few_none_has_tiny_v02.simpl,4,6333.3330,0.887,11
1002,tests/train_files/train_none_few_none_has_tiny_v03.simpl,4,6333.3330,0.887,11
1003,tests/train_files/train_none_few_none_no_large_v01.simpl,4,4423.0767,0.887,55
1004,tests/train_files/train_none_few_none_no_large_v02.simpl,4,4392.8569,0.887,57
1005,tests/train_files/train_none_few_none_no_large_v03.simpl,4,4214.2856,0.887,55
1006,tests/train_files/train_none_few_none_no_medium_v01.simpl,4,5333.3330,0.887,14
1007,tests/train_files/train_none_few_none_no_medium_v02.simpl,4,8500.0000,0.887,16
1008,tests/train_files/train_none_few_none_no_medium_v03.simpl,4,7333.3330,0.887,14
1009,tests/train_files/train_none_few_none_no_tiny_v01.simpl,4,4333.3330,0.887,11
1010,tests/train_files/train_none_few_none_no_tiny_v02.simpl,4,5333.3330,0.886,13
1011,tests/train_files/train_none_few_none_no_tiny_v03.simpl,4,6333.3330,0.886,11
1012,tests/train_files/train_none_many_dominated_has_large_v01.simpl,4,4416.6665,0.886,48
1013,tests/train_files/train_none_many_dominated_has_large_v02.simpl,4,4916.6665,0.886,51
1014,tests/train_files/train_none_many_dominated_has_large_v03.simpl,4,4783.3330,0.886,49
1015,tests/train_files/train_none_many_dominated_has_medium_v01.simpl,4,5000.0000,0.886,20
1016,tests/train_files/train_none_many_dominated_has_medium_v02.simpl,4,7000.0000,0.886,23
1017,tests/train_files/train_none_many_dominated_has_medium_v03.simpl,4,5500.0000,0.886,21
1018,tests/train_files/train_none_many_dominated_no_large_v01.simpl,4,4250.0000,0.886,47
1019,tests/train_files/train_none_many_dominated_no_large_v02.simpl,4,4750.0000,0.885,50
1020,tests/train_files/train_none_many_dominated_no_large_v03.simpl,4,3866.6667,0.885,48
1021,tests/train_files/train_none_many_dominated_no_medium_v01.simpl,4,5000.0000,0.885,19
1022,tests/train_files/train_none_many_dominated_no_medium_v02.simpl,4,6000.0000,0.885,22
1023,tests/train_files/train_none_many_dominated_no_medium_v03.simpl,4,5500.0000,0.885,20
1024,tests/train_files/train_none_many_light_has_large_v01.simpl,4,4483.5166,0.885,54
1025,tests/train_files/train_none_many_light_has_large_v02.simpl,4,4912.0879,0.885,57
1026,tests/train_files/train_none_many_light_has_large_v03.simpl,4,4769.2305,0.885,55
1027,tests/train_files/train_none_many_light_has_medium_v01.simpl,4,8750.0000,0.885,20
1028,tests/train_files/train_none_many_light_has_medium_v02.simpl,4,7000.0000,0.884,23
1029,tests/train_files/train_none_many_light_has_medium_v03.simpl,4,6000.0000,0.884,21
1030,tests/train_files/train_none_many_light_no_large_v01.simpl,4,4071.4285,0.884,53
1031,tests/train_files/train_none_many_light_no_large_v02.simpl,4,4935.8975,0.884,56
1032,tests/train_files/train_none_many_light_no_large_v03.simpl,4,4602.5640,0.884,54
1033,tests/train_files/train_none_many_light_no_medium_v01.simpl,4,7749.9995,0.884,19
1034,tests/train_files/train_none_many_light_no_medium_v02.simpl,4,6500.0000,0.884,22
1035,tests/train_files/train_none_many_light_no_medium_v03.simpl,4,5500.0000,0.884,20
1036,tests/train_files/train_none_many_none_has_large_v01.simpl,4,4025.0000,0.884,56
1037,tests/train_files/train_none_many_none_has_large_v02.simpl,4,5065.9341,0.883,59
1038,tests/train_files/train_none_many_none_has_large_v03.simpl,4,4923.0771,0.883,57
1039,tests/train_files/train_none_many_none_has_medium_v01.simpl,4,8750.0000,0.883,20
1040,tests/train_files/train_none_many_none_has_medium_v02.simpl,4,7749.9995,0.883,23
1041,tests/train_files/train_none_many_none_has_medium_v03.simpl,4,6000.0000,0.883,21
1042,tests/train_files/train_none_many_none_no_large_v01.simpl,4,4142.8569,0.883,55
1043,tests/train_files/train_none_many_none_no_large_v02.simpl,4,4642.8569,0.883,58
1044,tests/train_files/train_none_many_none_no_large_v03.simpl,4,4637.3628,0.883,56
1045,tests/train_files/train_none_many_none_no_medium_v01.simpl,4,7749.9995,0.883,19
1046,tests/train_files/train_none_many_none_no_medium_v02.simpl,4,10749.9990,0.882,22
1047,tests/train_files/train_none_many_none_no_medium_v03.simpl,4,5500.0000,0.882,20
1048,tests/train_files/train_none_none_dominated_no_large_v01.simpl,4,3769.2307,0.882,49
1049,tests/train_files/train_none_none_dominated_no_large_v02.simpl,4,3266.6667,0.882,49
1050,tests/train_files/train_none_none_dominated_no_large_v03.simpl,4,3062.4998,0.882,49
1051,tests/train_files/train_none_none_dominated_no_medium_v01.simpl,4,2666.6667,0.882,8
1052,tests/train_files/train_none_none_dominated_no_medium_v02.simpl,4,1999.9999,0.882,8
1053,tests/train_files/train_none_none_dominated_no_medium_v03.simpl,4,2666.6667,0.882,8
1054,tests/train_files/train_none_none_dominated_no_tiny_v01.simpl,4,500.0000,0.882,1
1055,tests/train_files/train_none_none_dominated_no_tiny_v02.simpl,4,500.0000,0.881,1
1056,tests/train_files/train_none_none_dominated_no_tiny_v03.simpl,4,999.9999,0.881,1
1057,tests/train_files/train_none_none_none_no_large_v01.simpl,4,3642.8572,0.881,50
1058,tests/train_files/train_none_none_none_no_large_v02.simpl,4,3642.8572,0.881,50
1059,tests/train_files/train_none_none_none_no_large_v03.simpl,4,3409.5239,0.881,50
1060,tests/train_files/train_none_none_none_no_medium_v01.simpl,4,4999.9995,0.881,9
1061,tests/train_files/train_none_none_none_no_medium_v02.simpl,4,4999.9995,0.881,9
1062,tests/train_files/train_none_none_none_no_medium_v03.simpl,4,2499.9998,0.881,9
1063,tests/train_files/train_none_none_none_no_tiny_v01.simpl,4,999.9999,0.881,1
1064,tests/train_files/train_none_none_none_no_tiny_v02.simpl,4,999.9999,0.880,1
1065,tests/train_files/train_none_none_none_no_tiny_v03.simpl,4,999.9999,0.880,1
1066,tests/train_files/train_shallow_few_dominated_has_large_v01.simpl,4,2401.9607,0.880,39
1067,tests/train_files/train_shallow_few_dominated_has_large_v02.simpl,4,2250.0000,0.880,37
1068,tests/train_files/train_shallow_few_dominated_has_large_v03.simpl,4,2094.7368,0.880,37
1069,tests/train_files/train_shallow_few_dominated_has_medium_v01.simpl,4,1000.0000,0.880,6
1070,tests/train_files/train_shallow_few_dominated_has_medium_v02.simpl,4,750.0000,0.880,4
1071,tests/train_files/train_shallow_few_dominated_has_medium_v03.simpl,4,800.0000,0.880,4
1072,tests/train_files/train_shallow_few_dominated_no_large_v01.simpl,4,2249.9998,0.880,35
1073,tests/train_files/train_shallow_few_dominated_no_large_v02.simpl,4,1650.0000,0.879,33
1074,tests/train_files/train_shallow_few_dominated_no_large_v03.simpl,4,2039.4738,0.879,35
1075,tests/train_files/train_shallow_few_dominated_no_medium_v01.simpl,4,433.3333,0.879,2
1076,tests/train_files/train_shallow_few_dominated_no_medium_v02.simpl,4,0.0000,0.879,0
1077,tests/train_files/train_shallow_few_dominated_no_medium_v03.simpl,4,590.9091,0.879,2
1078,tests/train_files/train_shallow_few_light_has_large_v01.simpl,4,2388.8892,0.879,41
1079,tests/train_files/train_shallow_few_light_has_large_v02.simpl,4,2435.2939,0.879,39
1080,tests/train_files/train_shallow_few_light_has_large_v03.simpl,4,2277.7778,0.879,39
1081,tests/train_files/train_shallow_few_light_has_medium_v01.simpl,4,1555.5555,0.878,6
1082,tests/train_files/train_shallow_few_light_has_medium_v02.simpl,4,1300.0000,0.878,4
1083,tests/train_files/train_shallow_few_light_has_medium_v03.simpl,4,772.7272,0.878,4
1084,tests/train_files/train_shallow_few_light_no_large_v01.simpl,4,2250.0000,0.878,37
1085,tests/train_files/train_shallow_few_light_no_large_v02.simpl,4,2058.8235,0.878,35
1086,tests/train_files/train_shallow_few_light_no_large_v03.simpl,4,2144.7368,0.878,37
1087,tests/train_files/train_shallow_few_light_no_medium_v01.simpl,4,1083.3333,0.878,2
1088,tests/train_files/train_shallow_few_light_no_medium_v02.simpl,4,0.0000,0.878,0
1089,tests/train_files/train_shallow_few_light_no_medium_v03.simpl,4,1111.1111,0.878,2
1090,tests/train_files/train_shallow_few_none_has_large_v01.simpl,4,2637.2549,0.877,43
1091,tests/train_files/train_shallow_few_none_has_large_v02.simpl,4,2552.9412,0.877,41
1092,tests/train_files/train_shallow_few_none_has_large_v03.simpl,4,2166.6667,0.877,41
1093,tests/train_files/train_shallow_few_none_has_medium_v01.simpl,4,1500.0000,0.877,6
1094,tests/train_files/train_shallow_few_none_has_medium_v02.simpl,4,800.0000,0.877,4
1095,tests/train_files/train_shallow_few_none_has_medium_v03.simpl,4,1272.7272,0.877,4
1096,tests/train_files/train_shallow_few_none_no_large_v01.simpl,4,2333.3335,0.877,39
1097,tests/train_files/train_shallow_few_none_no_large_v02.simpl,4,2055.5557,0.877,37
1098,tests/train_files/train_shallow_few_none_no_large_v03.simpl,4,1977.2727,0.877,39
1099,tests/train_files/train_shallow_few_none_no_medium_v01.simpl,4,600.0000,0.876,2
1100,tests/train_files/train_shallow_few_none_no_medium_v02.simpl,4,0.0000,0.876,0
1101,tests/train_files/train_shallow_few_none_no_medium_v03.simpl,4,1111.1111,0.876,2
1102,tests/train_files/train_shallow_many_dominated_has_large_v01.simpl,4,2661.7646,0.876,32
1103,tests/train_files/train_shallow_many_dominated_has_large_v02.simpl,4,2686.2744,0.876,29
1104,tests/train_files/train_shallow_many_dominated_has_large_v03.simpl,4,2660.5264,0.876,30
1105,tests/train_files/train_shallow_many_dominated_has_medium_v01.simpl,4,3606.0605,0.876,11
1106,tests/train_files/train_shallow_many_dominated_has_medium_v02.simpl,4,1875.0000,0.876,8
1107,tests/train_files/train_shallow_many_dominated_has_medium_v03.simpl,4,2642.8572,0.876,9
1108,tests/train_files/train_shallow_many_dominated_no_large_v01.simpl,4,3094.1177,0.875,31
1109,tests/train_files/train_shallow_many_dominated_no_large_v02.simpl,4,2566.6667,0.875,28
1110,tests/train_files/train_shallow_many_dominated_no_large_v03.simpl,4,2705.2632,0.875,29
1111,tests/train_files/train_shallow_many_dominated_no_medium_v01.simpl,4,2333.3333,0.875,10
1112,tests/train_files/train_shallow_many_dominated_no_medium_v02.simpl,4,1749.9999,0.875,7
1113,tests/train_files/train_shallow_many_dominated_no_medium_v03.simpl,4,1999.9999,0.875,8
1114,tests/train_files/train_shallow_many_light_has_large_v01.simpl,4,3145.6140,0.875,38
1115,tests/train_files/train_shallow_many_light_has_large_v02.simpl,4,2776.3159,0.875,35
1116,tests/train_files/train_shallow_many_light_has_large_v03.simpl,4,2726.3159,0.875,36
1117,tests/train_files/train_shallow_many_light_has_medium_v01.simpl,4,2500.0000,0.874,11
1118,tests/train_files/train_shallow_many_light_has_medium_v02.simpl,4,2320.5127,0.874,8
1119,tests/train_files/train_shallow_many_light_has_medium_v03.simpl,4,2653.8462,0.874,9
1120,tests/train_files/train_shallow_many_light_no_large_v01.simpl,4,3147.0586,0.874,37
1121,tests/train_files/train_shallow_many_light_no_large_v02.simpl,4,2821.0527,0.874,34
1122,tests/train_files/train_shallow_many_light_no_large_v03.simpl,4,3021.0527,0.874,35
1123,tests/train_files/train_shallow_many_light_no_medium_v01.simpl,4,3083.3333,0.874,10
1124,tests/train_files/train_shallow_many_light_no_medium_v02.simpl,4,2333.3333,0.874,7
1125,tests/train_files/train_shallow_many_light_no_medium_v03.simpl,4,1999.9999,0.874,8
1126,tests/train_files/train_shallow_many_none_has_large_v01.simpl,4,3832.3525,0.873,40
1127,tests/train_files/train_shallow_many_none_has_large_v02.simpl,4,2881.5791,0.873,37
1128,tests/train_files/train_shallow_many_none_has_large_v03.simpl,4,2950.0000,0.873,38
1129,tests/train_files/train_shallow_many_none_has_medium_v01.simpl,4,3083.3333,0.873,11
1130,tests/train_files/train_shallow_many_none_has_medium_v02.simpl,4,2333.3333,0.873,8
1131,tests/train_files/train_shallow_many_none_has_medium_v03.simpl,4,2653.8459,0.873,9
1132,tests/train_files/train_shallow_many_none_no_large_v01.simpl,4,3466.6667,0.873,39
1133,tests/train_files/train_shallow_many_none_no_large_v02.simpl,4,2850.0000,0.873,36
1134,tests/train_files/train_shallow_many_none_no_large_v03.simpl,4,3126.3159,0.873,37
1135,tests/train_files/train_shallow_many_none_no_medium_v01.simpl,4,2333.3333,0.872,10
1136,tests/train_files/train_shallow_many_none_no_medium_v02.simpl,4,1749.9999,0.872,7
1137,tests/train_files/train_shallow_many_none_no_medium_v03.simpl,1,0.0000,0.872,0
1138,tests/train_files/train_shallow_none_dominated_no_large_v01.simpl,1,2624.9998,0.872,42
1139,tests/train_files/train_shallow_none_dominated_no_large_v02.simpl,1,2470.5881,0.872,42
1140,tests/train_files/train_shallow_none_dominated_no_large_v03.simpl,1,2333.3335,0.872,42
1141,tests/train_files/train_shallow_none_dominated_no_medium_v01.simpl,1,142.8571,0.872,1
1142,tests/train_files/train_shallow_none_dominated_no_medium_v02.simpl,1,142.8571,0.872,1
1143,tests/train_files/train_shallow_none_dominated_no_medium_v03.simpl,1,166.6667,0.872,1
1144,tests/train_files/train_shallow_none_none_no_large_v01.simpl,1,2333.3335,0.871,42
1145,tests/train_files/train_shallow_none_none_no_large_v02.simpl,1,2210.5264,0.871,42
1146,tests/train_files/train_shallow_none_none_no_large_v03.simpl,1,2100.0000,0.871,42
1147,tests/train_files/train_shallow_none_none_no_medium_v01.simpl,1,111.1111,0.871,1
1148,tests/train_files/train_shallow_none_none_no_medium_v02.simpl,1,111.1111,0.871,1
1149,tests/train_files/train_shallow_none_none_no_medium_v03.simpl,1,142.8571,0.871,1
1150,tests/train_files/train_shallow_none_none_no_tiny_v01.simpl,1,0.0000,0.871,0
1151,tests/train_files/train_shallow_none_none_no_tiny_v02.simpl,1,0.0000,0.871,0
1152,tests/train_files/train_shallow_none_none_no_tiny_v03.simpl,1,0.0000,0.871,0
1153,tests/train_files/train_deep_few_dominated_has_large_v01.simpl,1,1409.0909,0.870,31
1154,tests/train_files/train_deep_few_dominated_has_large_v02.simpl,1,1380.9524,0.870,29
1155,tests/train_files/train_deep_few_dominated_has_large_v03.simpl,1,1318.1819,0.870,29
1156,tests/train_files/train_deep_few_dominated_has_medium_v01.simpl,1,312.5000,0.870,5
1157,tests/train_files/train_deep_few_dominated_has_medium_v02.simpl,1,214.2857,0.870,3
1158,tests/train_files/train_deep_few_dominated_has_medium_v03.simpl,1,214.2857,0.870,3
1159,tests/train_files/train_deep_few_dominated_no_large_v01.simpl,1,1350.0000,0.870,27
1160,tests/train_files/train_deep_few_dominated_no_large_v02.simpl,1,1181.8182,0.870,26
1161,tests/train_files/train_deep_few_dominated_no_large_v03.simpl,1,1125.0000,0.869,27
1162,tests/train_files/train_deep_few_dominated_no_medium_v01.simpl,1,66.6667,0.869,1
1163,tests/train_files/train_deep_few_dominated_no_medium_v02.simpl,1,0.0000,0.869,0
1164,tests/train_files/train_deep_few_dominated_no_medium_v03.simpl,1,62.5000,0.869,1
1165,tests/train_files/train_deep_few_light_has_large_v01.simpl,1,1650.0000,0.869,33
1166,tests/train_files/train_deep_few_light_has_large_v02.simpl,1,1476.1906,0.869,31
1167,tests/train_files/train_deep_few_light_has_large_v03.simpl,1,1476.1906,0.869,31
1168,tests/train_files/train_deep_few_light_has_medium_v01.simpl,1,333.3333,0.869,5
1169,tests/train_files/train_deep_few_light_has_medium_v02.simpl,1,214.2857,0.869,3
1170,tests/train_files/train_deep_few_light_has_medium_v03.simpl,1,200.0000,0.868,3
1171,tests/train_files/train_deep_few_light_no_large_v01.simpl,1,1450.0000,0.868,29
1172,tests/train_files/train_deep_few_light_no_large_v02.simpl,1,1272.7273,0.868,28
1173,tests/train_files/train_deep_few_light_no_large_v03.simpl,1,1318.1819,0.868,29
1174,tests/train_files/train_deep_few_light_no_medium_v01.simpl,1,66.6667,0.868,1
1175,tests/train_files/train_deep_few_light_no_medium_v02.simpl,1,0.0000,0.868,0
1176,tests/train_files/train_deep_few_light_no_medium_v03.simpl,1,71.4286,0.868,1
1177,tests/train_files/train_deep_few_none_has_large_v01.simpl,1,1590.9091,0.868,35
1178,tests/train_files/train_deep_few_none_has_large_v02.simpl,1,1650.0000,0.868,33
1179,tests/train_files/train_deep_few_none_has_large_v03.simpl,1,1571.4286,0.867,33
1180,tests/train_files/train_deep_few_none_has_medium_v01.simpl,1,333.3333,0.867,5
1181,tests/train_files/train_deep_few_none_has_medium_v02.simpl,1,200.0000,0.867,3
1182,tests/train_files/train_deep_few_none_has_medium_v03.simpl,1,200.0000,0.867,3
1183,tests/train_files/train_deep_few_none_no_large_v01.simpl,1,1476.1906,0.867,31
1184,tests/train_files/train_deep_few_none_no_large_v02.simpl,1,1428.5714,0.867,30
1185,tests/train_files/train_deep_few_none_no_large_v03.simpl,1,1409.0909,0.867,31
1186,tests/train_files/train_deep_few_none_no_medium_v01.simpl,1,66.6667,0.867,1
1187,tests/train_files/train_deep_few_none_no_medium_v02.simpl,1,0.0000,0.867,0
1188,tests/train_files/train_deep_few_none_no_medium_v03.simpl,1,66.6667,0.866,1
1189,tests/train_files/train_deep_many_dominated_has_large_v01.simpl,1,809.5238,0.866,17
1190,tests/train_files/train_deep_many_dominated_has_large_v02.simpl,1,727.2727,0.866,16
1191,tests/train_files/train_deep_many_dominated_has_large_v03.simpl,1,727.2727,0.866,16
1192,tests/train_files/train_deep_many_dominated_has_medium_v01.simpl,1,0.0000,0.866,0
1193,tests/train_files/train_deep_many_dominated_has_medium_v02.simpl,1,0.0000,0.866,0
1194,tests/train_files/train_deep_many_dominated_has_medium_v03.simpl,1,0.0000,0.866,0
1195,tests/train_files/train_deep_many_dominated_no_large_v01.simpl,1,714.2857,0.866,15
1196,tests/train_files/train_deep_many_dominated_no_large_v02.simpl,1,636.3636,0.866,14
1197,tests/train_files/train_deep_many_dominated_no_large_v03.simpl,1,666.6667,0.865,14
1198,tests/train_files/train_deep_many_dominated_no_medium_v01.simpl,1,55.5556,0.865,1
1199,tests/train_files/train_deep_many_dominated_no_medium_v02.simpl,1,0.0000,0.865,0
1200,tests/train_files/train_deep_many_dominated_no_medium_v03.simpl,1,0.0000,0.865,0
1201,tests/train_files/train_deep_many_light_has_large_v01.simpl,1,1095.2382,0.865,23
1202,tests/train_files/train_deep_many_light_has_large_v02.simpl,1,956.5217,0.865,22
1203,tests/train_files/train_deep_many_light_has_large_v03.simpl,1,956.5217,0.865,22
1204,tests/train_files/train_deep_many_light_has_medium_v01.simpl,1,0.0000,0.865,0
1205,tests/train_files/train_deep_many_light_has_medium_v02.simpl,1,0.0000,0.865,0
1206,tests/train_files/train_deep_many_light_has_medium_v03.simpl,1,0.0000,0.864,0
1207,tests/train_files/train_deep_many_light_no_large_v01.simpl,1,1000.0000,0.864,21
1208,tests/train_files/train_deep_many_light_no_large_v02.simpl,1,909.0909,0.864,20
1209,tests/train_files/train_deep_many_light_no_large_v03.simpl,1,869.5652,0.864,20
1210,tests/train_files/train_deep_many_light_no_medium_v01.simpl,1,58.8235,0.864,1
1211,tests/train_files/train_deep_many_light_no_medium_v02.simpl,1,0.0000,0.864,0
1212,tests/train_files/train_deep_many_light_no_medium_v03.simpl,1,0.0000,0.864,0
1213,tests/train_files/train_deep_many_none_has_large_v01.simpl,1,1190.4762,0.864,25
1214,tests/train_files/train_deep_many_none_has_large_v02.simpl,1,1000.0000,0.864,24
1215,tests/train_files/train_deep_many_none_has_large_v03.simpl,1,1043.4783,0.863,24
1216,tests/train_files/train_deep_many_none_has_medium_v01.simpl,1,0.0000,0.863,0
1217,tests/train_files/train_deep_many_none_has_medium_v02.simpl,1,0.0000,0.863,0
1218,tests/train_files/train_deep_many_none_has_medium_v03.simpl,1,0.0000,0.863,0
1219,tests/train_files/train_deep_many_none_no_large_v01.simpl,1,1095.2382,0.863,23
1220,tests/train_files/train_deep_many_none_no_large_v02.simpl,1,956.5217,0.863,22
1221,tests/train_files/train_deep_many_none_no_large_v03.simpl,1,956.5217,0.863,22
1222,tests/train_files/train_deep_many_none_no_medium_v01.simpl,1,62.5000,0.863,1
1223,tests/train_files/train_deep_many_none_no_medium_v02.simpl,1,0.0000,0.863,0
1224,tests/train_files/train_deep_many_none_no_medium_v03.simpl,1,0.0000,0.862,0
1225,tests/train_files/train_deep_none_dominated_no_large_v01.simpl,1,2058.8235,0.862,35
1226,tests/train_files/train_deep_none_dominated_no_large_v02.simpl,1,2058.8235,0.862,35
1227,tests/train_files/train_deep_none_dominated_no_large_v03.simpl,1,1750.0000,0.862,35
1228,tests/train_files/train_deep_none_dominated_no_medium_v01.simpl,1,90.9091,0.862,1
1229,tests/train_files/train_deep_none_dominated_no_medium_v02.simpl,1,83.3333,0.862,1
1230,tests/train_files/train_deep_none_dominated_no_medium_v03.simpl,1,90.9091,0.862,1
1231,tests/train_files/train_deep_none_none_no_large_v01.simpl,1,1750.0000,0.862,35
1232,tests/train_files/train_deep_none_none_no_large_v02.simpl,1,1666.6667,0.862,35
1233,tests/train_files/train_deep_none_none_no_large_v03.simpl,1,1590.9091,0.861,35
1234,tests/train_files/train_deep_none_none_no_medium_v01.simpl,1,0.0000,0.861,0
1235,tests/train_files/train_deep_none_none_no_medium_v02.simpl,1,0.0000,0.861,0
1236,tests/train_files/train_deep_none_none_no_medium_v03.simpl,1,0.0000,0.861,0
1237,tests/train_files/train_none_few_dominated_has_large_v01.simpl,1,3357.1428,0.861,47
1238,tests/train_files/train_none_few_dominated_has_large_v02.simpl,1,3357.1428,0.861,47
1239,tests/train_files/train_none_few_dominated_has_large_v03.simpl,1,3615.3845,0.861,47
1240,tests/train_files/train_none_few_dominated_has_medium_v01.simpl,1,3499.9998,0.861,7
1241,tests/train_files/train_none_few_dominated_has_medium_v02.simpl,1,1749.9999,0.860,7
1242,tests/train_files/train_none_few_dominated_has_medium_v03.simpl,1,1749.9999,0.860,7
1243,tests/train_files/train_none_few_dominated_no_large_v01.simpl,1,3357.1428,0.860,47
1244,tests/train_files/train_none_few_dominated_no_large_v02.simpl,1,3615.3845,0.860,47
1245,tests/train_files/train_none_few_dominated_no_large_v03.simpl,1,3357.1428,0.860,47
1246,tests/train_files/train_none_few_dominated_no_medium_v01.simpl,1,1749.9999,0.860,7
1247,tests/train_files/train_none_few_dominated_no_medium_v02.simpl,1,1749.9999,0.860,7
1248,tests/train_files/train_none_few_dominated_no_medium_v03.simpl,1,1749.9999,0.860,7
1249,tests/train_files/train_none_few_light_has_large_v01.simpl,1,3266.6667,0.860,49
1250,tests/train_files/train_none_few_light_has_large_v02.simpl,1,3500.0000,0.859,49
1251,tests/train_files/train_none_few_light_has_large_v03.simpl,1,3266.6667,0.859,49
1252,tests/train_files/train_none_few_light_has_medium_v01.simpl,1,2666.6667,0.859,8
1253,tests/train_files/train_none_few_light_has_medium_v02.simpl,1,2666.6667,0.859,8
1254,tests/train_files/train_none_few_light_has_medium_v03.simpl,1,2666.6667,0.859,8
1255,tests/train_files/train_none_few_light_has_tiny_v01.simpl,1,2333.3333,0.859,7
1256,tests/train_files/train_none_few_light_has_tiny_v02.simpl,1,1749.9999,0.859,7
1257,tests/train_files/train_none_few_light_has_tiny_v03.simpl,1,1749.9999,0.859,7
1258,tests/train_files/train_none_few_light_no_large_v01.simpl,1,3266.6667,0.859,49
1259,tests/train_files/train_none_few_light_no_large_v02.simpl,1,3266.6667,0.858,49
1260,tests/train_files/train_none_few_light_no_large_v03.simpl,1,3500.0000,0.858,49
1261,tests/train_files/train_none_few_light_no_medium_v01.simpl,1,3999.9998,0.858,8
1262,tests/train_files/train_none_few_light_no_medium_v02.simpl,1,2666.6667,0.858,8
1263,tests/train_files/train_none_few_light_no_medium_v03.simpl,1,1999.9999,0.858,8
1264,tests/train_files/train_none_few_light_no_tiny_v01.simpl,1,1749.9999,0.858,7
1265,tests/train_files/train_none_few_light_no_tiny_v02.simpl,1,1749.9999,0.858,7
1266,tests/train_files/train_none_few_light_no_tiny_v03.simpl,1,1749.9999,0.858,7
1267,tests/train_files/train_none_few_none_has_large_v01.simpl,1,3642.8569,0.858,51
1268,tests/train_files/train_none_few_none_has_large_v02.simpl,1,3923.0769,0.857,51
1269,tests/train_files/train_none_few_none_has_large_v03.simpl,1,3642.8569,0.857,51
1270,tests/train_files/train_none_few_none_has_medium_v01.simpl,1,3333.3333,0.857,10
1271,tests/train_files/train_none_few_none_has_medium_v02.simpl,1,3333.3333,0.857,10
1272,tests/train_files/train_none_few_none_has_medium_v03.simpl,1,2500.0000,0.857,10
1273,tests/train_files/train_none_few_none_has_tiny_v01.simpl,1,2333.3333,0.857,7
1274,tests/train_files/train_none_few_none_has_tiny_v02.simpl,1,2333.3333,0.857,7
1275,tests/train_files/train_none_few_none_has_tiny_v03.simpl,1,2333.3333,0.857,7
1276,tests/train_files/train_none_few_none_no_large_v01.simpl,1,3642.8569,0.857,51
1277,tests/train_files/train_none_few_none_no_large_v02.simpl,1,3642.8569,0.856,51
1278,tests/train_files/train_none_few_none_no_large_v03.simpl,1,3642.8569,0.856,51
1279,tests/train_files/train_none_few_none_no_medium_v01.simpl,1,3333.3333,0.856,10
1280,tests/train_files/train_none_few_none_no_medium_v02.simpl,1,2500.0000,0.856,10
1281,tests/train_files/train_none_few_none_no_medium_v03.simpl,1,2500.0000,0.856,10
1282,tests/train_files/train_none_few_none_no_tiny_v01.simpl,1,2333.3333,0.856,7
1283,tests/train_files/train_none_few_none_no_tiny_v02.simpl,1,2333.3333,0.856,7
1284,tests/train_files/train_none_few_none_no_tiny_v03.simpl,1,1749.9999,0.856,7
1285,tests/train_files/train_none_many_dominated_has_large_v01.simpl,1,3909.0908,0.856,43
1286,tests/train_files/train_none_many_dominated_has_large_v02.simpl,1,3583.3333,0.855,43
1287,tests/train_files/train_none_many_dominated_has_large_v03.simpl,1,3583.3333,0.855,43
1288,tests/train_files/train_none_many_dominated_has_medium_v01.simpl,1,3000.0000,0.855,15
1289,tests/train_files/train_none_many_dominated_has_medium_v02.simpl,1,3000.0000,0.855,15
1290,tests/train_files/train_none_many_dominated_has_medium_v03.simpl,1,3000.0000,0.855,15
1291,tests/train_files/train_none_many_dominated_no_large_v01.simpl,1,3909.0908,0.855,43
1292,tests/train_files/train_none_many_dominated_no_large_v02.simpl,1,3583.3333,0.855,43
1293,tests/train_files/train_none_many_dominated_no_large_v03.simpl,1,3909.0908,0.855,43
1294,tests/train_files/train_none_many_dominated_no_medium_v01.simpl,1,2500.0000,0.855,15
1295,tests/train_files/train_none_many_dominated_no_medium_v02.simpl,1,3000.0000,0.854,15
1296,tests/train_files/train_none_many_dominated_no_medium_v03.simpl,1,3000.0000,0.854,15
1297,tests/train_files/train_none_many_light_has_large_v01.simpl,1,3769.2307,0.854,49
1298,tests/train_files/train_none_many_light_has_large_v02.simpl,1,3769.2307,0.854,49
1299,tests/train_files/train_none_many_light_has_large_v03.simpl,1,3769.2307,0.854,49
1300,tests/train_files/train_none_many_light_has_medium_v01.simpl,1,3749.9998,0.854,15
1301,tests/train_files/train_none_many_light_has_medium_v02.simpl,1,3000.0000,0.854,15
1302,tests/train_files/train_none_many_light_has_medium_v03.simpl,1,3000.0000,0.854,15
1303,tests/train_files/train_none_many_light_no_large_v01.simpl,1,3769.2307,0.854,49
1304,tests/train_files/train_none_many_light_no_large_v02.simpl,1,3769.2307,0.853,49
1305,tests/train_files/train_none_many_light_no_large_v03.simpl,1,3769.2307,0.853,49
1306,tests/train_files/train_none_many_light_no_medium_v01.simpl,1,2500.0000,0.853,15
1307,tests/train_files/train_none_many_light_no_medium_v02.simpl,1,3000.0000,0.853,15
1308,tests/train_files/train_none_many_light_no_medium_v03.simpl,1,3000.0000,0.853,15
1309,tests/train_files/train_none_many_none_has_large_v01.simpl,1,3923.0769,0.853,51
1310,tests/train_files/train_none_many_none_has_large_v02.simpl,1,3642.8569,0.853,51
1311,tests/train_files/train_none_many_none_has_large_v03.simpl,1,4250.0000,0.853,51
1312,tests/train_files/train_none_many_none_has_medium_v01.simpl,1,3749.9998,0.853,15
1313,tests/train_files/train_none_many_none_has_medium_v02.simpl,1,3000.0000,0.852,15
1314,tests/train_files/train_none_many_none_has_medium_v03.simpl,1,5000.0000,0.852,15
1315,tests/train_files/train_none_many_none_no_large_v01.simpl,1,3923.0769,0.852,51
1316,tests/train_files/train_none_many_none_no_large_v02.simpl,1,3923.0769,0.852,51
1317,tests/train_files/train_none_many_none_no_large_v03.simpl,1,3923.0769,0.852,51
1318,tests/train_files/train_none_many_none_no_medium_v01.simpl,1,3000.0000,0.852,15
1319,tests/train_files/train_none_many_none_no_medium_v02.simpl,1,3749.9998,0.852,15
1320,tests/train_files/train_none_many_none_no_medium_v03.simpl,1,3000.0000,0.852,15
1321,tests/train_files/train_none_none_dominated_no_large_v01.simpl,1,3266.6667,0.851,49
1322,tests/train_files/train_none_none_dominated_no_large_v02.simpl,1,3769.2307,0.851,49
1323,tests/train_files/train_none_none_dominated_no_large_v03.simpl,1,3266.6667,0.851,49
1324,tests/train_files/train_none_none_dominated_no_medium_v01.simpl,1,2666.6667,0.851,8
1325,tests/train_files/train_none_none_dominated_no_medium_v02.simpl,1,1999.9999,0.851,8
1326,tests/train_files/train_none_none_dominated_no_medium_v03.simpl,1,1999.9999,0.851,8
1327,tests/train_files/train_none_none_dominated_no_tiny_v01.simpl,1,333.3333,0.851,1
1328,tests/train_files/train_none_none_dominated_no_tiny_v02.simpl,1,500.0000,0.851,1
1329,tests/train_files/train_none_none_dominated_no_tiny_v03.simpl,1,500.0000,0.851,1
1330,tests/train_files/train_none_none_none_no_large_v01.simpl,1,3500.0000,0.850,49
1331,tests/train_files/train_none_none_none_no_large_v02.simpl,1,3500.0000,0.850,49
1332,tests/train_files/train_none_none_none_no_large_v03.simpl,1,3062.4998,0.850,49
1333,tests/train_files/train_none_none_none_no_medium_v01.simpl,1,1999.9999,0.850,8
1334,tests/train_files/train_none_none_none_no_medium_v02.simpl,1,1999.9999,0.850,8
1335,tests/train_files/train_none_none_none_no_medium_v03.simpl,1,1999.9999,0.850,8
1336,tests/train_files/train_none_none_none_no_tiny_v01.simpl,1,0.0000,0.850,0
1337,tests/train_files/train_none_none_none_no_tiny_v02.simpl,1,0.0000,0.850,0
1338,tests/train_files/train_none_none_none_no_tiny_v03.simpl,1,0.0000,0.850,0
1339,tests/train_files/train_shallow_few_dominated_has_large_v01.simpl,1,2000.0001,0.849,38
1340,tests/train_files/train_shallow_few_dominated_has_large_v02.simpl,1,2000.0001,0.849,36
1341,tests/train_files/train_shallow_few_dominated_has_large_v03.simpl,1,1241.3794,0.849,36
1342,tests/train_files/train_shallow_few_dominated_has_medium_v01.simpl,1,500.0000,0.849,5
1343,tests/train_files/train_shallow_few_dominated_has_medium_v02.simpl,1,272.7273,0.849,3
1344,tests/train_files/train_shallow_few_dominated_has_medium_v03.simpl,1,333.3333,0.849,3
1345,tests/train_files/train_shallow_few_dominated_no_large_v01.simpl,1,1888.8889,0.849,34
1346,tests/train_files/train_shallow_few_dominated_no_large_v02.simpl,1,1833.3334,0.849,33
1347,tests/train_files/train_shallow_few_dominated_no_large_v03.simpl,1,1789.4738,0.849,34
1348,tests/train_files/train_shallow_few_dominated_no_medium_v01.simpl,1,90.9091,0.848,1
1349,tests/train_files/train_shallow_few_dominated_no_medium_v02.simpl,1,0.0000,0.848,0
1350,tests/train_files/train_shallow_few_dominated_no_medium_v03.simpl,1,90.9091,0.848,1
1351,tests/train_files/train_shallow_few_light_has_large_v01.simpl,1,2105.2632,0.848,40
1352,tests/train_files/train_shallow_few_light_has_large_v02.simpl,1,2235.2939,0.848,38
1353,tests/train_files/train_shallow_few_light_has_large_v03.simpl,1,1900.0000,0.848,38
1354,tests/train_files/train_shallow_few_light_has_medium_v01.simpl,1,500.0000,0.848,5
1355,tests/train_files/train_shallow_few_light_has_medium_v02.simpl,1,333.3333,0.848,3
1356,tests/train_files/train_shallow_few_light_has_medium_v03.simpl,1,300.0000,0.848,3
1357,tests/train_files/train_shallow_few_light_no_large_v01.simpl,1,2000.0001,0.847,36
1358,tests/train_files/train_shallow_few_light_no_large_v02.simpl,1,1842.1053,0.847,35
1359,tests/train_files/train_shallow_few_light_no_large_v03.simpl,1,2000.0001,0.847,36
1360,tests/train_files/train_shallow_few_light_no_medium_v01.simpl,1,100.0000,0.847,1
1361,tests/train_files/train_shallow_few_light_no_medium_v02.simpl,1,0.0000,0.847,0
1362,tests/train_files/train_shallow_few_light_no_medium_v03.simpl,1,90.9091,0.847,1
1363,tests/train_files/train_shallow_few_none_has_large_v01.simpl,1,2210.5264,0.847,42
1364,tests/train_files/train_shallow_few_none_has_large_v02.simpl,1,2222.2224,0.847,40
1365,tests/train_files/train_shallow_few_none_has_large_v03.simpl,1,1904.7620,0.847,40
1366,tests/train_files/train_shallow_few_none_has_medium_v01.simpl,1,454.5455,0.846,5
1367,tests/train_files/train_shallow_few_none_has_medium_v02.simpl,1,272.7273,0.846,3
1368,tests/train_files/train_shallow_few_none_has_medium_v03.simpl,1,272.7273,0.846,3
1369,tests/train_files/train_shallow_few_none_no_large_v01.simpl,1,1900.0000,0.846,38
1370,tests/train_files/train_shallow_few_none_no_large_v02.simpl,1,2055.5557,0.846,37
1371,tests/train_files/train_shallow_few_none_no_large_v03.simpl,1,2000.0001,0.846,38
1372,tests/train_files/train_shallow_few_none_no_medium_v01.simpl,1,83.3333,0.846,1
1373,tests/train_files/train_shallow_few_none_no_medium_v02.simpl,1,0.0000,0.846,0
1374,tests/train_files/train_shallow_few_none_no_medium_v03.simpl,1,111.1111,0.846,1
1375,tests/train_files/train_shallow_many_dominated_has_large_v01.simpl,1,1411.7646,0.845,24
1376,tests/train_files/train_shallow_many_dominated_has_large_v02.simpl,1,1352.9412,0.845,23
1377,tests/train_files/train_shallow_many_dominated_has_large_v03.simpl,1,1277.7778,0.845,23
1378,tests/train_files/train_shallow_many_dominated_has_medium_v01.simpl,1,250.0000,0.845,3
1379,tests/train_files/train_shallow_many_dominated_has_medium_v02.simpl,1,153.8461,0.845,2
1380,tests/train_files/train_shallow_many_dominated_has_medium_v03.simpl,1,142.8571,0.845,2
1381,tests/train_files/train_shallow_many_dominated_no_large_v01.simpl,1,1294.1176,0.845,22
1382,tests/train_files/train_shallow_many_dominated_no_large_v02.simpl,1,1235.2941,0.845,21
1383,tests/train_files/train_shallow_many_dominated_no_large_v03.simpl,1,1235.2941,0.845,21
1384,tests/train_files/train_shallow_many_dominated_no_medium_v01.simpl,1,83.3333,0.844,1
1385,tests/train_files/train_shallow_many_dominated_no_medium_v02.simpl,1,0.0000,0.844,0
1386,tests/train_files/train_shallow_many_dominated_no_medium_v03.simpl,1,0.0000,0.844,0
1387,tests/train_files/train_shallow_many_light_has_large_v01.simpl,1,1578.9474,0.844,30
1388,tests/train_files/train_shallow_many_light_has_large_v02.simpl,1,1611.1112,0.844,29
1389,tests/train_files/train_shallow_many_light_has_large_v03.simpl,1,1611.1112,0.844,29
1390,tests/train_files/train_shallow_many_light_has_medium_v01.simpl,1,250.0000,0.844,3
1391,tests/train_files/train_shallow_many_light_has_medium_v02.simpl,1,153.8461,0.844,2
1392,tests/train_files/train_shallow_many_light_has_medium_v03.simpl,1,153.8461,0.844,2
1393,tests/train_files/train_shallow_many_light_no_large_v01.simpl,1,1647.0587,0.843,28
1394,tests/train_files/train_shallow_many_light_no_large_v02.simpl,1,1350.0000,0.843,27
1395,tests/train_files/train_shallow_many_light_no_large_v03.simpl,1,1421.0527,0.843,27
1396,tests/train_files/train_shallow_many_light_no_medium_v01.simpl,1,62.5000,0.843,1
1397,tests/train_files/train_shallow_many_light_no_medium_v02.simpl,1,0.0000,0.843,0
1398,tests/train_files/train_shallow_many_light_no_medium_v03.simpl,1,0.0000,0.843,0
1399,tests/train_files/train_shallow_many_none_has_large_v01.simpl,1,1684.2106,0.843,32
1400,tests/train_files/train_shallow_many_none_has_large_v02.simpl,1,1631.5790,0.843,31
1401,tests/train_files/train_shallow_many_none_has_large_v03.simpl,1,1722.2223,0.843,31
1402,tests/train_files/train_shallow_many_none_has_medium_v01.simpl,1,250.0000,0.842,3
1403,tests/train_files/train_shallow_many_none_has_medium_v02.simpl,1,142.8571,0.842,2
1404,tests/train_files/train_shallow_many_none_has_medium_v03.simpl,1,153.8461,0.842,2
1405,tests/train_files/train_shallow_many_none_no_large_v01.simpl,1,1578.9474,0.842,30
1406,tests/train_files/train_shallow_many_none_no_large_v02.simpl,1,1611.1112,0.842,29
1407,tests/train_files/train_shallow_many_none_no_large_v03.simpl,1,1380.9524,0.842,29
1408,tests/train_files/train_shallow_many_none_no_medium_v01.simpl,1,83.3333,0.842,1
1409,tests/train_files/train_shallow_many_none_no_medium_v02.simpl,1,0.0000,0.842,0
1410,tests/train_files/train_shallow_many_none_no_medium_v03.simpl,1,0.0000,0.841,0
1411,tests/train_files/train_shallow_none_dominated_no_large_v01.simpl,1,2470.5881,0.841,42
1412,tests/train_files/train_shallow_none_dominated_no_large_v02.simpl,1,2800.0000,0.841,42
1413,tests/train_files/train_shallow_none_dominated_no_large_v03.simpl,1,2210.5264,0.841,42
1414,tests/train_files/train_shallow_none_dominated_no_medium_v01.simpl,1,166.6667,0.841,1
1415,tests/train_files/train_shallow_none_dominated_no_medium_v02.simpl,1,142.8571,0.841,1
1416,tests/train_files/train_shallow_none_dominated_no_medium_v03.simpl,1,142.8571,0.841,1
1417,tests/train_files/train_shallow_none_none_no_large_v01.simpl,1,2470.5881,0.841,42
1418,tests/train_files/train_shallow_none_none_no_large_v02.simpl,1,2333.3335,0.841,42
1419,tests/train_files/train_shallow_none_none_no_large_v03.simpl,1,2000.0000,0.840,42
1420,tests/train_files/train_shallow_none_none_no_medium_v01.simpl,1,142.8571,0.840,1
1421,tests/train_files/train_shallow_none_none_no_medium_v02.simpl,1,125.0000,0.840,1
1422,tests/train_files/train_shallow_none_none_no_medium_v03.simpl,1,111.1111,0.840,1
1423,tests/train_files/train_shallow_none_none_no_tiny_v01.simpl,1,0.0000,0.840,0
1424,tests/train_files/train_shallow_none_none_no_tiny_v02.simpl,1,0.0000,0.840,0
1425,tests/train_files/train_shallow_none_none_no_tiny_v03.simpl,1,0.0000,0.840,0
1426,tests/train_files/train_deep_few_dominated_has_large_v01.simpl,1,1409.0909,0.840,31
1427,tests/train_files/train_deep_few_dominated_has_large_v02.simpl,1,1380.9524,0.840,29
1428,tests/train_files/train_deep_few_dominated_has_large_v03.simpl,1,1318.1819,0.839,29
1429,tests/train_files/train_deep_few_dominated_has_medium_v01.simpl,1,312.5000,0.839,5
1430,tests/train_files/train_deep_few_dominated_has_medium_v02.simpl,1,187.5000,0.839,3
1431,tests/train_files/train_deep_few_dominated_has_medium_v03.simpl,1,200.0000,0.839,3
1432,tests/train_files/train_deep_few_dominated_no_large_v01.simpl,1,1285.7144,0.839,27
1433,tests/train_files/train_deep_few_dominated_no_large_v02.simpl,1,1238.0952,0.839,26
1434,tests/train_files/train_deep_few_dominated_no_large_v03.simpl,1,1173.9131,0.839,27
1435,tests/train_files/train_deep_few_dominated_no_medium_v01.simpl,1,66.6667,0.839,1
1436,tests/train_files/train_deep_few_dominated_no_medium_v02.simpl,1,0.0000,0.839,0
1437,tests/train_files/train_deep_few_dominated_no_medium_v03.simpl,1,71.4286,0.838,1
1438,tests/train_files/train_deep_few_light_has_large_v01.simpl,1,1571.4286,0.838,33
1439,tests/train_files/train_deep_few_light_has_large_v02.simpl,1,1291.6666,0.838,31
1440,tests/train_files/train_deep_few_light_has_large_v03.simpl,1,1476.1906,0.838,31
1441,tests/train_files/train_deep_few_light_has_medium_v01.simpl,1,333.3333,0.838,5
1442,tests/train_files/train_deep_few_light_has_medium_v02.simpl,1,214.2857,0.838,3
1443,tests/train_files/train_deep_few_light_has_medium_v03.simpl,1,200.0000,0.838,3
1444,tests/train_files/train_deep_few_light_no_large_v01.simpl,1,1208.3334,0.838,29
1445,tests/train_files/train_deep_few_light_no_large_v02.simpl,1,1166.6666,0.838,28
1446,tests/train_files/train_deep_few_light_no_large_v03.simpl,1,1035.7142,0.837,29
1447,tests/train_files/train_deep_few_light_no_medium_v01.simpl,1,66.6667,0.837,1
1448,tests/train_files/train_deep_few_light_no_medium_v02.simpl,1,0.0000,0.837,0
1449,tests/train_files/train_deep_few_light_no_medium_v03.simpl,1,66.6667,0.837,1
1450,tests/train_files/train_deep_few_none_has_large_v01.simpl,1,1590.9091,0.837,35
1451,tests/train_files/train_deep_few_none_has_large_v02.simpl,1,1500.0000,0.837,33
1452,tests/train_files/train_deep_few_none_has_large_v03.simpl,1,1434.7826,0.837,33
1453,tests/train_files/train_deep_few_none_has_medium_v01.simpl,1,312.5000,0.837,5
1454,tests/train_files/train_deep_few_none_has_medium_v02.simpl,1,187.5000,0.837,3
1455,tests/train_files/train_deep_few_none_has_medium_v03.simpl,1,200.0000,0.836,3
1456,tests/train_files/train_deep_few_none_no_large_v01.simpl,1,1409.0909,0.836,31
1457,tests/train_files/train_deep_few_none_no_large_v02.simpl,1,1304.3478,0.836,30
1458,tests/train_files/train_deep_few_none_no_large_v03.simpl,1,1192.3076,0.836,31
1459,tests/train_files/train_deep_few_none_no_medium_v01.simpl,1,71.4286,0.836,1
1460,tests/train_files/train_deep_few_none_no_medium_v02.simpl,1,0.0000,0.836,0
1461,tests/train_files/train_deep_few_none_no_medium_v03.simpl,1,71.4286,0.836,1
1462,tests/train_files/train_deep_many_dominated_has_large_v01.simpl,1,809.5238,0.836,17
1463,tests/train_files/train_deep_many_dominated_has_large_v02.simpl,1,761.9048,0.836,16
1464,tests/train_files/train_deep_many_dominated_has_large_v03.simpl,1,695.6522,0.835,16
1465,tests/train_files/train_deep_many_dominated_has_medium_v01.simpl,1,0.0000,0.835,0
1466,tests/train_files/train_deep_many_dominated_has_medium_v02.simpl,1,0.0000,0.835,0
1467,tests/train_files/train_deep_many_dominated_has_medium_v03.simpl,1,0.0000,0.835,0
1468,tests/train_files/train_deep_many_dominated_no_large_v01.simpl,1,750.0000,0.835,15
1469,tests/train_files/train_deep_many_dominated_no_large_v02.simpl,1,608.6957,0.835,14
1470,tests/train_files/train_deep_many_dominated_no_large_v03.simpl,1,636.3636,0.835,14
1471,tests/train_files/train_deep_many_dominated_no_medium_v01.simpl,1,58.8235,0.835,1
1472,tests/train_files/train_deep_many_dominated_no_medium_v02.simpl,1,0.0000,0.835,0
1473,tests/train_files/train_deep_many_dominated_no_medium_v03.simpl,1,0.0000,0.834,0
1474,tests/train_files/train_deep_many_light_has_large_v01.simpl,1,1095.2382,0.834,23
1475,tests/train_files/train_deep_many_light_has_large_v02.simpl,1,1047.6190,0.834,22
1476,tests/train_files/train_deep_many_light_has_large_v03.simpl,1,1000.0000,0.834,22
1477,tests/train_files/train_deep_many_light_has_medium_v01.simpl,1,0.0000,0.834,0
1478,tests/train_files/train_deep_many_light_has_medium_v02.simpl,1,0.0000,0.834,0
1479,tests/train_files/train_deep_many_light_has_medium_v03.simpl,1,0.0000,0.834,0
1480,tests/train_files/train_deep_many_light_no_large_v01.simpl,1,1000.0000,0.834,21
1481,tests/train_files/train_deep_many_light_no_large_v02.simpl,1,833.3333,0.834,20
1482,tests/train_files/train_deep_many_light_no_large_v03.simpl,1,800.0000,0.833,20
1483,tests/train_files/train_deep_many_light_no_medium_v01.simpl,1,62.5000,0.833,1
1484,tests/train_files/train_deep_many_light_no_medium_v02.simpl,1,0.0000,0.833,0
1485,tests/train_files/train_deep_many_light_no_medium_v03.simpl,1,0.0000,0.833,0
1486,tests/train_files/train_deep_many_none_has_large_v01.simpl,1,1136.3636,0.833,25
1487,tests/train_files/train_deep_many_none_has_large_v02.simpl,1,1000.0000,0.833,24
1488,tests/train_files/train_deep_many_none_has_large_v03.simpl,1,1000.0000,0.833,24
1489,tests/train_files/train_deep_many_none_has_medium_v01.simpl,1,0.0000,0.833,0
1490,tests/train_files/train_deep_many_none_has_medium_v02.simpl,1,0.0000,0.832,0
1491,tests/train_files/train_deep_many_none_has_medium_v03.simpl,1,0.0000,0.832,0
1492,tests/train_files/train_deep_many_none_no_large_v01.simpl,1,1045.4546,0.832,23
1493,tests/train_files/train_deep_many_none_no_large_v02.simpl,1,956.5217,0.832,22
1494,tests/train_files/train_deep_many_none_no_large_v03.simpl,1,916.6667,0.832,22
1495,tests/train_files/train_deep_many_none_no_medium_v01.simpl,1,58.8235,0.832,1
1496,tests/train_files/train_deep_many_none_no_medium_v02.simpl,1,0.0000,0.832,0
1497,tests/train_files/train_deep_many_none_no_medium_v03.simpl,1,0.0000,0.832,0
1498,tests/train_files/train_deep_none_dominated_no_large_v01.simpl,1,1750.0000,0.832,35
1499,tests/train_files/train_deep_none_dominated_no_large_v02.simpl,1,1842.1053,0.831,35
1500,tests/train_files/train_deep_none_dominated_no_large_v03.simpl,1,1842.1053,0.831,35
1501,tests/train_files/train_deep_none_dominated_no_medium_v01.simpl,1,83.3333,0.831,1
1502,tests/train_files/train_deep_none_dominated_no_medium_v02.simpl,1,90.9091,0.831,1
1503,tests/train_files/train_deep_none_dominated_no_medium_v03.simpl,1,83.3333,0.831,1
1504,tests/train_files/train_deep_none_none_no_large_v01.simpl,1,1666.6667,0.831,35
1505,tests/train_files/train_deep_none_none_no_large_v02.simpl,1,1590.9091,0.831,35
1506,tests/train_files/train_deep_none_none_no_large_v03.simpl,1,1666.6667,0.831,35
1507,tests/train_files/train_deep_none_none_no_medium_v01.simpl,1,0.0000,0.831,0
1508,tests/train_files/train_deep_none_none_no_medium_v02.simpl,1,0.0000,0.830,0
1509,tests/train_files/train_deep_none_none_no_medium_v03.simpl,3,0.0000,0.830,0
1510,tests/train_files/train_none_few_dominated_has_large_v01.simpl,3,3928.5713,0.830,51
1511,tests/train_files/train_none_few_dominated_has_large_v02.simpl,3,4186.8130,0.830,51
1512,tests/train_files/train_none_few_dominated_has_large_v03.simpl,3,4186.8130,0.830,51
1513,tests/train_files/train_none_few_dominated_has_medium_v01.simpl,3,5749.9995,0.830,11
1514,tests/train_files/train_none_few_dominated_has_medium_v02.simpl,3,4333.3330,0.830,11
1515,tests/train_files/train_none_few_dominated_has_medium_v03.simpl,3,5749.9995,0.830,11
1516,tests/train_files/train_none_few_dominated_no_large_v01.simpl,3,3928.5713,0.830,51
1517,tests/train_files/train_none_few_dominated_no_large_v02.simpl,3,4472.5273,0.829,53
1518,tests/train_files/train_none_few_dominated_no_large_v03.simpl,3,3928.5713,0.829,51
1519,tests/train_files/train_none_few_dominated_no_medium_v01.simpl,3,6333.3330,0.829,11
1520,tests/train_files/train_none_few_dominated_no_medium_v02.simpl,3,4749.9995,0.829,13
1521,tests/train_files/train_none_few_dominated_no_medium_v03.simpl,3,6333.3330,0.829,11
1522,tests/train_files/train_none_few_light_has_large_v01.simpl,3,4340.6592,0.829,53
1523,tests/train_files/train_none_few_light_has_large_v02.simpl,3,4000.0000,0.829,53
1524,tests/train_files/train_none_few_light_has_large_v03.simpl,3,4071.4285,0.829,53
1525,tests/train_files/train_none_few_light_has_medium_v01.simpl,3,5999.9995,0.829,12
1526,tests/train_files/train_none_few_light_has_medium_v02.simpl,3,4666.6665,0.828,12
1527,tests/train_files/train_none_few_light_has_medium_v03.simpl,3,3999.9998,0.828,12
1528,tests/train_files/train_none_few_light_has_tiny_v01.simpl,3,3749.9998,0.828,11
1529,tests/train_files/train_none_few_light_has_tiny_v02.simpl,3,6333.3330,0.828,11
1530,tests/train_files/train_none_few_light_has_tiny_v03.simpl,3,6333.3330,0.828,11
1531,tests/train_files/train_none_few_light_no_large_v01.simpl,3,4000.0000,0.828,53
1532,tests/train_files/train_none_few_light_no_large_v02.simpl,3,4357.1426,0.828,55
1533,tests/train_files/train_none_few_light_no_large_v03.simpl,3,3838.0952,0.828,53
1534,tests/train_files/train_none_few_light_no_medium_v01.simpl,3,5999.9995,0.828,12
1535,tests/train_files/train_none_few_light_no_medium_v02.simpl,3,5666.6665,0.827,14
1536,tests/train_files/train_none_few_light_no_medium_v03.simpl,3,3999.9998,0.827,12
1537,tests/train_files/train_none_few_light_no_tiny_v01.simpl,3,6333.3330,0.827,11
1538,tests/train_files/train_none_few_light_no_tiny_v02.simpl,3,9499.9990,0.827,13
1539,tests/train_files/train_none_few_light_no_tiny_v03.simpl,3,5749.9995,0.827,11
1540,tests/train_files/train_none_few_none_has_large_v01.simpl,3,4214.2856,0.827,55
1541,tests/train_files/train_none_few_none_has_large_v02.simpl,3,3900.0000,0.827,55
1542,tests/train_files/train_none_few_none_has_large_v03.simpl,3,4214.2856,0.827,55
1543,tests/train_files/train_none_few_none_has_medium_v01.simpl,3,4500.0000,0.827,14
1544,tests/train_files/train_none_few_none_has_medium_v02.simpl,3,3666.6665,0.826,14
1545,tests/train_files/train_none_few_none_has_medium_v03.simpl,3,4500.0000,0.826,14
1546,tests/train_files/train_none_few_none_has_tiny_v01.simpl,3,6333.3330,0.826,11
1547,tests/train_files/train_none_few_none_has_tiny_v02.simpl,3,4333.3330,0.826,11
1548,tests/train_files/train_none_few_none_has_tiny_v03.simpl,3,5749.9995,0.826,11
1549,tests/train_files/train_none_few_none_no_large_v01.simpl,3,3758.9282,0.826,55
1550,tests/train_files/train_none_few_none_no_large_v02.simpl,3,4309.5234,0.826,57
1551,tests/train_files/train_none_few_none_no_large_v03.simpl,3,4494.5054,0.826,55
1552,tests/train_files/train_none_few_none_no_medium_v01.simpl,3,6500.0000,0.826,14
1553,tests/train_files/train_none_few_none_no_medium_v02.simpl,3,6333.3330,0.825,16
1554,tests/train_files/train_none_few_none_no_medium_v03.simpl,3,6500.0000,0.825,14
1555,tests/train_files/train_none_few_none_no_tiny_v01.simpl,3,5749.9995,0.825,11
1556,tests/train_files/train_none_few_none_no_tiny_v02.simpl,3,9499.9990,0.825,13
1557,tests/train_files/train_none_few_none_no_tiny_v03.simpl,3,6333.3330,0.825,11
1558,tests/train_files/train_none_many_dominated_has_large_v01.simpl,3,4416.6665,0.825,48
1559,tests/train_files/train_none_many_dominated_has_large_v02.simpl,3,4916.6665,0.825,51
1560,tests/train_files/train_none_many_dominated_has_large_v03.simpl,3,5109.0908,0.825,49
1561,tests/train_files/train_none_many_dominated_has_medium_v01.simpl,3,5500.0000,0.825,20
1562,tests/train_files/train_none_many_dominated_has_medium_v02.simpl,3,6500.0000,0.824,23
1563,tests/train_files/train_none_many_dominated_has_medium_v03.simpl,3,6000.0000,0.824,21
1564,tests/train_files/train_none_many_dominated_no_large_v01.simpl,3,3974.3589,0.824,47
1565,tests/train_files/train_none_many_dominated_no_large_v02.simpl,3,4474.3589,0.824,50
1566,tests/train_files/train_none_many_dominated_no_large_v03.simpl,3,4416.6665,0.824,48
1567,tests/train_files/train_none_many_dominated_no_medium_v01.simpl,3,5000.0000,0.824,19
1568,tests/train_files/train_none_many_dominated_no_medium_v02.simpl,3,6500.0000,0.824,22
1569,tests/train_files/train_none_many_dominated_no_medium_v03.simpl,3,5000.0000,0.824,20
1570,tests/train_files/train_none_many_light_has_large_v01.simpl,3,4394.2305,0.823,54
1571,tests/train_files/train_none_many_light_has_large_v02.simpl,3,4500.0000,0.823,57
1572,tests/train_files/train_none_many_light_has_large_v03.simpl,3,4500.0000,0.823,55
1573,tests/train_files/train_none_many_light_has_medium_v01.simpl,3,5500.0000,0.823,20
1574,tests/train_files/train_none_many_light_has_medium_v02.simpl,3,5666.6670,0.823,23
1575,tests/train_files/train_none_many_light_has_medium_v03.simpl,3,6000.0000,0.823,21
1576,tests/train_files/train_none_many_light_no_large_v01.simpl,3,4071.4285,0.823,53
1577,tests/train_files/train_none_many_light_no_large_v02.simpl,3,4769.2305,0.823,56
1578,tests/train_files/train_none_many_light_no_large_v03.simpl,3,4602.5640,0.823,54
1579,tests/train_files/train_none_many_light_no_medium_v01.simpl,3,5083.3330,0.822,19
1580,tests/train_files/train_none_many_light_no_medium_v02.simpl,3,5333.3330,0.822,22
1581,tests/train_files/train_none_many_light_no_medium_v03.simpl,3,5500.0000,0.822,20
1582,tests/train_files/train_none_many_none_has_large_v01.simpl,3,4267.8569,0.822,56
1583,tests/train_files/train_none_many_none_has_large_v02.simpl,3,4330.3569,0.822,59
1584,tests/train_files/train_none_many_none_has_large_v03.simpl,3,4923.0771,0.822,57
1585,tests/train_files/train_none_many_none_has_medium_v01.simpl,3,5500.0000,0.822,20
1586,tests/train_files/train_none_many_none_has_medium_v02.simpl,3,6500.0000,0.822,23
1587,tests/train_files/train_none_many_none_has_medium_v03.simpl,3,9000.0000,0.822,21
1588,tests/train_files/train_none_many_none_no_large_v01.simpl,3,3900.0000,0.821,55
1589,tests/train_files/train_none_many_none_no_large_v02.simpl,3,4517.8569,0.821,58
1590,tests/train_files/train_none_many_none_no_large_v03.simpl,3,4756.4102,0.821,56
1591,tests/train_files/train_none_many_none_no_medium_v01.simpl,3,5000.0000,0.821,19
1592,tests/train_files/train_none_many_none_no_medium_v02.simpl,3,6500.0000,0.821,22
1593,tests/train_files/train_none_many_none_no_medium_v03.simpl,3,5500.0000,0.821,20
1594,tests/train_files/train_none_none_dominated_no_large_v01.simpl,3,2578.9475,0.821,49
1595,tests/train_files/train_none_none_dominated_no_large_v02.simpl,3,2882.3528,0.821,49
1596,tests/train_files/train_none_none_dominated_no_large_v03.simpl,3,3266.6667,0.821,49
1597,tests/train_files/train_none_none_dominated_no_medium_v01.simpl,3,1999.9999,0.820,8
1598,tests/train_files/train_none_none_dominated_no_medium_v02.simpl,3,2666.6667,0.820,8
1599,tests/train_files/train_none_none_dominated_no_medium_v03.simpl,3,1999.9999,0.820,8
1600,tests/train_files/train_none_none_dominated_no_tiny_v01.simpl,3,500.0000,0.820,1
1601,tests/train_files/train_none_none_dominated_no_tiny_v02.simpl,3,500.0000,0.820,1
1602,tests/train_files/train_none_none_dominated_no_tiny_v03.simpl,3,999.9999,0.820,1
1603,tests/train_files/train_none_none_none_no_large_v01.simpl,3,3391.6667,0.820,50
1604,tests/train_files/train_none_none_none_no_large_v02.simpl,3,3642.8572,0.820,50
1605,tests/train_files/train_none_none_none_no_large_v03.simpl,3,3642.8572,0.820,50
1606,tests/train_files/train_none_none_none_no_medium_v01.simpl,3,2499.9998,0.819,9
1607,tests/train_files/train_none_none_none_no_medium_v02.simpl,3,2999.9998,0.819,9
1608,tests/train_files/train_none_none_none_no_medium_v03.simpl,3,3666.6667,0.819,9
1609,tests/train_files/train_none_none_none_no_tiny_v01.simpl,3,999.9999,0.819,1
1610,tests/train_files/train_none_none_none_no_tiny_v02.simpl,3,999.9999,0.819,1
1611,tests/train_files/train_none_none_none_no_tiny_v03.simpl,3,500.0000,0.819,1
1612,tests/train_files/train_shallow_few_dominated_has_large_v01.simpl,3,2166.6667,0.819,39
1613,tests/train_files/train_shallow_few_dominated_has_large_v02.simpl,3,2284.3137,0.819,37
1614,tests/train_files/train_shallow_few_dominated_has_large_v03.simpl,3,1731.8840,0.819,37
1615,tests/train_files/train_shallow_few_dominated_has_medium_v01.simpl,3,1454.5454,0.818,6
1616,tests/train_files/train_shallow_few_dominated_has_medium_v02.simpl,3,1272.7272,0.818,4
1617,tests/train_files/train_shallow_few_dominated_has_medium_v03.simpl,3,1300.0000,0.818,4
1618,tests/train_files/train_shallow_few_dominated_no_large_v01.simpl,3,1700.0000,0.818,34
1619,tests/train_files/train_shallow_few_dominated_no_large_v02.simpl,3,1941.1764,0.818,33
1620,tests/train_files/train_shallow_few_dominated_no_large_v03.simpl,3,1619.0476,0.818,34
1621,tests/train_files/train_shallow_few_dominated_no_medium_v01.simpl,3,90.9091,0.818,1
1622,tests/train_files/train_shallow_few_dominated_no_medium_v02.simpl,3,0.0000,0.818,0
1623,tests/train_files/train_shallow_few_dominated_no_medium_v03.simpl,3,71.4286,0.818,1
1624,tests/train_files/train_shallow_few_light_has_large_v01.simpl,3,2388.8892,0.817,41
1625,tests/train_files/train_shallow_few_light_has_large_v02.simpl,3,2435.2939,0.817,39
1626,tests/train_files/train_shallow_few_light_has_large_v03.simpl,3,1976.1904,0.817,39
1627,tests/train_files/train_shallow_few_light_has_medium_v01.simpl,3,833.3334,0.817,6
1628,tests/train_files/train_shallow_few_light_has_medium_v02.simpl,3,1250.0000,0.817,4
1629,tests/train_files/train_shallow_few_light_has_medium_v03.simpl,3,700.0000,0.817,4
1630,tests/train_files/train_shallow_few_light_no_large_v01.simpl,3,1894.7369,0.817,36
1631,tests/train_files/train_shallow_few_light_no_large_v02.simpl,3,1750.0000,0.817,35
1632,tests/train_files/train_shallow_few_light_no_large_v03.simpl,3,1714.2858,0.817,36
1633,tests/train_files/train_shallow_few_light_no_medium_v01.simpl,3,90.9091,0.816,1
1634,tests/train_files/train_shallow_few_light_no_medium_v02.simpl,3,0.0000,0.816,0
1635,tests/train_files/train_shallow_few_light_no_medium_v03.simpl,3,111.1111,0.816,1
1636,tests/train_files/train_shallow_few_none_has_large_v01.simpl,3,2377.1931,0.816,43
1637,tests/train_files/train_shallow_few_none_has_large_v02.simpl,3,2388.8892,0.816,41
1638,tests/train_files/train_shallow_few_none_has_large_v03.simpl,3,1905.7970,0.816,41
1639,tests/train_files/train_shallow_few_none_has_medium_v01.simpl,3,1500.0000,0.816,6
1640,tests/train_files/train_shallow_few_none_has_medium_v02.simpl,3,1333.3333,0.816,4
1641,tests/train_files/train_shallow_few_none_has_medium_v03.simpl,3,800.0000,0.816,4
1642,tests/train_files/train_shallow_few_none_no_large_v01.simpl,3,2000.0001,0.815,38
1643,tests/train_files/train_shallow_few_none_no_large_v02.simpl,3,2055.5557,0.815,37
1644,tests/train_files/train_shallow_few_none_no_large_v03.simpl,3,1900.0000,0.815,38
1645,tests/train_files/train_shallow_few_none_no_medium_v01.simpl,3,90.9091,0.815,1
1646,tests/train_files/train_shallow_few_none_no_medium_v02.simpl,3,0.0000,0.815,0
1647,tests/train_files/train_shallow_few_none_no_medium_v03.simpl,3,100.0000,0.815,1
1648,tests/train_files/train_shallow_many_dominated_has_large_v01.simpl,3,1661.7646,0.815,25
1649,tests/train_files/train_shallow_many_dominated_has_large_v02.simpl,3,1611.1112,0.815,24
1650,tests/train_files/train_shallow_many_dominated_has_large_v03.simpl,3,1477.7778,0.814,24
1651,tests/train_files/train_shallow_many_dominated_has_medium_v01.simpl,3,730.7692,0.814,4
1652,tests/train_files/train_shallow_many_dominated_has_medium_v02.simpl,3,642.8571,0.814,3
1653,tests/train_files/train_shallow_many_dominated_has_medium_v03.simpl,3,642.8571,0.814,3
1654,tests/train_files/train_shallow_many_dominated_no_large_v01.simpl,3,1294.1176,0.814,22
1655,tests/train_files/train_shallow_many_dominated_no_large_v02.simpl,3,1312.4999,0.814,21
1656,tests/train_files/train_shallow_many_dominated_no_large_v03.simpl,3,1105.2632,0.814,21
1657,tests/train_files/train_shallow_many_dominated_no_medium_v01.simpl,3,90.9091,0.814,1
1658,tests/train_files/train_shallow_many_dominated_no_medium_v02.simpl,3,0.0000,0.814,0
1659,tests/train_files/train_shallow_many_dominated_no_medium_v03.simpl,3,0.0000,0.813,0
1660,tests/train_files/train_shallow_many_light_has_large_v01.simpl,3,1964.7058,0.813,31
1661,tests/train_files/train_shallow_many_light_has_large_v02.simpl,3,1861.1112,0.813,30
1662,tests/train_files/train_shallow_many_light_has_large_v03.simpl,3,1408.3334,0.813,30
1663,tests/train_files/train_shallow_many_light_has_medium_v01.simpl,3,700.0000,0.813,4
1664,tests/train_files/train_shallow_many_light_has_medium_v02.simpl,3,1111.1111,0.813,3
1665,tests/train_files/train_shallow_many_light_has_medium_v03.simpl,3,653.8461,0.813,3
1666,tests/train_files/train_shallow_many_light_no_large_v01.simpl,3,1647.0587,0.813,28
1667,tests/train_files/train_shallow_many_light_no_large_v02.simpl,3,1350.0000,0.813,27
1668,tests/train_files/train_shallow_many_light_no_large_v03.simpl,3,1350.0000,0.812,27
1669,tests/train_files/train_shallow_many_light_no_medium_v01.simpl,3,83.3333,0.812,1
1670,tests/train_files/train_shallow_many_light_no_medium_v02.simpl,3,0.0000,0.812,0
1671,tests/train_files/train_shallow_many_light_no_medium_v03.simpl,3,0.0000,0.812,0
1672,tests/train_files/train_shallow_many_none_has_large_v01.simpl,3,1480.0000,0.812,33
1673,tests/train_files/train_shallow_many_none_has_large_v02.simpl,3,1922.2223,0.812,32
1674,tests/train_files/train_shallow_many_none_has_large_v03.simpl,3,1676.1906,0.812,32
1675,tests/train_files/train_shallow_many_none_has_medium_v01.simpl,3,750.0000,0.812,4
1676,tests/train_files/train_shallow_many_none_has_medium_v02.simpl,3,1142.8571,0.812,3
1677,tests/train_files/train_shallow_many_none_has_medium_v03.simpl,3,1166.6666,0.811,3
1678,tests/train_files/train_shallow_many_none_no_large_v01.simpl,3,1428.5714,0.811,30
1679,tests/train_files/train_shallow_many_none_no_large_v02.simpl,3,1526.3158,0.811,29
1680,tests/train_files/train_shallow_many_none_no_large_v03.simpl,3,1526.3158,0.811,29
1681,tests/train_files/train_shallow_many_none_no_medium_v01.simpl,3,90.9091,0.811,1
1682,tests/train_files/train_shallow_many_none_no_medium_v02.simpl,3,0.0000,0.811,0
1683,tests/train_files/train_shallow_many_none_no_medium_v03.simpl,3,0.0000,0.811,0
1684,tests/train_files/train_shallow_none_dominated_no_large_v01.simpl,3,2624.9998,0.811,42
1685,tests/train_files/train_shallow_none_dominated_no_large_v02.simpl,3,2800.0000,0.811,42
1686,tests/train_files/train_shallow_none_dominated_no_large_v03.simpl,3,1750.0000,0.810,42
1687,tests/train_files/train_shallow_none_dominated_no_medium_v01.simpl,3,142.8571,0.810,1
1688,tests/train_files/train_shallow_none_dominated_no_medium_v02.simpl,3,166.6667,0.810,1
1689,tests/train_files/train_shallow_none_dominated_no_medium_v03.simpl,3,142.8571,0.810,1
1690,tests/train_files/train_shallow_none_none_no_large_v01.simpl,3,2000.0000,0.810,42
1691,tests/train_files/train_shallow_none_none_no_large_v02.simpl,3,2000.0000,0.810,42
1692,tests/train_files/train_shallow_none_none_no_large_v03.simpl,3,1909.0909,0.810,42
1693,tests/train_files/train_shallow_none_none_no_medium_v01.simpl,3,125.0000,0.810,1
1694,tests/train_files/train_shallow_none_none_no_medium_v02.simpl,3,125.0000,0.810,1
1695,tests/train_files/train_shallow_none_none_no_medium_v03.simpl,3,111.1111,0.809,1
1696,tests/train_files/train_shallow_none_none_no_tiny_v01.simpl,3,0.0000,0.809,0
1697,tests/train_files/train_shallow_none_none_no_tiny_v02.simpl,3,0.0000,0.809,0
1698,tests/train_files/train_shallow_none_none_no_tiny_v03.simpl,3,0.0000,0.809,0
1699,tests/train_files/train_deep_few_dominated_has_large_v01.simpl,3,1676.1906,0.809,32
1700,tests/train_files/train_deep_few_dominated_has_large_v02.simpl,3,1580.9524,0.809,30
1701,tests/train_files/train_deep_few_dominated_has_large_v03.simpl,3,1700.0000,0.809,30
1702,tests/train_files/train_deep_few_dominated_has_medium_v01.simpl,3,812.5000,0.809,6
1703,tests/train_files/train_deep_few_dominated_has_medium_v02.simpl,3,666.6666,0.809,4
1704,tests/train_files/train_deep_few_dominated_has_medium_v03.simpl,3,700.0000,0.808,4
1705,tests/train_files/train_deep_few_dominated_no_large_v01.simpl,3,1421.0527,0.808,27
1706,tests/train_files/train_deep_few_dominated_no_large_v02.simpl,3,1083.3334,0.808,26
1707,tests/train_files/train_deep_few_dominated_no_large_v03.simpl,3,1285.7144,0.808,27
1708,tests/train_files/train_deep_few_dominated_no_medium_v01.simpl,3,66.6667,0.808,1
1709,tests/train_files/train_deep_few_dominated_no_medium_v02.simpl,3,0.0000,0.808,0
1710,tests/train_files/train_deep_few_dominated_no_medium_v03.simpl,3,66.6667,0.808,1
1711,tests/train_files/train_deep_few_light_has_large_v01.simpl,3,1700.0000,0.808,34
1712,tests/train_files/train_deep_few_light_has_large_v02.simpl,3,1597.8260,0.808,32
1713,tests/train_files/train_deep_few_light_has_large_v03.simpl,3,1676.1906,0.807,32
1714,tests/train_files/train_deep_few_light_has_medium_v01.simpl,3,1333.3333,0.807,6
1715,tests/train_files/train_deep_few_light_has_medium_v02.simpl,3,700.0000,0.807,4
1716,tests/train_files/train_deep_few_light_has_medium_v03.simpl,3,687.4999,0.807,4
1717,tests/train_files/train_deep_few_light_no_large_v01.simpl,3,1380.9524,0.807,29
1718,tests/train_files/train_deep_few_light_no_large_v02.simpl,3,1120.0000,0.807,28
1719,tests/train_files/train_deep_few_light_no_large_v03.simpl,3,1260.8695,0.807,29
1720,tests/train_files/train_deep_few_light_no_medium_v01.simpl,3,71.4286,0.807,1
1721,tests/train_files/train_deep_few_light_no_medium_v02.simpl,3,0.0000,0.807,0
1722,tests/train_files/train_deep_few_light_no_medium_v03.simpl,3,66.6667,0.806,1
1723,tests/train_files/train_deep_few_none_has_large_v01.simpl,3,1721.7391,0.806,36
1724,tests/train_files/train_deep_few_none_has_large_v02.simpl,3,1750.0000,0.806,34
1725,tests/train_files/train_deep_few_none_has_large_v03.simpl,3,1666.6666,0.806,34
1726,tests/train_files/train_deep_few_none_has_medium_v01.simpl,3,833.3333,0.806,6
1727,tests/train_files/train_deep_few_none_has_medium_v02.simpl,3,700.0000,0.806,4
1728,tests/train_files/train_deep_few_none_has_medium_v03.simpl,3,657.8947,0.806,4
1729,tests/train_files/train_deep_few_none_no_large_v01.simpl,3,1476.1906,0.806,31
1730,tests/train_files/train_deep_few_none_no_large_v02.simpl,3,1428.5714,0.805,30
1731,tests/train_files/train_deep_few_none_no_large_v03.simpl,3,1240.0000,0.805,31
1732,tests/train_files/train_deep_few_none_no_medium_v01.simpl,3,71.4286,0.805,1
1733,tests/train_files/train_deep_few_none_no_medium_v02.simpl,3,0.0000,0.805,0
1734,tests/train_files/train_deep_few_none_no_medium_v03.simpl,3,71.4286,0.805,1
1735,tests/train_files/train_deep_many_dominated_has_large_v01.simpl,3,1144.7368,0.805,18
1736,tests/train_files/train_deep_many_dominated_has_large_v02.simpl,3,945.6522,0.805,17
1737,tests/train_files/train_deep_many_dominated_has_large_v03.simpl,3,916.6667,0.805,17
1738,tests/train_files/train_deep_many_dominated_has_medium_v01.simpl,3,500.0000,0.805,1
1739,tests/train_files/train_deep_many_dominated_has_medium_v02.simpl,3,333.3333,0.804,1
1740,tests/train_files/train_deep_many_dominated_has_medium_v03.simpl,3,500.0000,0.804,1
1741,tests/train_files/train_deep_many_dominated_no_large_v01.simpl,3,714.2857,0.804,15
1742,tests/train_files/train_deep_many_dominated_no_large_v02.simpl,3,583.3333,0.804,14
1743,tests/train_files/train_deep_many_dominated_no_large_v03.simpl,3,666.6667,0.804,14
1744,tests/train_files/train_deep_many_dominated_no_medium_v01.simpl,3,62.5000,0.804,1
1745,tests/train_files/train_deep_many_dominated_no_medium_v02.simpl,3,0.0000,0.804,0
1746,tests/train_files/train_deep_many_dominated_no_medium_v03.simpl,3,0.0000,0.804,0
1747,tests/train_files/train_deep_many_light_has_large_v01.simpl,3,1170.0000,0.804,24
1748,tests/train_files/train_deep_many_light_has_large_v02.simpl,3,1096.1538,0.803,23
1749,tests/train_files/train_deep_many_light_has_large_v03.simpl,3,1080.0000,0.803,23
1750,tests/train_files/train_deep_many_light_has_medium_v01.simpl,3,500.0000,0.803,1
1751,tests/train_files/train_deep_many_light_has_medium_v02.simpl,3,333.3333,0.803,1
1752,tests/train_files/train_deep_many_light_has_medium_v03.simpl,3,500.0000,0.803,1
1753,tests/train_files/train_deep_many_light_no_large_v01.simpl,3,875.0000,0.803,21
1754,tests/train_files/train_deep_many_light_no_large_v02.simpl,3,909.0909,0.803,20
1755,tests/train_files/train_deep_many_light_no_large_v03.simpl,3,833.3333,0.803,20
1756,tests/train_files/train_deep_many_light_no_medium_v01.simpl,3,50.0000,0.803,1
1757,tests/train_files/train_deep_many_light_no_medium_v02.simpl,3,0.0000,0.802,0
1758,tests/train_files/train_deep_many_light_no_medium_v03.simpl,3,0.0000,0.802,0
1759,tests/train_files/train_deep_many_none_has_large_v01.simpl,3,1250.0000,0.802,26
1760,tests/train_files/train_deep_many_none_has_large_v02.simpl,3,1293.4783,0.802,25
1761,tests/train_files/train_deep_many_none_has_large_v03.simpl,3,1138.8888,0.802,25
1762,tests/train_files/train_deep_many_none_has_medium_v01.simpl,3,500.0000,0.802,1
1763,tests/train_files/train_deep_many_none_has_medium_v02.simpl,3,500.0000,0.802,1
1764,tests/train_files/train_deep_many_none_has_medium_v03.simpl,3,500.0000,0.802,1
1765,tests/train_files/train_deep_many_none_no_large_v01.simpl,3,1045.4546,0.802,23
1766,tests/train_files/train_deep_many_none_no_large_v02.simpl,3,956.5217,0.801,22
1767,tests/train_files/train_deep_many_none_no_large_v03.simpl,3,1000.0000,0.801,22
1768,tests/train_files/train_deep_many_none_no_medium_v01.simpl,3,55.5556,0.801,1
1769,tests/train_files/train_deep_many_none_no_medium_v02.simpl,3,0.0000,0.801,0
1770,tests/train_files/train_deep_many_none_no_medium_v03.simpl,3,0.0000,0.801,0
1771,tests/train_files/train_deep_none_dominated_no_large_v01.simpl,3,1750.0000,0.801,35
1772,tests/train_files/train_deep_none_dominated_no_large_v02.simpl,3,1842.1053,0.801,35
1773,tests/train_files/train_deep_none_dominated_no_large_v03.simpl,3,1590.9091,0.801,35
1774,tests/train_files/train_deep_none_dominated_no_medium_v01.simpl,3,90.9091,0.801,1
1775,tests/train_files/train_deep_none_dominated_no_medium_v02.simpl,3,90.9091,0.800,1
1776,tests/train_files/train_deep_none_dominated_no_medium_v03.simpl,3,90.9091,0.800,1
1777,tests/train_files/train_deep_none_none_no_large_v01.simpl,3,1750.0000,0.800,35
1778,tests/train_files/train_deep_none_none_no_large_v02.simpl,3,1666.6667,0.800,35
1779,tests/train_files/train_deep_none_none_no_large_v03.simpl,3,1521.7391,0.800,35
1780,tests/train_files/train_deep_none_none_no_medium_v01.simpl,3,0.0000,0.800,0
1781,tests/train_files/train_deep_none_none_no_medium_v02.simpl,3,0.0000,0.800,0
1782,tests/train_files/train_deep_none_none_no_medium_v03.simpl,3,0.0000,0.800,0
1783,tests/train_files/train_none_few_dominated_has_large_v01.simpl,3,3336.1343,0.800,51
1784,tests/train_files/train_none_few_dominated_has_large_v02.simpl,3,3704.7620,0.799,51
1785,tests/train_files/train_none_few_dominated_has_large_v03.simpl,3,3336.1343,0.799,51
1786,tests/train_files/train_none_few_dominated_has_medium_v01.simpl,3,6333.3330,0.799,11
1787,tests/train_files/train_none_few_dominated_has_medium_v02.simpl,3,3749.9998,0.799,11
1788,tests/train_files/train_none_few_dominated_has_medium_v03.simpl,3,6333.3330,0.799,11
1789,tests/train_files/train_none_few_dominated_no_large_v01.simpl,3,4186.8130,0.799,51
1790,tests/train_files/train_none_few_dominated_no_large_v02.simpl,3,4365.3843,0.799,53
1791,tests/train_files/train_none_few_dominated_no_large_v03.simpl,3,3508.9282,0.799,51
1792,tests/train_files/train_none_few_dominated_no_medium_v01.simpl,3,3749.9998,0.799,11
1793,tests/train_files/train_none_few_dominated_no_medium_v02.simpl,3,4400.0000,0.798,13
1794,tests/train_files/train_none_few_dominated_no_medium_v03.simpl,3,4333.3330,0.798,11
1795,tests/train_files/train_none_few_light_has_large_v01.simpl,3,3944.4443,0.798,53
1796,tests/train_files/train_none_few_light_has_large_v02.simpl,3,3562.4998,0.798,53
1797,tests/train_files/train_none_few_light_has_large_v03.simpl,3,3150.3760,0.798,53
1798,tests/train_files/train_none_few_light_has_medium_v01.simpl,3,3999.9998,0.798,12
1799,tests/train_files/train_none_few_light_has_medium_v02.simpl,3,5999.9995,0.798,12
1800,tests/train_files/train_none_few_light_has_medium_v03.simpl,3,4666.6665,0.798,12
1801,tests/train_files/train_none_few_light_has_tiny_v01.simpl,3,3749.9998,0.798,11
1802,tests/train_files/train_none_few_light_has_tiny_v02.simpl,3,6333.3330,0.797,11
1803,tests/train_files/train_none_few_light_has_tiny_v03.simpl,3,5749.9995,0.797,11
1804,tests/train_files/train_none_few_light_no_large_v01.simpl,3,4166.6665,0.797,53
1805,tests/train_files/train_none_few_light_no_large_v02.simpl,3,3472.2224,0.797,55
1806,tests/train_files/train_none_few_light_no_large_v03.simpl,3,3549.0195,0.797,53
1807,tests/train_files/train_none_few_light_no_medium_v01.simpl,3,4666.6665,0.797,12
1808,tests/train_files/train_none_few_light_no_medium_v02.simpl,3,4999.9995,0.797,14
1809,tests/train_files/train_none_few_light_no_medium_v03.simpl,3,3333.3333,0.797,12
1810,tests/train_files/train_none_few_light_no_tiny_v01.simpl,3,6333.3330,0.796,11
1811,tests/train_files/train_none_few_light_no_tiny_v02.simpl,3,8333.3330,0.796,13
1812,tests/train_files/train_none_few_light_no_tiny_v03.simpl,3,3083.3333,0.796,11
1813,tests/train_files/train_none_few_none_has_large_v01.simpl,3,3499.9998,0.796,55
1814,tests/train_files/train_none_few_none_has_large_v02.simpl,3,4423.0767,0.796,55
1815,tests/train_files/train_none_few_none_has_large_v03.simpl,3,4214.2856,0.796,55
1816,tests/train_files/train_none_few_none_has_medium_v01.simpl,3,3111.1111,0.796,14
1817,tests/train_files/train_none_few_none_has_medium_v02.simpl,3,6500.0000,0.796,14
1818,tests/train_files/train_none_few_none_has_medium_v03.simpl,3,3428.5713,0.796,14
1819,tests/train_files/train_none_few_none_has_tiny_v01.simpl,3,3083.3333,0.795,11
1820,tests/train_files/train_none_few_none_has_tiny_v02.simpl,3,6333.3330,0.795,11
1821,tests/train_files/train_none_few_none_has_tiny_v03.simpl,3,6333.3330,0.795,11
1822,tests/train_files/train_none_few_none_no_large_v01.simpl,3,4494.5054,0.795,55
1823,tests/train_files/train_none_few_none_no_large_v02.simpl,3,3690.4763,0.795,57
1824,tests/train_files/train_none_few_none_no_large_v03.simpl,3,4042.8569,0.795,55
1825,tests/train_files/train_none_few_none_no_medium_v01.simpl,3,4666.6665,0.795,14
1826,tests/train_files/train_none_few_none_no_medium_v02.simpl,3,9333.3330,0.795,16
1827,tests/train_files/train_none_few_none_no_medium_v03.simpl,3,6500.0000,0.795,14
1828,tests/train_files/train_none_few_none_no_tiny_v01.simpl,3,6333.3330,0.794,11
1829,tests/train_files/train_none_few_none_no_tiny_v02.simpl,3,5333.3330,0.794,13
1830,tests/train_files/train_none_few_none_no_tiny_v03.simpl,3,6333.3330,0.794,11
1831,tests/train_files/train_none_many_dominated_has_large_v01.simpl,3,4742.4243,0.794,48
1832,tests/train_files/train_none_many_dominated_has_large_v02.simpl,3,4200.0000,0.794,51
1833,tests/train_files/train_none_many_dominated_has_large_v03.simpl,3,4440.4761,0.794,49
1834,tests/train_files/train_none_many_dominated_has_medium_v01.simpl,3,5500.0000,0.794,20
1835,tests/train_files/train_none_many_dominated_has_medium_v02.simpl,3,7000.0000,0.794,23
1836,tests/train_files/train_none_many_dominated_has_medium_v03.simpl,3,5750.0000,0.794,21
1837,tests/train_files/train_none_many_dominated_no_large_v01.simpl,3,4250.0000,0.793,47
1838,tests/train_files/train_none_many_dominated_no_large_v02.simpl,3,4750.0000,0.793,50
1839,tests/train_files/train_none_many_dominated_no_large_v03.simpl,3,4583.3330,0.793,48
1840,tests/train_files/train_none_many_dominated_no_medium_v01.simpl,3,7000.0000,0.793,19
1841,tests/train_files/train_none_many_dominated_no_medium_v02.simpl,3,6500.0000,0.793,22
1842,tests/train_files/train_none_many_dominated_no_medium_v03.simpl,3,8000.0000,0.793,20
1843,tests/train_files/train_none_many_light_has_large_v01.simpl,3,3293.2332,0.793,54
1844,tests/train_files/train_none_many_light_has_large_v02.simpl,3,4642.8569,0.793,57
1845,tests/train_files/train_none_many_light_has_large_v03.simpl,3,4062.4998,0.793,55
1846,tests/train_files/train_none_many_light_has_medium_v01.simpl,3,5500.0000,0.792,20
1847,tests/train_files/train_none_many_light_has_medium_v02.simpl,3,6416.6665,0.792,23
1848,tests/train_files/train_none_many_light_has_medium_v03.simpl,3,9000.0000,0.792,21
1849,tests/train_files/train_none_many_light_no_large_v01.simpl,3,4000.0000,0.792,53
1850,tests/train_files/train_none_many_light_no_large_v02.simpl,3,4500.0000,0.792,56
1851,tests/train_files/train_none_many_light_no_large_v03.simpl,3,3895.8330,0.792,54
1852,tests/train_files/train_none_many_light_no_medium_v01.simpl,3,7749.9995,0.792,19
1853,tests/train_files/train_none_many_light_no_medium_v02.simpl,3,7249.9995,0.792,22
1854,tests/train_files/train_none_many_light_no_medium_v03.simpl,3,8000.0000,0.792,20
1855,tests/train_files/train_none_many_none_has_large_v01.simpl,3,4267.8569,0.791,56
1856,tests/train_files/train_none_many_none_has_large_v02.simpl,3,4142.8569,0.791,59
1857,tests/train_files/train_none_many_none_has_large_v03.simpl,3,4044.6426,0.791,57
1858,tests/train_files/train_none_many_none_has_medium_v01.simpl,3,7142.8574,0.791,20
1859,tests/train_files/train_none_many_none_has_medium_v02.simpl,3,7000.0000,0.791,23
1860,tests/train_files/train_none_many_none_has_medium_v03.simpl,3,6000.0000,0.791,21
1861,tests/train_files/train_none_many_none_no_large_v01.simpl,3,3900.0000,0.791,55
1862,tests/train_files/train_none_many_none_no_large_v02.simpl,3,4642.8569,0.791,58
1863,tests/train_files/train_none_many_none_no_large_v03.simpl,3,4756.4102,0.791,56
1864,tests/train_files/train_none_many_none_no_medium_v01.simpl,3,5749.9995,0.790,19
1865,tests/train_files/train_none_many_none_no_medium_v02.simpl,3,8500.0000,0.790,22
1866,tests/train_files/train_none_many_none_no_medium_v03.simpl,3,5500.0000,0.790,20
1867,tests/train_files/train_none_none_dominated_no_large_v01.simpl,3,3769.2307,0.790,49
1868,tests/train_files/train_none_none_dominated_no_large_v02.simpl,3,3769.2307,0.790,49
1869,tests/train_files/train_none_none_dominated_no_large_v03.simpl,3,3769.2307,0.790,49
1870,tests/train_files/train_none_none_dominated_no_medium_v01.simpl,3,2666.6667,0.790,8
1871,tests/train_files/train_none_none_dominated_no_medium_v02.simpl,3,2666.6667,0.790,8
1872,tests/train_files/train_none_none_dominated_no_medium_v03.simpl,3,1999.9999,0.790,8
1873,tests/train_files/train_none_none_dominated_no_tiny_v01.simpl,3,500.0000,0.789,1
1874,tests/train_files/train_none_none_dominated_no_tiny_v02.simpl,3,999.9999,0.789,1
1875,tests/train_files/train_none_none_dominated_no_tiny_v03.simpl,3,500.0000,0.789,1
1876,tests/train_files/train_none_none_none_no_large_v01.simpl,3,3187.4998,0.789,50
1877,tests/train_files/train_none_none_none_no_large_v02.simpl,3,3642.8572,0.789,50
1878,tests/train_files/train_none_none_none_no_large_v03.simpl,3,3912.0879,0.789,50
1879,tests/train_files/train_none_none_none_no_medium_v01.simpl,3,3666.6667,0.789,9
1880,tests/train_files/train_none_none_none_no_medium_v02.simpl,3,2999.9998,0.789,9
1881,tests/train_files/train_none_none_none_no_medium_v03.simpl,3,2999.9998,0.789,9
1882,tests/train_files/train_none_none_none_no_tiny_v01.simpl,3,999.9999,0.788,1
1883,tests/train_files/train_none_none_none_no_tiny_v02.simpl,3,999.9999,0.788,1
1884,tests/train_files/train_none_none_none_no_tiny_v03.simpl,3,999.9999,0.788,1
1885,tests/train_files/train_shallow_few_dominated_has_large_v01.simpl,3,2277.7778,0.788,39
1886,tests/train_files/train_shallow_few_dominated_has_large_v02.simpl,3,2450.0000,0.788,37
1887,tests/train_files/train_shallow_few_dominated_has_large_v03.simpl,3,1914.2858,0.788,37
1888,tests/train_files/train_shallow_few_dominated_has_medium_v01.simpl,3,1000.0000,0.788,6
1889,tests/train_files/train_shallow_few_dominated_has_medium_v02.simpl,3,1272.7272,0.788,4
1890,tests/train_files/train_shallow_few_dominated_has_medium_v03.simpl,3,633.3334,0.787,4
1891,tests/train_files/train_shallow_few_dominated_no_large_v01.simpl,3,1789.4738,0.787,34
1892,tests/train_files/train_shallow_few_dominated_no_large_v02.simpl,3,1941.1764,0.787,33
1893,tests/train_files/train_shallow_few_dominated_no_large_v03.simpl,3,1888.8889,0.787,34
1894,tests/train_files/train_shallow_few_dominated_no_medium_v01.simpl,3,71.4286,0.787,1
1895,tests/train_files/train_shallow_few_dominated_no_medium_v02.simpl,3,0.0000,0.787,0
1896,tests/train_files/train_shallow_few_dominated_no_medium_v03.simpl,3,90.9091,0.787,1
1897,tests/train_files/train_shallow_few_light_has_large_v01.simpl,3,2388.8892,0.787,41
1898,tests/train_files/train_shallow_few_light_has_large_v02.simpl,3,2066.6667,0.787,39
1899,tests/train_files/train_shallow_few_light_has_large_v03.simpl,2,1652.1740,0.786,38
1900,tests/train_files/train_shallow_few_light_has_medium_v01.simpl,2,500.0000,0.786,5
1901,tests/train_files/train_shallow_few_light_has_medium_v02.simpl,2,214.2857,0.786,3
1902,tests/train_files/train_shallow_few_light_has_medium_v03.simpl,2,214.2857,0.786,3
1903,tests/train_files/train_shallow_few_light_no_large_v01.simpl,2,2250.0000,0.786,37
1904,tests/train_files/train_shallow_few_light_no_large_v02.simpl,2,1750.0000,0.786,35
1905,tests/train_files/train_shallow_few_light_no_large_v03.simpl,2,2144.7368,0.786,37
1906,tests/train_files/train_shallow_few_light_no_medium_v01.simpl,2,611.1111,0.786,2
1907,tests/train_files/train_shallow_few_light_no_medium_v02.simpl,2,0.0000,0.786,0
1908,tests/train_files/train_shallow_few_light_no_medium_v03.simpl,2,600.0000,0.785,2
1909,tests/train_files/train_shallow_few_none_has_large_v01.simpl,2,2100.0000,0.785,42
1910,tests/train_files/train_shallow_few_none_has_large_v02.simpl,2,1904.7620,0.785,40
1911,tests/train_files/train_shallow_few_none_has_large_v03.simpl,2,2105.2632,0.785,40
1912,tests/train_files/train_shallow_few_none_has_medium_v01.simpl,2,500.0000,0.785,5
1913,tests/train_files/train_shallow_few_none_has_medium_v02.simpl,2,300.0000,0.785,3
1914,tests/train_files/train_shallow_few_none_has_medium_v03.simpl,2,300.0000,0.785,3
1915,tests/train_files/train_shallow_few_none_no_large_v01.simpl,2,2059.5237,0.785,39
1916,tests/train_files/train_shallow_few_none_no_large_v02.simpl,2,1681.8182,0.785,37
1917,tests/train_files/train_shallow_few_none_no_large_v03.simpl,2,2361.1111,0.784,39
1918,tests/train_files/train_shallow_few_none_no_medium_v01.simpl,2,611.1111,0.784,2
1919,tests/train_files/train_shallow_few_none_no_medium_v02.simpl,2,0.0000,0.784,0
1920,tests/train_files/train_shallow_few_none_no_medium_v03.simpl,2,583.3333,0.784,2
1921,tests/train_files/train_shallow_many_dominated_has_large_v01.simpl,2,2578.4312,0.784,31
1922,tests/train_files/train_shallow_many_dominated_has_large_v02.simpl,2,1864.2856,0.784,28
1923,tests/train_files/train_shallow_many_dominated_has_large_v03.simpl,2,2477.7778,0.784,29
1924,tests/train_files/train_shallow_many_dominated_has_medium_v01.simpl,2,1650.0000,0.784,10
1925,tests/train_files/train_shallow_many_dominated_has_medium_v02.simpl,2,1392.8572,0.784,7
1926,tests/train_files/train_shallow_many_dominated_has_medium_v03.simpl,2,1617.6470,0.783,8
1927,tests/train_files/train_shallow_many_dominated_no_large_v01.simpl,2,2794.1177,0.783,31
1928,tests/train_files/train_shallow_many_dominated_no_large_v02.simpl,2,2333.3335,0.783,28
1929,tests/train_files/train_shallow_many_dominated_no_large_v03.simpl,2,2705.2632,0.783,29
1930,tests/train_files/train_shallow_many_dominated_no_medium_v01.simpl,2,2333.3333,0.783,10
1931,tests/train_files/train_shallow_many_dominated_no_medium_v02.simpl,2,1400.0000,0.783,7
1932,tests/train_files/train_shallow_many_dominated_no_medium_v03.simpl,2,1999.9999,0.783,8
1933,tests/train_files/train_shallow_many_light_has_large_v01.simpl,2,3164.7058,0.783,37
1934,tests/train_files/train_shallow_many_light_has_large_v02.simpl,2,2611.1113,0.783,34
1935,tests/train_files/train_shallow_many_light_has_large_v03.simpl,2,2518.1819,0.782,35
1936,tests/train_files/train_shallow_many_light_has_medium_v01.simpl,2,2583.3333,0.782,10
1937,tests/train_files/train_shallow_many_light_has_medium_v02.simpl,2,1833.3333,0.782,7
1938,tests/train_files/train_shallow_many_light_has_medium_v03.simpl,2,2166.6667,0.782,8
1939,tests/train_files/train_shallow_many_light_no_large_v01.simpl,2,3133.3335,0.782,37
1940,tests/train_files/train_shallow_many_light_no_large_v02.simpl,2,2900.0000,0.782,34
1941,tests/train_files/train_shallow_many_light_no_large_v03.simpl,2,2754.3862,0.782,35
1942,tests/train_files/train_shallow_many_light_no_medium_v01.simpl,2,2326.9231,0.782,10
1943,tests/train_files/train_shallow_many_light_no_medium_v02.simpl,2,2333.3333,0.782,7
1944,tests/train_files/train_shallow_many_light_no_medium_v03.simpl,2,2666.6667,0.781,8
1945,tests/train_files/train_shallow_many_none_has_large_v01.simpl,2,3632.3525,0.781,39
1946,tests/train_files/train_shallow_many_none_has_large_v02.simpl,2,2476.1904,0.781,36
1947,tests/train_files/train_shallow_many_none_has_large_v03.simpl,2,2491.6665,0.781,37
1948,tests/train_files/train_shallow_many_none_has_medium_v01.simpl,2,1980.7690,0.781,10
1949,tests/train_files/train_shallow_many_none_has_medium_v02.simpl,2,1800.0000,0.781,7
1950,tests/train_files/train_shallow_many_none_has_medium_v03.simpl,2,2153.8462,0.781,8
1951,tests/train_files/train_shallow_many_none_no_large_v01.simpl,2,3466.6667,0.781,39
1952,tests/train_files/train_shallow_many_none_no_large_v02.simpl,2,2780.9524,0.781,36
1953,tests/train_files/train_shallow_many_none_no_large_v03.simpl,2,3126.3159,0.780,37
1954,tests/train_files/train_shallow_many_none_no_medium_v01.simpl,2,3090.9092,0.780,10
1955,tests/train_files/train_shallow_many_none_no_medium_v02.simpl,2,2333.3333,0.780,7
1956,tests/train_files/train_shallow_many_none_no_medium_v03.simpl,2,1999.9999,0.780,8
1957,tests/train_files/train_shallow_none_dominated_no_large_v01.simpl,2,2100.0000,0.780,42
1958,tests/train_files/train_shallow_none_dominated_no_large_v02.simpl,2,2210.5264,0.780,42
1959,tests/train_files/train_shallow_none_dominated_no_large_v03.simpl,2,2333.3335,0.780,42
1960,tests/train_files/train_shallow_none_dominated_no_medium_v01.simpl,2,125.0000,0.780,1
1961,tests/train_files/train_shallow_none_dominated_no_medium_v02.simpl,2,100.0000,0.780,1
1962,tests/train_files/train_shallow_none_dominated_no_medium_v03.simpl,2,142.8571,0.779,1
1963,tests/train_files/train_shallow_none_none_no_large_v01.simpl,2,2100.0000,0.779,42
1964,tests/train_files/train_shallow_none_none_no_large_v02.simpl,2,2333.3335,0.779,42
1965,tests/train_files/train_shallow_none_none_no_large_v03.simpl,2,2100.0000,0.779,42
1966,tests/train_files/train_shallow_none_none_no_medium_v01.simpl,2,125.0000,0.779,1
1967,tests/train_files/train_shallow_none_none_no_medium_v02.simpl,2,125.0000,0.779,1
1968,tests/train_files/train_shallow_none_none_no_medium_v03.simpl,2,142.8571,0.779,1
1969,tests/train_files/train_shallow_none_none_no_tiny_v01.simpl,2,0.0000,0.779,0
1970,tests/train_files/train_shallow_none_none_no_tiny_v02.simpl,2,0.0000,0.778,0
1971,tests/train_files/train_shallow_none_none_no_tiny_v03.simpl,2,0.0000,0.778,0
1972,tests/train_files/train_deep_few_dominated_has_large_v01.simpl,2,1409.0909,0.778,31
1973,tests/train_files/train_deep_few_dominated_has_large_v02.simpl,2,1318.1819,0.778,29
1974,tests/train_files/train_deep_few_dominated_has_large_v03.simpl,2,1318.1819,0.778,29
1975,tests/train_files/train_deep_few_dominated_has_medium_v01.simpl,2,277.7778,0.778,5
1976,tests/train_files/train_deep_few_dominated_has_medium_v02.simpl,2,200.0000,0.778,3
1977,tests/train_files/train_deep_few_dominated_has_medium_v03.simpl,2,187.5000,0.778,3
1978,tests/train_files/train_deep_few_dominated_no_large_v01.simpl,2,1423.9131,0.778,28
1979,tests/train_files/train_deep_few_dominated_no_large_v02.simpl,2,1130.4348,0.777,26
1980,tests/train_files/train_deep_few_dominated_no_large_v03.simpl,2,1477.2727,0.777,28
1981,tests/train_files/train_deep_few_dominated_no_medium_v01.simpl,2,400.0000,0.777,2
1982,tests/train_files/train_deep_few_dominated_no_medium_v02.simpl,2,0.0000,0.777,0
1983,tests/train_files/train_deep_few_dominated_no_medium_v03.simpl,2,562.4999,0.777,2
1984,tests/train_files/train_deep_few_light_has_large_v01.simpl,2,1500.0000,0.777,33
1985,tests/train_files/train_deep_few_light_has_large_v02.simpl,2,1476.1906,0.777,31
1986,tests/train_files/train_deep_few_light_has_large_v03.simpl,2,1347.8260,0.777,31
1987,tests/train_files/train_deep_few_light_has_medium_v01.simpl,2,333.3333,0.777,5
1988,tests/train_files/train_deep_few_light_has_medium_v02.simpl,2,187.5000,0.776,3
1989,tests/train_files/train_deep_few_light_has_medium_v03.simpl,2,200.0000,0.776,3
1990,tests/train_files/train_deep_few_light_no_large_v01.simpl,2,1700.0000,0.776,30
1991,tests/train_files/train_deep_few_light_no_large_v02.simpl,2,1272.7273,0.776,28
1992,tests/train_files/train_deep_few_light_no_large_v03.simpl,2,1410.0000,0.776,30
1993,tests/train_files/train_deep_few_light_no_medium_v01.simpl,2,562.4999,0.776,2
1994,tests/train_files/train_deep_few_light_no_medium_v02.simpl,2,0.0000,0.776,0
1995,tests/train_files/train_deep_few_light_no_medium_v03.simpl,2,558.8235,0.776,2
1996,tests/train_files/train_deep_few_none_has_large_v01.simpl,2,1666.6667,0.776,35
1997,tests/train_files/train_deep_few_none_has_large_v02.simpl,2,1500.0000,0.775,33
1998,tests/train_files/train_deep_few_none_has_large_v03.simpl,2,1500.0000,0.775,33
1999,tests/train_files/train_deep_few_none_has_medium_v01.simpl,2,357.1429,0.775,5
2000,tests/train_files/train_deep_few_none_has_medium_v02.simpl,2,157.8947,0.775,3
2001,tests/train_files/train_deep_few_none_has_medium_v03.simpl,2,214.2857,0.775,3
2002,tests/train_files/train_deep_few_none_no_large_v01.simpl,2,1659.0909,0.775,32
2003,tests/train_files/train_deep_few_none_no_large_v02.simpl,2,1200.0000,0.775,30
2004,tests/train_files/train_deep_few_none_no_large_v03.simpl,2,1800.0000,0.775,32
2005,tests/train_files/train_deep_few_none_no_medium_v01.simpl,2,566.6666,0.775,2
2006,tests/train_files/train_deep_few_none_no_medium_v02.simpl,2,0.0000,0.774,0
2007,tests/train_files/train_deep_few_none_no_medium_v03.simpl,2,552.6315,0.774,2
2008,tests/train_files/train_deep_many_dominated_has_large_v01.simpl,2,2250.0000,0.774,24
2009,tests/train_files/train_deep_many_dominated_has_large_v02.simpl,2,1666.6667,0.774,21
2010,tests/train_files/train_deep_many_dominated_has_large_v03.simpl,2,1695.6521,0.774,22
2011,tests/train_files/train_deep_many_dominated_has_medium_v01.simpl,2,1166.6666,0.774,7
2012,tests/train_files/train_deep_many_dominated_has_medium_v02.simpl,2,1000.0000,0.774,5
2013,tests/train_files/train_deep_many_dominated_has_medium_v03.simpl,2,1200.0000,0.774,6
2014,tests/train_files/train_deep_many_dominated_no_large_v01.simpl,2,2250.0000,0.774,24
2015,tests/train_files/train_deep_many_dominated_no_large_v02.simpl,2,1833.3333,0.773,21
2016,tests/train_files/train_deep_many_dominated_no_large_v03.simpl,2,2266.6667,0.773,22
2017,tests/train_files/train_deep_many_dominated_no_medium_v01.simpl,2,1850.0000,0.773,10
2018,tests/train_files/train_deep_many_dominated_no_medium_v02.simpl,2,1400.0000,0.773,7
2019,tests/train_files/train_deep_many_dominated_no_medium_v03.simpl,2,1600.0000,0.773,8
2020,tests/train_files/train_deep_many_light_has_large_v01.simpl,2,2320.0000,0.773,30
2021,tests/train_files/train_deep_many_light_has_large_v02.simpl,2,1956.5217,0.773,27
2022,tests/train_files/train_deep_many_light_has_large_v03.simpl,2,2156.5217,0.773,28
2023,tests/train_files/train_deep_many_light_has_medium_v01.simpl,2,1400.0000,0.773,7
2024,tests/train_files/train_deep_many_light_has_medium_v02.simpl,2,1000.0000,0.772,5
2025,tests/train_files/train_deep_many_light_has_medium_v03.simpl,2,1200.0000,0.772,6
2026,tests/train_files/train_deep_many_light_no_large_v01.simpl,2,2754.5454,0.772,30
2027,tests/train_files/train_deep_many_light_no_large_v02.simpl,2,1907.4073,0.772,27
2028,tests/train_files/train_deep_many_light_no_large_v03.simpl,2,2202.8984,0.772,28
2029,tests/train_files/train_deep_many_light_no_medium_v01.simpl,2,2312.5000,0.772,10
2030,tests/train_files/train_deep_many_light_no_medium_v02.simpl,2,1749.9999,0.772,7
2031,tests/train_files/train_deep_many_light_no_medium_v03.simpl,2,1999.9999,0.772,8
2032,tests/train_files/train_deep_many_none_has_large_v01.simpl,2,2536.3638,0.772,32
2033,tests/train_files/train_deep_many_none_has_large_v02.simpl,2,2090.9092,0.771,29
2034,tests/train_files/train_deep_many_none_has_large_v03.simpl,2,1923.0769,0.771,30
2035,tests/train_files/train_deep_many_none_has_medium_v01.simpl,2,1749.9999,0.771,7
2036,tests/train_files/train_deep_many_none_has_medium_v02.simpl,2,1250.0000,0.771,5
2037,tests/train_files/train_deep_many_none_has_medium_v03.simpl,2,1200.0000,0.771,6
2038,tests/train_files/train_deep_many_none_no_large_v01.simpl,2,2895.2383,0.771,32
2039,tests/train_files/train_deep_many_none_no_large_v02.simpl,2,2316.6667,0.771,29
2040,tests/train_files/train_deep_many_none_no_large_v03.simpl,2,2213.3335,0.771,30
2041,tests/train_files/train_deep_many_none_no_medium_v01.simpl,2,3058.8235,0.771,10
2042,tests/train_files/train_deep_many_none_no_medium_v02.simpl,2,1749.9999,0.770,7
2043,tests/train_files/train_deep_many_none_no_medium_v03.simpl,2,1999.9999,0.770,8
2044,tests/train_files/train_deep_none_dominated_no_large_v01.simpl,2,1666.6667,0.770,35
2045,tests/train_files/train_deep_none_dominated_no_large_v02.simpl,2,1590.9091,0.770,35
2046,tests/train_files/train_deep_none_dominated_no_large_v03.simpl,2,1590.9091,0.770,35
2047,tests/train_files/train_deep_none_dominated_no_medium_v01.simpl,2,90.9091,0.770,1
2048,tests/train_files/train_deep_none_dominated_no_medium_v02.simpl,2,83.3333,0.770,1
2049,tests/train_files/train_deep_none_dominated_no_medium_v03.simpl,2,100.0000,0.770,1
2050,tests/train_files/train_deep_none_none_no_large_v01.simpl,2,1666.6667,0.769,35
2051,tests/train_files/train_deep_none_none_no_large_v02.simpl,2,1666.6667,0.769,35
2052,tests/train_files/train_deep_none_none_no_large_v03.simpl,2,1590.9091,0.769,35
2053,tests/train_files/train_deep_none_none_no_medium_v01.simpl,2,0.0000,0.769,0
2054,tests/train_files/train_deep_none_none_no_medium_v02.simpl,2,0.0000,0.769,0
2055,tests/train_files/train_deep_none_none_no_medium_v03.simpl,2,0.0000,0.769,0
2056,tests/train_files/train_none_few_dominated_has_large_v01.simpl,2,3357.1428,0.769,47
2057,tests/train_files/train_none_few_dominated_has_large_v02.simpl,2,3615.3845,0.769,47
2058,tests/train_files/train_none_few_dominated_has_large_v03.simpl,2,3615.3845,0.769,47
2059,tests/train_files/train_none_few_dominated_has_medium_v01.simpl,2,1749.9999,0.768,7
2060,tests/train_files/train_none_few_dominated_has_medium_v02.simpl,2,1749.9999,0.768,7
2061,tests/train_files/train_none_few_dominated_has_medium_v03.simpl,2,1749.9999,0.768,7
2062,tests/train_files/train_none_few_dominated_no_large_v01.simpl,2,3615.3845,0.768,47
2063,tests/train_files/train_none_few_dominated_no_large_v02.simpl,2,3133.3335,0.768,47
2064,tests/train_files/train_none_few_dominated_no_large_v03.simpl,2,3615.3845,0.768,47
2065,tests/train_files/train_none_few_dominated_no_medium_v01.simpl,2,1749.9999,0.768,7
2066,tests/train_files/train_none_few_dominated_no_medium_v02.simpl,2,2333.3333,0.768,7
2067,tests/train_files/train_none_few_dominated_no_medium_v03.simpl,2,2333.3333,0.768,7
2068,tests/train_files/train_none_few_light_has_large_v01.simpl,2,2882.3528,0.767,49
2069,tests/train_files/train_none_few_light_has_large_v02.simpl,2,3062.4998,0.767,49
2070,tests/train_files/train_none_few_light_has_large_v03.simpl,2,3769.2307,0.767,49
2071,tests/train_files/train_none_few_light_has_medium_v01.simpl,2,1999.9999,0.767,8
2072,tests/train_files/train_none_few_light_has_medium_v02.simpl,2,1999.9999,0.767,8
2073,tests/train_files/train_none_few_light_has_medium_v03.simpl,2,1999.9999,0.767,8
2074,tests/train_files/train_none_few_light_has_tiny_v01.simpl,2,2333.3333,0.767,7
2075,tests/train_files/train_none_few_light_has_tiny_v02.simpl,2,2333.3333,0.767,7
2076,tests/train_files/train_none_few_light_has_tiny_v03.simpl,2,2333.3333,0.767,7
2077,tests/train_files/train_none_few_light_no_large_v01.simpl,2,3062.4998,0.766,49
2078,tests/train_files/train_none_few_light_no_large_v02.simpl,2,3769.2307,0.766,49
2079,tests/train_files/train_none_few_light_no_large_v03.simpl,2,3266.6667,0.766,49
2080,tests/train_files/train_none_few_light_no_medium_v01.simpl,2,1999.9999,0.766,8
2081,tests/train_files/train_none_few_light_no_medium_v02.simpl,2,1999.9999,0.766,8
2082,tests/train_files/train_none_few_light_no_medium_v03.simpl,2,1999.9999,0.766,8
2083,tests/train_files/train_none_few_light_no_tiny_v01.simpl,2,999.9999,0.766,7
2084,tests/train_files/train_none_few_light_no_tiny_v02.simpl,2,2333.3333,0.766,7
2085,tests/train_files/train_none_few_light_no_tiny_v03.simpl,2,3499.9998,0.766,7
2086,tests/train_files/train_none_few_none_has_large_v01.simpl,2,2999.9998,0.765,51
2087,tests/train_files/train_none_few_none_has_large_v02.simpl,2,2999.9998,0.765,51
2088,tests/train_files/train_none_few_none_has_large_v03.simpl,2,3187.4998,0.765,51
2089,tests/train_files/train_none_few_none_has_medium_v01.simpl,2,3333.3333,0.765,10
2090,tests/train_files/train_none_few_none_has_medium_v02.simpl,2,1428.5714,0.765,10
2091,tests/train_files/train_none_few_none_has_medium_v03.simpl,2,2500.0000,0.765,10
2092,tests/train_files/train_none_few_none_has_tiny_v01.simpl,2,2333.3333,0.765,7
2093,tests/train_files/train_none_few_none_has_tiny_v02.simpl,2,2333.3333,0.765,7
2094,tests/train_files/train_none_few_none_has_tiny_v03.simpl,2,2333.3333,0.765,7
2095,tests/train_files/train_none_few_none_no_large_v01.simpl,2,2999.9998,0.764,51
2096,tests/train_files/train_none_few_none_no_large_v02.simpl,2,3923.0769,0.764,51
2097,tests/train_files/train_none_few_none_no_large_v03.simpl,2,3642.8569,0.764,51
2098,tests/train_files/train_none_few_none_no_medium_v01.simpl,2,2500.0000,0.764,10
2099,tests/train_files/train_none_few_none_no_medium_v02.simpl,2,3333.3333,0.764,10
2100,tests/train_files/train_none_few_none_no_medium_v03.simpl,2,2500.0000,0.764,10
2101,tests/train_files/train_none_few_none_no_tiny_v01.simpl,2,1749.9999,0.764,7
2102,tests/train_files/train_none_few_none_no_tiny_v02.simpl,2,2333.3333,0.764,7
2103,tests/train_files/train_none_few_none_no_tiny_v03.simpl,2,2333.3333,0.764,7
2104,tests/train_files/train_none_many_dominated_has_large_v01.simpl,2,2866.6667,0.763,43
2105,tests/train_files/train_none_many_dominated_has_large_v02.simpl,2,3071.4285,0.763,43
2106,tests/train_files/train_none_many_dominated_has_large_v03.simpl,2,3909.0908,0.763,43
2107,tests/train_files/train_none_many_dominated_has_medium_v01.simpl,2,2500.0000,0.763,15
2108,tests/train_files/train_none_many_dominated_has_medium_v02.simpl,2,3000.0000,0.763,15
2109,tests/train_files/train_none_many_dominated_has_medium_v03.simpl,2,3000.0000,0.763,15
2110,tests/train_files/train_none_many_dominated_no_large_v01.simpl,2,3583.3333,0.763,43
2111,tests/train_files/train_none_many_dominated_no_large_v02.simpl,2,3583.3333,0.763,43
2112,tests/train_files/train_none_many_dominated_no_large_v03.simpl,2,3909.0908,0.763,43
2113,tests/train_files/train_none_many_dominated_no_medium_v01.simpl,2,3000.0000,0.762,15
2114,tests/train_files/train_none_many_dominated_no_medium_v02.simpl,2,3000.0000,0.762,15
2115,tests/train_files/train_none_many_dominated_no_medium_v03.simpl,2,3000.0000,0.762,15
2116,tests/train_files/train_none_many_light_has_large_v01.simpl,2,2882.3528,0.762,49
2117,tests/train_files/train_none_many_light_has_large_v02.simpl,2,3062.4998,0.762,49
2118,tests/train_files/train_none_many_light_has_large_v03.simpl,2,3266.6667,0.762,49
2119,tests/train_files/train_none_many_light_has_medium_v01.simpl,2,3000.0000,0.762,15
2120,tests/train_files/train_none_many_light_has_medium_v02.simpl,2,3000.0000,0.762,15
2121,tests/train_files/train_none_many_light_has_medium_v03.simpl,2,3000.0000,0.762,15
2122,tests/train_files/train_none_many_light_no_large_v01.simpl,2,3769.2307,0.761,49
2123,tests/train_files/train_none_many_light_no_large_v02.simpl,2,3500.0000,0.761,49
2124,tests/train_files/train_none_many_light_no_large_v03.simpl,2,3062.4998,0.761,49
2125,tests/train_files/train_none_many_light_no_medium_v01.simpl,2,3749.9998,0.761,15
2126,tests/train_files/train_none_many_light_no_medium_v02.simpl,2,2500.0000,0.761,15
2127,tests/train_files/train_none_many_light_no_medium_v03.simpl,2,3749.9998,0.761,15
2128,tests/train_files/train_none_many_none_has_large_v01.simpl,2,3923.0769,0.761,51
2129,tests/train_files/train_none_many_none_has_large_v02.simpl,2,3923.0769,0.761,51
2130,tests/train_files/train_none_many_none_has_large_v03.simpl,2,3923.0769,0.760,51
2131,tests/train_files/train_none_many_none_has_medium_v01.simpl,2,3749.9998,0.760,15
2132,tests/train_files/train_none_many_none_has_medium_v02.simpl,5,4541.6665,0.760,23
2133,tests/train_files/train_none_many_none_has_medium_v03.simpl,5,6749.9995,0.760,21
2134,tests/train_files/train_none_many_none_no_large_v01.simpl,5,3444.4443,0.760,55
2135,tests/train_files/train_none_many_none_no_large_v02.simpl,5,4187.4995,0.760,58
2136,tests/train_files/train_none_many_none_no_large_v03.simpl,5,4548.0771,0.760,56
2137,tests/train_files/train_none_many_none_no_medium_v01.simpl,5,7749.9995,0.760,19
2138,tests/train_files/train_none_many_none_no_medium_v02.simpl,5,8500.0000,0.760,22
2139,tests/train_files/train_none_many_none_no_medium_v03.simpl,5,5500.0000,0.759,20
2140,tests/train_files/train_none_none_dominated_no_large_v01.simpl,5,3500.0000,0.759,49
2141,tests/train_files/train_none_none_dominated_no_large_v02.simpl,5,3769.2307,0.759,49
2142,tests/train_files/train_none_none_dominated_no_large_v03.simpl,5,2722.2224,0.759,49
2143,tests/train_files/train_none_none_dominated_no_medium_v01.simpl,5,2666.6667,0.759,8
2144,tests/train_files/train_none_none_dominated_no_medium_v02.simpl,5,2666.6667,0.759,8
2145,tests/train_files/train_none_none_dominated_no_medium_v03.simpl,5,2666.6667,0.759,8
2146,tests/train_files/train_none_none_dominated_no_tiny_v01.simpl,5,333.3333,0.759,1
2147,tests/train_files/train_none_none_dominated_no_tiny_v02.simpl,5,125.0000,0.759,1
2148,tests/train_files/train_none_none_dominated_no_tiny_v03.simpl,5,250.0000,0.758,1
2149,tests/train_files/train_none_none_none_no_large_v01.simpl,5,3642.8572,0.758,50
2150,tests/train_files/train_none_none_none_no_large_v02.simpl,5,3642.8572,0.758,50
2151,tests/train_files/train_none_none_none_no_large_v03.simpl,5,2703.9475,0.758,50
2152,tests/train_files/train_none_none_none_no_medium_v01.simpl,5,2999.9998,0.758,9
2153,tests/train_files/train_none_none_none_no_medium_v02.simpl,5,2999.9998,0.758,9
2154,tests/train_files/train_none_none_none_no_medium_v03.simpl,5,2999.9998,0.758,9
2155,tests/train_files/train_none_none_none_no_tiny_v01.simpl,5,1999.9999,0.758,2
2156,tests/train_files/train_none_none_none_no_tiny_v02.simpl,5,1499.9999,0.758,2
2157,tests/train_files/train_none_none_none_no_tiny_v03.simpl,5,1499.9999,0.757,2
2158,tests/train_files/train_shallow_few_dominated_has_large_v01.simpl,5,2253.9683,0.757,39
2159,tests/train_files/train_shallow_few_dominated_has_large_v02.simpl,5,2317.6470,0.757,37
2160,tests/train_files/train_shallow_few_dominated_has_large_v03.simpl,5,1880.9524,0.757,37
2161,tests/train_files/train_shallow_few_dominated_has_medium_v01.simpl,5,1500.0000,0.757,6
2162,tests/train_files/train_shallow_few_dominated_has_medium_v02.simpl,5,772.7272,0.757,4
2163,tests/train_files/train_shallow_few_dominated_has_medium_v03.simpl,5,772.7272,0.757,4
2164,tests/train_files/train_shallow_few_dominated_no_large_v01.simpl,5,2249.9998,0.757,35
2165,tests/train_files/train_shallow_few_dominated_no_large_v02.simpl,5,1833.3334,0.757,33
2166,tests/train_files/train_shallow_few_dominated_no_large_v03.simpl,5,2039.4738,0.756,35
2167,tests/train_files/train_shallow_few_dominated_no_medium_v01.simpl,5,416.6667,0.756,2
2168,tests/train_files/train_shallow_few_dominated_no_medium_v02.simpl,5,0.0000,0.756,0
2169,tests/train_files/train_shallow_few_dominated_no_medium_v03.simpl,5,600.0000,0.756,2
2170,tests/train_files/train_shallow_few_light_has_large_v01.simpl,5,2271.9299,0.756,41
2171,tests/train_files/train_shallow_few_light_has_large_v02.simpl,5,2277.7778,0.756,39
2172,tests/train_files/train_shallow_few_light_has_large_v03.simpl,5,1976.1904,0.756,39
2173,tests/train_files/train_shallow_few_light_has_medium_v01.simpl,5,1000.0000,0.756,6
2174,tests/train_files/train_shallow_few_light_has_medium_v02.simpl,5,1300.0000,0.756,4
2175,tests/train_files/train_shallow_few_light_has_medium_v03.simpl,5,1300.0000,0.755,4
2176,tests/train_files/train_shallow_few_light_no_large_v01.simpl,5,2200.0000,0.755,37
2177,tests/train_files/train_shallow_few_light_no_large_v02.simpl,5,1944.4446,0.755,35
2178,tests/train_files/train_shallow_few_light_no_large_v03.simpl,5,2144.7368,0.755,37
2179,tests/train_files/train_shallow_few_light_no_medium_v01.simpl,5,600.0000,0.755,2
2180,tests/train_files/train_shallow_few_light_no_medium_v02.simpl,5,0.0000,0.755,0
2181,tests/train_files/train_shallow_few_light_no_medium_v03.simpl,5,611.1111,0.755,2
2182,tests/train_files/train_shallow_few_none_has_large_v01.simpl,5,2142.8572,0.755,43
2183,tests/train_files/train_shallow_few_none_has_large_v02.simpl,5,2305.2632,0.755,41
2184,tests/train_files/train_shallow_few_none_has_large_v03.simpl,5,2271.9299,0.754,41
2185,tests/train_files/train_shallow_few_none_has_medium_v01.simpl,5,1357.1428,0.754,6
2186,tests/train_files/train_shallow_few_none_has_medium_v02.simpl,5,1300.0000,0.754,4
2187,tests/train_files/train_shallow_few_none_has_medium_v03.simpl,5,1300.0000,0.754,4
2188,tests/train_files/train_shallow_few_none_no_large_v01.simpl,5,2200.0000,0.754,39
2189,tests/train_files/train_shallow_few_none_no_large_v02.simpl,5,1681.8182,0.754,37
2190,tests/train_files/train_shallow_few_none_no_large_v03.simpl,5,2060.6060,0.754,39
2191,tests/train_files/train_shallow_few_none_no_medium_v01.simpl,5,590.9091,0.754,2
2192,tests/train_files/train_shallow_few_none_no_medium_v02.simpl,5,0.0000,0.754,0
2193,tests/train_files/train_shallow_few_none_no_medium_v03.simpl,5,611.1111,0.753,2
2194,tests/train_files/train_shallow_many_dominated_has_large_v01.simpl,5,2850.0000,0.753,32
2195,tests/train_files/train_shallow_many_dominated_has_large_v02.simpl,5,2686.2744,0.753,29
2196,tests/train_files/train_shallow_many_dominated_has_large_v03.simpl,5,2295.2383,0.753,30
2197,tests/train_files/train_shallow_many_dominated_has_medium_v01.simpl,5,2449.9998,0.753,11
2198,tests/train_files/train_shallow_many_dominated_has_medium_v02.simpl,5,2809.5237,0.753,8
2199,tests/train_files/train_shallow_many_dominated_has_medium_v03.simpl,5,2625.0000,0.753,9
2200,tests/train_files/train_shallow_many_dominated_no_large_v01.simpl,5,2657.8948,0.753,31
2201,tests/train_files/train_shallow_many_dominated_no_large_v02.simpl,5,2566.6667,0.752,28
2202,tests/train_files/train_shallow_many_dominated_no_large_v03.simpl,5,2766.6667,0.752,29
2203,tests/train_files/train_shallow_many_dominated_no_medium_v01.simpl,5,2333.3333,0.752,10
2204,tests/train_files/train_shallow_many_dominated_no_medium_v02.simpl,5,1749.9999,0.752,7
2205,tests/train_files/train_shallow_many_dominated_no_medium_v03.simpl,5,1600.0000,0.752,8
2206,tests/train_files/train_shallow_many_light_has_large_v01.simpl,5,3364.7058,0.752,38
2207,tests/train_files/train_shallow_many_light_has_large_v02.simpl,5,2861.1113,0.752,35
2208,tests/train_files/train_shallow_many_light_has_large_v03.simpl,5,2850.0000,0.752,36
2209,tests/train_files/train_shallow_many_light_has_medium_v01.simpl,5,3564.1025,0.752,11
2210,tests/train_files/train_shallow_many_light_has_medium_v02.simpl,5,2320.5127,0.751,8
2211,tests/train_files/train_shallow_many_light_has_medium_v03.simpl,5,1976.1904,0.751,9
2212,tests/train_files/train_shallow_many_light_no_large_v01.simpl,5,3447.0586,0.751,37
2213,tests/train_files/train_shallow_many_light_no_large_v02.simpl,5,2754.9019,0.751,34
2214,tests/train_files/train_shallow_many_light_no_large_v03.simpl,5,2754.3862,0.751,35
2215,tests/train_files/train_shallow_many_light_no_medium_v01.simpl,5,3083.3333,0.751,10
2216,tests/train_files/train_shallow_many_light_no_medium_v02.simpl,5,1749.9999,0.751,7
2217,tests/train_files/train_shallow_many_light_no_medium_v03.simpl,5,1999.9999,0.751,8
2218,tests/train_files/train_shallow_many_none_has_large_v01.simpl,5,3111.1111,0.751,40
2219,tests/train_files/train_shallow_many_none_has_large_v02.simpl,5,2856.8625,0.750,37
2220,tests/train_files/train_shallow_many_none_has_large_v03.simpl,5,2575.7576,0.750,38
2221,tests/train_files/train_shallow_many_none_has_medium_v01.simpl,5,3106.0605,0.750,11
2222,tests/train_files/train_shallow_many_none_has_medium_v02.simpl,5,2348.4849,0.750,8
2223,tests/train_files/train_shallow_many_none_has_medium_v03.simpl,5,2666.6667,0.750,9
2224,tests/train_files/train_shallow_many_none_no_large_v01.simpl,5,3466.6667,0.750,39
2225,tests/train_files/train_shallow_many_none_no_large_v02.simpl,5,3011.1113,0.750,36
2226,tests/train_files/train_shallow_many_none_no_large_v03.simpl,5,3126.3159,0.750,37
2227,tests/train_files/train_shallow_many_none_no_medium_v01.simpl,5,2340.9092,0.750,10
2228,tests/train_files/train_shallow_many_none_no_medium_v02.simpl,5,1749.9999,0.749,7
2229,tests/train_files/train_shallow_many_none_no_medium_v03.simpl,5,2666.6667,0.749,8
2230,tests/train_files/train_shallow_none_dominated_no_large_v01.simpl,5,2470.5881,0.749,42
2231,tests/train_files/train_shallow_none_dominated_no_large_v02.simpl,5,2624.9998,0.749,42
2232,tests/train_files/train_shallow_none_dominated_no_large_v03.simpl,5,2333.3335,0.749,42
2233,tests/train_files/train_shallow_none_dominated_no_medium_v01.simpl,5,166.6667,0.749,1
2234,tests/train_files/train_shallow_none_dominated_no_medium_v02.simpl,5,166.6667,0.749,1
2235,tests/train_files/train_shallow_none_dominated_no_medium_v03.simpl,5,142.8571,0.749,1
2236,tests/train_files/train_shallow_none_none_no_large_v01.simpl,5,2000.0000,0.749,42
2237,tests/train_files/train_shallow_none_none_no_large_v02.simpl,5,2470.5881,0.748,42
2238,tests/train_files/train_shallow_none_none_no_large_v03.simpl,5,2100.0000,0.748,42
2239,tests/train_files/train_shallow_none_none_no_medium_v01.simpl,5,125.0000,0.748,1
2240,tests/train_files/train_shallow_none_none_no_medium_v02.simpl,5,111.1111,0.748,1
2241,tests/train_files/train_shallow_none_none_no_medium_v03.simpl,5,111.1111,0.748,1
2242,tests/train_files/train_shallow_none_none_no_tiny_v01.simpl,5,0.0000,0.748,0
2243,tests/train_files/train_shallow_none_none_no_tiny_v02.simpl,5,0.0000,0.748,0
2244,tests/train_files/train_shallow_none_none_no_tiny_v03.simpl,5,0.0000,0.748,0
2245,tests/train_files/train_deep_few_dominated_has_large_v01.simpl,5,1609.0909,0.748,32
2246,tests/train_files/train_deep_few_dominated_has_large_v02.simpl,5,1518.1819,0.747,30
2247,tests/train_files/train_deep_few_dominated_has_large_v03.simpl,5,1460.8695,0.747,30
2248,tests/train_files/train_deep_few_dominated_has_medium_v01.simpl,5,1263.1578,0.747,6
2249,tests/train_files/train_deep_few_dominated_has_medium_v02.simpl,5,687.4999,0.747,4
2250,tests/train_files/train_deep_few_dominated_has_medium_v03.simpl,5,714.2856,0.747,4
2251,tests/train_files/train_deep_few_dominated_no_large_v01.simpl,5,1373.9131,0.747,28
2252,tests/train_files/train_deep_few_dominated_no_large_v02.simpl,5,1181.8182,0.747,26
2253,tests/train_files/train_deep_few_dominated_no_large_v03.simpl,5,1375.0000,0.747,28
2254,tests/train_files/train_deep_few_dominated_no_medium_v01.simpl,5,308.8235,0.747,2
2255,tests/train_files/train_deep_few_dominated_no_medium_v02.simpl,5,0.0000,0.746,0
2256,tests/train_files/train_deep_few_dominated_no_medium_v03.simpl,5,400.0000,0.746,2
2257,tests/train_files/train_deep_few_light_has_large_v01.simpl,5,1700.0000,0.746,34
2258,tests/train_files/train_deep_few_light_has_large_v02.simpl,5,1800.0000,0.746,32
2259,tests/train_files/train_deep_few_light_has_large_v03.simpl,5,1676.1906,0.746,32
2260,tests/train_files/train_deep_few_light_has_medium_v01.simpl,5,833.3333,0.746,6
2261,tests/train_files/train_deep_few_light_has_medium_v02.simpl,5,1200.0000,0.746,4
2262,tests/train_files/train_deep_few_light_has_medium_v03.simpl,5,700.0000,0.746,4
2263,tests/train_files/train_deep_few_light_no_large_v01.simpl,5,1510.8695,0.746,30
2264,tests/train_files/train_deep_few_light_no_large_v02.simpl,5,1120.0000,0.745,28
2265,tests/train_files/train_deep_few_light_no_large_v03.simpl,5,1568.1819,0.745,30
2266,tests/train_files/train_deep_few_light_no_medium_v01.simpl,5,404.7619,0.745,2
2267,tests/train_files/train_deep_few_light_no_medium_v02.simpl,5,0.0000,0.745,0
2268,tests/train_files/train_deep_few_light_no_medium_v03.simpl,5,571.4285,0.745,2
2269,tests/train_files/train_deep_few_none_has_large_v01.simpl,5,1658.3334,0.745,36
2270,tests/train_files/train_deep_few_none_has_large_v02.simpl,5,1821.4286,0.745,34
2271,tests/train_files/train_deep_few_none_has_large_v03.simpl,5,1700.0000,0.745,34
2272,tests/train_files/train_deep_few_none_has_medium_v01.simpl,5,857.1428,0.745,6
2273,tests/train_files/train_deep_few_none_has_medium_v02.simpl,5,700.0000,0.744,4
2274,tests/train_files/train_deep_few_none_has_medium_v03.simpl,5,714.2856,0.744,4
2275,tests/train_files/train_deep_few_none_no_large_v01.simpl,5,1597.8260,0.744,32
2276,tests/train_files/train_deep_few_none_no_large_v02.simpl,5,1111.1111,0.744,30
2277,tests/train_files/train_deep_few_none_no_large_v03.simpl,5,1726.1906,0.744,32
2278,tests/train_files/train_deep_few_none_no_medium_v01.simpl,5,562.4999,0.744,2
2279,tests/train_files/train_deep_few_none_no_medium_v02.simpl,5,0.0000,0.744,0
2280,tests/train_files/train_deep_few_none_no_medium_v03.simpl,5,562.4999,0.744,2
2281,tests/train_files/train_deep_many_dominated_has_large_v01.simpl,5,2389.1304,0.743,25
2282,tests/train_files/train_deep_many_dominated_has_large_v02.simpl,5,1809.5238,0.743,22
2283,tests/train_files/train_deep_many_dominated_has_large_v03.simpl,5,2065.3845,0.743,23
2284,tests/train_files/train_deep_many_dominated_has_medium_v01.simpl,5,2252.9412,0.743,14
2285,tests/train_files/train_deep_many_dominated_has_medium_v02.simpl,5,1700.0000,0.743,10
2286,tests/train_files/train_deep_many_dominated_has_medium_v03.simpl,5,1733.3334,0.743,11
2287,tests/train_files/train_deep_many_dominated_no_large_v01.simpl,5,2550.0000,0.743,24
2288,tests/train_files/train_deep_many_dominated_no_large_v02.simpl,5,2036.3636,0.743,21
2289,tests/train_files/train_deep_many_dominated_no_large_v03.simpl,5,2160.0000,0.743,22
2290,tests/train_files/train_deep_many_dominated_no_medium_v01.simpl,3,2308.8235,0.742,10
2291,tests/train_files/train_deep_many_dominated_no_medium_v02.simpl,3,1400.0000,0.742,7
2292,tests/train_files/train_deep_many_dominated_no_medium_v03.simpl,3,1600.0000,0.742,8
2293,tests/train_files/train_deep_many_light_has_large_v01.simpl,3,2695.4546,0.742,31
2294,tests/train_files/train_deep_many_light_has_large_v02.simpl,3,2156.5217,0.742,28
2295,tests/train_files/train_deep_many_light_has_large_v03.simpl,3,2366.6667,0.742,29
2296,tests/train_files/train_deep_many_light_has_medium_v01.simpl,3,1666.6666,0.742,8
2297,tests/train_files/train_deep_many_light_has_medium_v02.simpl,3,1500.0000,0.742,6
2298,tests/train_files/train_deep_many_light_has_medium_v03.simpl,3,1700.0000,0.742,7
2299,tests/train_files/train_deep_many_light_no_large_v01.simpl,3,2800.0000,0.741,30
2300,tests/train_files/train_deep_many_light_no_large_v02.simpl,3,1966.6666,0.741,27
2301,tests/train_files/train_deep_many_light_no_large_v03.simpl,3,2102.5642,0.741,28
2302,tests/train_files/train_deep_many_light_no_medium_v01.simpl,3,3058.8235,0.741,10
2303,tests/train_files/train_deep_many_light_no_medium_v02.simpl,3,1749.9999,0.741,7
2304,tests/train_files/train_deep_many_light_no_medium_v03.simpl,3,1600.0000,0.741,8
2305,tests/train_files/train_deep_many_none_has_large_v01.simpl,3,2607.1428,0.741,33
2306,tests/train_files/train_deep_many_none_has_large_v02.simpl,3,2174.2424,0.741,30
2307,tests/train_files/train_deep_many_none_has_large_v03.simpl,3,2493.4783,0.741,31
2308,tests/train_files/train_deep_many_none_has_medium_v01.simpl,3,2249.9998,0.740,8
2309,tests/train_files/train_deep_many_none_has_medium_v02.simpl,3,1750.0000,0.740,6
2310,tests/train_files/train_deep_many_none_has_medium_v03.simpl,3,1999.9999,0.740,7
2311,tests/train_files/train_deep_many_none_no_large_v01.simpl,3,2895.2383,0.740,32
2312,tests/train_files/train_deep_many_none_no_large_v02.simpl,3,2356.5217,0.740,29
2313,tests/train_files/train_deep_many_none_no_large_v03.simpl,3,2289.8550,0.740,30
2314,tests/train_files/train_deep_many_none_no_medium_v01.simpl,3,2302.6316,0.740,10
2315,tests/train_files/train_deep_many_none_no_medium_v02.simpl,3,1749.9999,0.740,7
2316,tests/train_files/train_deep_many_none_no_medium_v03.simpl,3,1999.9999,0.740,8
2317,tests/train_files/train_deep_none_dominated_no_large_v01.simpl,3,1750.0000,0.739,35
2318,tests/train_files/train_deep_none_dominated_no_large_v02.simpl,3,1750.0000,0.739,35
2319,tests/train_files/train_deep_none_dominated_no_large_v03.simpl,3,1750.0000,0.739,35
2320,tests/train_files/train_deep_none_dominated_no_medium_v01.simpl,3,83.3333,0.739,1
2321,tests/train_files/train_deep_none_dominated_no_medium_v02.simpl,3,100.0000,0.739,1
2322,tests/train_files/train_deep_none_dominated_no_medium_v03.simpl,3,90.9091,0.739,1
2323,tests/train_files/train_deep_none_none_no_large_v01.simpl,3,1750.0000,0.739,35
2324,tests/train_files/train_deep_none_none_no_large_v02.simpl,3,1750.0000,0.739,35
2325,tests/train_files/train_deep_none_none_no_large_v03.simpl,3,1666.6667,0.739,35
2326,tests/train_files/train_deep_none_none_no_medium_v01.simpl,3,0.0000,0.738,0
2327,tests/train_files/train_deep_none_none_no_medium_v02.simpl,3,0.0000,0.738,0
2328,tests/train_files/train_deep_none_none_no_medium_v03.simpl,3,0.0000,0.738,0
2329,tests/train_files/train_none_few_dominated_has_large_v01.simpl,3,3928.5713,0.738,51
2330,tests/train_files/train_none_few_dominated_has_large_v02.simpl,3,4186.8130,0.738,51
2331,tests/train_files/train_none_few_dominated_has_large_v03.simpl,3,4282.0513,0.738,51
2332,tests/train_files/train_none_few_dominated_has_medium_v01.simpl,3,4874.9995,0.738,11
2333,tests/train_files/train_none_few_dominated_has_medium_v02.simpl,3,6333.3330,0.738,11
2334,tests/train_files/train_none_few_dominated_has_medium_v03.simpl,3,5749.9995,0.738,11
2335,tests/train_files/train_none_few_dominated_no_large_v01.simpl,3,3508.9282,0.737,51
2336,tests/train_files/train_none_few_dominated_no_large_v02.simpl,3,3621.8486,0.737,53
2337,tests/train_files/train_none_few_dominated_no_large_v03.simpl,3,4186.8130,0.737,51
2338,tests/train_files/train_none_few_dominated_no_medium_v01.simpl,3,3749.9998,0.737,11
2339,tests/train_files/train_none_few_dominated_no_medium_v02.simpl,3,5333.3330,0.737,13
2340,tests/train_files/train_none_few_dominated_no_medium_v03.simpl,3,6333.3330,0.737,11
2341,tests/train_files/train_none_few_light_has_large_v01.simpl,3,3838.0952,0.737,53
2342,tests/train_files/train_none_few_light_has_large_v02.simpl,3,3633.9282,0.737,53
2343,tests/train_files/train_none_few_light_has_large_v03.simpl,3,3633.9282,0.737,53
2344,tests/train_files/train_none_few_light_has_medium_v01.simpl,3,4666.6665,0.736,12
2345,tests/train_files/train_none_few_light_has_medium_v02.simpl,3,2999.9998,0.736,12
2346,tests/train_files/train_none_few_light_has_medium_v03.simpl,3,5999.9995,0.736,12
2347,tests/train_files/train_none_few_light_has_tiny_v01.simpl,3,4333.3330,0.736,11
2348,tests/train_files/train_none_few_light_has_tiny_v02.simpl,3,6333.3330,0.736,11
2349,tests/train_files/train_none_few_light_has_tiny_v03.simpl,3,3749.9998,0.736,11
2350,tests/train_files/train_none_few_light_no_large_v01.simpl,3,4000.0000,0.736,53
2351,tests/train_files/train_none_few_light_no_large_v02.simpl,3,3919.6426,0.736,55
2352,tests/train_files/train_none_few_light_no_large_v03.simpl,3,3838.0952,0.736,53
2353,tests/train_files/train_none_few_light_no_medium_v01.simpl,3,6666.6665,0.735,12
2354,tests/train_files/train_none_few_light_no_medium_v02.simpl,3,4666.6670,0.735,14
2355,tests/train_files/train_none_few_light_no_medium_v03.simpl,3,5999.9995,0.735,12
2356,tests/train_files/train_none_few_light_no_tiny_v01.simpl,3,6333.3330,0.735,11
2357,tests/train_files/train_none_few_light_no_tiny_v02.simpl,3,5333.3330,0.735,13
2358,tests/train_files/train_none_few_light_no_tiny_v03.simpl,3,4333.3330,0.735,11
2359,tests/train_files/train_none_few_none_has_large_v01.simpl,3,4214.2856,0.735,55
2360,tests/train_files/train_none_few_none_has_large_v02.simpl,3,4367.5215,0.735,55
2361,tests/train_files/train_none_few_none_has_large_v03.simpl,3,3404.7620,0.734,55
2362,tests/train_files/train_none_few_none_has_medium_v01.simpl,3,5333.3330,0.734,14
2363,tests/train_files/train_none_few_none_has_medium_v02.simpl,3,6500.0000,0.734,14
2364,tests/train_files/train_none_few_none_has_medium_v03.simpl,3,5333.3330,0.734,14
2365,tests/train_files/train_none_few_none_has_tiny_v01.simpl,3,5749.9995,0.734,11
2366,tests/train_files/train_none_few_none_has_tiny_v02.simpl,3,3749.9998,0.734,11
2367,tests/train_files/train_none_few_none_has_tiny_v03.simpl,3,6333.3330,0.734,11
2368,tests/train_files/train_none_few_none_no_large_v01.simpl,3,4423.0767,0.734,55
2369,tests/train_files/train_none_few_none_no_large_v02.simpl,3,3749.9998,0.734,57
2370,tests/train_files/train_none_few_none_no_large_v03.simpl,3,4214.2856,0.733,55
2371,tests/train_files/train_none_few_none_no_medium_v01.simpl,3,3250.0000,0.733,14
2372,tests/train_files/train_none_few_none_no_medium_v02.simpl,3,5500.0000,0.733,16
2373,tests/train_files/train_none_few_none_no_medium_v03.simpl,3,6500.0000,0.733,14
2374,tests/train_files/train_none_few_none_no_tiny_v01.simpl,3,5749.9995,0.733,11
2375,tests/train_files/train_none_few_none_no_tiny_v02.simpl,3,8333.3330,0.733,13
2376,tests/train_files/train_none_few_none_no_tiny_v03.simpl,3,6333.3330,0.733,11
2377,tests/train_files/train_none_many_dominated_has_large_v01.simpl,3,4416.6665,0.733,48
2378,tests/train_files/train_none_many_dominated_has_large_v02.simpl,3,4200.0000,0.733,51
2379,tests/train_files/train_none_many_dominated_has_large_v03.simpl,3,5109.0908,0.732,49
2380,tests/train_files/train_none_many_dominated_has_medium_v01.simpl,3,4666.6665,0.732,20
2381,tests/train_files/train_none_many_dominated_has_medium_v02.simpl,3,5166.6670,0.732,23
2382,tests/train_files/train_none_many_dominated_has_medium_v03.simpl,3,6000.0000,0.732,21
2383,tests/train_files/train_none_many_dominated_no_large_v01.simpl,3,4154.7617,0.732,47
2384,tests/train_files/train_none_many_dominated_no_large_v02.simpl,3,5075.7573,0.732,50
2385,tests/train_files/train_none_many_dominated_no_large_v03.simpl,3,4909.0908,0.732,48
2386,tests/train_files/train_none_many_dominated_no_medium_v01.simpl,3,4333.3335,0.732,19
2387,tests/train_files/train_none_many_dominated_no_medium_v02.simpl,3,6500.0000,0.732,22
2388,tests/train_files/train_none_many_dominated_no_medium_v03.simpl,3,4666.6665,0.731,20
2389,tests/train_files/train_none_many_light_has_large_v01.simpl,3,4483.5166,0.731,54
2390,tests/train_files/train_none_many_light_has_large_v02.simpl,3,4912.0879,0.731,57
2391,tests/train_files/train_none_many_light_has_large_v03.simpl,3,4940.4761,0.731,55
2392,tests/train_files/train_none_many_light_has_medium_v01.simpl,3,6250.0000,0.731,20
2393,tests/train_files/train_none_many_light_has_medium_v02.simpl,3,6500.0000,0.731,23
2394,tests/train_files/train_none_many_light_has_medium_v03.simpl,3,5000.0000,0.731,21
2395,tests/train_files/train_none_many_light_no_large_v01.simpl,3,4269.2305,0.731,53
2396,tests/train_files/train_none_many_light_no_large_v02.simpl,3,4644.2305,0.731,56
2397,tests/train_files/train_none_many_light_no_large_v03.simpl,3,3776.7854,0.730,54
2398,tests/train_files/train_none_many_light_no_medium_v01.simpl,3,7000.0000,0.730,19
2399,tests/train_files/train_none_many_light_no_medium_v02.simpl,3,10000.0000,0.730,22
2400,tests/train_files/train_none_many_light_no_medium_v03.simpl,3,4666.6665,0.730,20
2401,tests/train_files/train_none_many_none_has_large_v01.simpl,3,4025.0000,0.730,56
2402,tests/train_files/train_none_many_none_has_large_v02.simpl,3,4811.9658,0.730,59
2403,tests/train_files/train_none_many_none_has_large_v03.simpl,3,4400.0000,0.730,57
2404,tests/train_files/train_none_many_none_has_medium_v01.simpl,3,4375.0000,0.730,20
2405,tests/train_files/train_none_many_none_has_medium_v02.simpl,3,7749.9995,0.730,23
2406,tests/train_files/train_none_many_none_has_medium_v03.simpl,3,6749.9995,0.729,21
2407,tests/train_files/train_none_many_none_no_large_v01.simpl,3,4142.8569,0.729,55
2408,tests/train_files/train_none_many_none_no_large_v02.simpl,3,4400.0000,0.729,58
2409,tests/train_files/train_none_many_none_no_large_v03.simpl,3,4756.4102,0.729,56
2410,tests/train_files/train_none_many_none_no_medium_v01.simpl,3,5749.9995,0.729,19
2411,tests/train_files/train_none_many_none_no_medium_v02.simpl,3,8500.0000,0.729,22
2412,tests/train_files/train_none_many_none_no_medium_v03.simpl,3,5416.6665,0.729,20
2413,tests/train_files/train_none_none_dominated_no_large_v01.simpl,3,3769.2307,0.729,49
2414,tests/train_files/train_none_none_dominated_no_large_v02.simpl,3,3266.6667,0.729,49
2415,tests/train_files/train_none_none_dominated_no_large_v03.simpl,3,3769.2307,0.728,49
2416,tests/train_files/train_none_none_dominated_no_medium_v01.simpl,3,2666.6667,0.728,8
2417,tests/train_files/train_none_none_dominated_no_medium_v02.simpl,3,1333.3334,0.728,8
2418,tests/train_files/train_none_none_dominated_no_medium_v03.simpl,3,2666.6667,0.728,8
2419,tests/train_files/train_none_none_dominated_no_tiny_v01.simpl,3,500.0000,0.728,1
2420,tests/train_files/train_none_none_dominated_no_tiny_v02.simpl,3,333.3333,0.728,1
2421,tests/train_files/train_none_none_dominated_no_tiny_v03.simpl,3,500.0000,0.728,1
2422,tests/train_files/train_none_none_none_no_large_v01.simpl,3,3912.0879,0.728,50
2423,tests/train_files/train_none_none_none_no_large_v02.simpl,3,3894.2307,0.728,50
2424,tests/train_files/train_none_none_none_no_large_v03.simpl,3,3642.8572,0.727,50
2425,tests/train_files/train_none_none_none_no_medium_v01.simpl,3,2499.9998,0.727,9
2426,tests/train_files/train_none_none_none_no_medium_v02.simpl,3,2999.9998,0.727,9
2427,tests/train_files/train_none_none_none_no_medium_v03.simpl,3,2999.9998,0.727,9
2428,tests/train_files/train_none_none_none_no_tiny_v01.simpl,3,1999.9999,0.727,2
2429,tests/train_files/train_none_none_none_no_tiny_v02.simpl,3,1999.9999,0.727,2
2430,tests/train_files/train_none_none_none_no_tiny_v03.simpl,3,1333.3333,0.727,2
2431,tests/train_files/train_shallow_few_dominated_has_large_v01.simpl,3,2166.6667,0.727,39
2432,tests/train_files/train_shallow_few_dominated_has_large_v02.simpl,3,2200.0000,0.727,37
2433,tests/train_files/train_shallow_few_dominated_has_large_v03.simpl,3,1857.1429,0.726,37
2434,tests/train_files/train_shallow_few_dominated_has_medium_v01.simpl,3,1384.6154,0.726,6
2435,tests/train_files/train_shallow_few_dominated_has_medium_v02.simpl,3,772.7272,0.726,4
2436,tests/train_files/train_shallow_few_dominated_has_medium_v03.simpl,3,1272.7272,0.726,4
2437,tests/train_files/train_shallow_few_dominated_no_large_v01.simpl,3,2039.4738,0.726,35
2438,tests/train_files/train_shallow_few_dominated_no_large_v02.simpl,3,1941.1764,0.726,33
2439,tests/train_files/train_shallow_few_dominated_no_large_v03.simpl,3,2138.8889,0.726,35
2440,tests/train_files/train_shallow_few_dominated_no_medium_v01.simpl,3,600.0000,0.726,2
2441,tests/train_files/train_shallow_few_dominated_no_medium_v02.simpl,3,0.0000,0.725,0
2442,tests/train_files/train_shallow_few_dominated_no_medium_v03.simpl,3,433.3333,0.725,2
2443,tests/train_files/train_shallow_few_light_has_large_v01.simpl,3,2071.4287,0.725,41
2444,tests/train_files/train_shallow_few_light_has_large_v02.simpl,3,2435.2939,0.725,39
2445,tests/train_files/train_shallow_few_light_has_large_v03.simpl,3,2277.7778,0.725,39
2446,tests/train_files/train_shallow_few_light_has_medium_v01.simpl,3,1055.5555,0.725,6
2447,tests/train_files/train_shallow_few_light_has_medium_v02.simpl,3,833.3333,0.725,4
2448,tests/train_files/train_shallow_few_light_has_medium_v03.simpl,3,1333.3333,0.725,4
2449,tests/train_files/train_shallow_few_light_no_large_v01.simpl,3,2200.0000,0.725,37
2450,tests/train_files/train_shallow_few_light_no_large_v02.simpl,3,1590.9091,0.724,35
2451,tests/train_files/train_shallow_few_light_no_large_v03.simpl,3,1640.0000,0.724,37
2452,tests/train_files/train_shallow_few_light_no_medium_v01.simpl,3,1090.9091,0.724,2
2453,tests/train_files/train_shallow_few_light_no_medium_v02.simpl,3,0.0000,0.724,0
2454,tests/train_files/train_shallow_few_light_no_medium_v03.simpl,3,1090.9091,0.724,2
2455,tests/train_files/train_shallow_few_none_has_large_v01.simpl,3,2377.1931,0.724,43
2456,tests/train_files/train_shallow_few_none_has_large_v02.simpl,3,2422.2224,0.724,41
2457,tests/train_files/train_shallow_few_none_has_large_v03.simpl,3,2071.4287,0.724,41
2458,tests/train_files/train_shallow_few_none_has_medium_v01.simpl,3,884.6154,0.724,6
2459,tests/train_files/train_shallow_few_none_has_medium_v02.simpl,3,833.3333,0.723,4
2460,tests/train_files/train_shallow_few_none_has_medium_v03.simpl,3,1300.0000,0.723,4
2461,tests/train_files/train_shallow_few_none_no_large_v01.simpl,3,2311.1111,0.723,39
2462,tests/train_files/train_shallow_few_none_no_large_v02.simpl,3,1947.3685,0.723,37
2463,tests/train_files/train_shallow_few_none_no_large_v03.simpl,3,2059.5237,0.723,39
2464,tests/train_files/train_shallow_few_none_no_medium_v01.simpl,3,590.9091,0.723,2
2465,tests/train_files/train_shallow_few_none_no_medium_v02.simpl,3,0.0000,0.723,0
2466,tests/train_files/train_shallow_few_none_no_medium_v03.simpl,3,600.0000,0.723,2
2467,tests/train_files/train_shallow_many_dominated_has_large_v01.simpl,3,2600.0000,0.723,31
2468,tests/train_files/train_shallow_many_dominated_has_large_v02.simpl,3,2277.7778,0.722,28
2469,tests/train_files/train_shallow_many_dominated_has_large_v03.simpl,3,2552.9412,0.722,29
2470,tests/train_files/train_shallow_many_dominated_has_medium_v01.simpl,3,2583.3333,0.722,10
2471,tests/train_files/train_shallow_many_dominated_has_medium_v02.simpl,3,1791.6666,0.722,7
2472,tests/train_files/train_shallow_many_dominated_has_medium_v03.simpl,3,2142.8572,0.722,8
2473,tests/train_files/train_shallow_many_dominated_no_large_v01.simpl,3,2875.0000,0.722,31
2474,tests/train_files/train_shallow_many_dominated_no_large_v02.simpl,3,2401.9607,0.722,28
2475,tests/train_files/train_shallow_many_dominated_no_large_v03.simpl,3,2438.5967,0.722,29
2476,tests/train_files/train_shallow_many_dominated_no_medium_v01.simpl,3,2326.9231,0.722,10
2477,tests/train_files/train_shallow_many_dominated_no_medium_v02.simpl,3,1749.9999,0.721,7
2478,tests/train_files/train_shallow_many_dominated_no_medium_v03.simpl,3,1999.9999,0.721,8
2479,tests/train_files/train_shallow_many_light_has_large_v01.simpl,3,3164.7058,0.721,37
2480,tests/train_files/train_shallow_many_light_has_large_v02.simpl,3,2450.0000,0.721,34
2481,tests/train_files/train_shallow_many_light_has_large_v03.simpl,3,2650.0000,0.721,35
2482,tests/train_files/train_shallow_many_light_has_medium_v01.simpl,3,2583.3333,0.721,10
2483,tests/train_files/train_shallow_many_light_has_medium_v02.simpl,3,1800.0000,0.721,7
2484,tests/train_files/train_shallow_many_light_has_medium_v03.simpl,3,2166.6667,0.721,8
2485,tests/train_files/train_shallow_many_light_no_large_v01.simpl,3,3355.5557,0.721,37
2486,tests/train_files/train_shallow_many_light_no_large_v02.simpl,3,2587.7192,0.720,34
2487,tests/train_files/train_shallow_many_light_no_large_v03.simpl,3,2827.2727,0.720,35
2488,tests/train_files/train_shallow_many_light_no_medium_v01.simpl,3,3076.9231,0.720,10
2489,tests/train_files/train_shallow_many_light_no_medium_v02.simpl,3,2333.3333,0.720,7
2490,tests/train_files/train_shallow_many_light_no_medium_v03.simpl,3,1999.9999,0.720,8
2491,tests/train_files/train_shallow_many_none_has_large_v01.simpl,3,3177.7778,0.720,39
2492,tests/train_files/train_shallow_many_none_has_large_v02.simpl,3,2464.9124,0.720,36
2493,tests/train_files/train_shallow_many_none_has_large_v03.simpl,3,2676.1904,0.720,37
2494,tests/train_files/train_shallow_many_none_has_medium_v01.simpl,3,2564.1025,0.720,10
2495,tests/train_files/train_shallow_many_none_has_medium_v02.simpl,3,1392.8572,0.719,7
2496,tests/train_files/train_shallow_many_none_has_medium_v03.simpl,3,2166.6667,0.719,8
2497,tests/train_files/train_shallow_many_none_no_large_v01.simpl,3,3378.9473,0.719,39
2498,tests/train_files/train_shallow_many_none_no_large_v02.simpl,3,3011.1113,0.719,36
2499,tests/train_files/train_shallow_many_none_no_large_v03.simpl,3,3050.0000,0.719,37
2500,tests/train_files/train_shallow_many_none_no_medium_v01.simpl,3,2340.9092,0.719,10
2501,tests/train_files/train_shallow_many_none_no_medium_v02.simpl,3,1749.9999,0.719,7
2502,tests/train_files/train_shallow_many_none_no_medium_v03.simpl,3,2666.6667,0.719,8
2503,tests/train_files/train_shallow_none_dominated_no_large_v01.simpl,3,2333.3335,0.719,42
2504,tests/train_files/train_shallow_none_dominated_no_large_v02.simpl,3,2624.9998,0.718,42
2505,tests/train_files/train_shallow_none_dominated_no_large_v03.simpl,3,2333.3335,0.718,42
2506,tests/train_files/train_shallow_none_dominated_no_medium_v01.simpl,3,166.6667,0.718,1
2507,tests/train_files/train_shallow_none_dominated_no_medium_v02.simpl,3,166.6667,0.718,1
2508,tests/train_files/train_shallow_none_dominated_no_medium_v03.simpl,3,125.0000,0.718,1
2509,tests/train_files/train_shallow_none_none_no_large_v01.simpl,3,2210.5264,0.718,42
2510,tests/train_files/train_shallow_none_none_no_large_v02.simpl,3,2333.3335,0.718,42
2511,tests/train_files/train_shallow_none_none_no_large_v03.simpl,3,1826.0869,0.718,42
2512,tests/train_files/train_shallow_none_none_no_medium_v01.simpl,3,142.8571,0.718,1
2513,tests/train_files/train_shallow_none_none_no_medium_v02.simpl,3,111.1111,0.717,1
2514,tests/train_files/train_shallow_none_none_no_medium_v03.simpl,3,111.1111,0.717,1
2515,tests/train_files/train_shallow_none_none_no_tiny_v01.simpl,3,0.0000,0.717,0
2516,tests/train_files/train_shallow_none_none_no_tiny_v02.simpl,3,0.0000,0.717,0
2517,tests/train_files/train_shallow_none_none_no_tiny_v03.simpl,3,0.0000,0.717,0
2518,tests/train_files/train_deep_few_dominated_has_large_v01.simpl,3,1642.8572,0.717,32
2519,tests/train_files/train_deep_few_dominated_has_large_v02.simpl,3,1630.9524,0.717,30
2520,tests/train_files/train_deep_few_dominated_has_large_v03.simpl,3,1518.1819,0.717,30
2521,tests/train_files/train_deep_few_dominated_has_medium_v01.simpl,3,1333.3333,0.716,6
2522,tests/train_files/train_deep_few_dominated_has_medium_v02.simpl,3,700.0000,0.716,4
2523,tests/train_files/train_deep_few_dominated_has_medium_v03.simpl,3,700.0000,0.716,4
2524,tests/train_files/train_deep_few_dominated_no_large_v01.simpl,3,1535.7144,0.716,28
2525,tests/train_files/train_deep_few_dominated_no_large_v02.simpl,3,1130.4348,0.716,26
2526,tests/train_files/train_deep_few_dominated_no_large_v03.simpl,3,1477.2727,0.716,28
2527,tests/train_files/train_deep_few_dominated_no_medium_v01.simpl,3,400.0000,0.716,2
2528,tests/train_files/train_deep_few_dominated_no_medium_v02.simpl,3,0.0000,0.716,0
2529,tests/train_files/train_deep_few_dominated_no_medium_v03.simpl,3,562.4999,0.716,2
2530,tests/train_files/train_deep_few_light_has_large_v01.simpl,3,1850.0000,0.715,34
2531,tests/train_files/train_deep_few_light_has_large_v02.simpl,3,1750.0000,0.715,32
2532,tests/train_files/train_deep_few_light_has_large_v03.simpl,3,1609.0909,0.715,32
2533,tests/train_files/train_deep_few_light_has_medium_v01.simpl,3,857.1428,0.715,6
2534,tests/train_files/train_deep_few_light_has_medium_v02.simpl,3,687.4999,0.715,4
2535,tests/train_files/train_deep_few_light_has_medium_v03.simpl,3,700.0000,0.715,4
2536,tests/train_files/train_deep_few_light_no_large_v01.simpl,3,1714.2858,0.715,30
2537,tests/train_files/train_deep_few_light_no_large_v02.simpl,3,1272.7273,0.715,28
2538,tests/train_files/train_deep_few_light_no_large_v03.simpl,3,1568.1819,0.715,30
2539,tests/train_files/train_deep_few_light_no_medium_v01.simpl,3,388.8889,0.714,2
2540,tests/train_files/train_deep_few_light_no_medium_v02.simpl,3,0.0000,0.714,0
2541,tests/train_files/train_deep_few_light_no_medium_v03.simpl,3,321.4286,0.714,2
2542,tests/train_files/train_deep_few_none_has_large_v01.simpl,3,1757.5757,0.714,36
2543,tests/train_files/train_deep_few_none_has_large_v02.simpl,3,1821.4286,0.714,34
2544,tests/train_files/train_deep_few_none_has_large_v03.simpl,3,1575.0000,0.714,34
2545,tests/train_files/train_deep_few_none_has_medium_v01.simpl,3,1357.1428,0.714,6
2546,tests/train_files/train_deep_few_none_has_medium_v02.simpl,3,676.4706,0.714,4
2547,tests/train_files/train_deep_few_none_has_medium_v03.simpl,3,714.2856,0.714,4
2548,tests/train_files/train_deep_few_none_no_large_v01.simpl,3,1881.5790,0.713,32
2549,tests/train_files/train_deep_few_none_no_large_v02.simpl,3,1304.3478,0.713,30
2550,tests/train_files/train_deep_few_none_no_large_v03.simpl,3,1659.0909,0.713,32
2551,tests/train_files/train_deep_few_none_no_medium_v01.simpl,3,566.6666,0.713,2
2552,tests/train_files/train_deep_few_none_no_medium_v02.simpl,3,0.0000,0.713,0
2553,tests/train_files/train_deep_few_none_no_medium_v03.simpl,3,566.6666,0.713,2
2554,tests/train_files/train_deep_many_dominated_has_large_v01.simpl,3,2016.6666,0.713,24
2555,tests/train_files/train_deep_many_dominated_has_large_v02.simpl,3,1560.6060,0.713,21
2556,tests/train_files/train_deep_many_dominated_has_large_v03.simpl,3,1727.2727,0.713,22
2557,tests/train_files/train_deep_many_dominated_has_medium_v01.simpl,3,1519.6078,0.712,13
2558,tests/train_files/train_deep_many_dominated_has_medium_v02.simpl,3,1055.5555,0.712,9
2559,tests/train_files/train_deep_many_dominated_has_medium_v03.simpl,3,1422.2222,0.712,10
2560,tests/train_files/train_deep_many_dominated_no_large_v01.simpl,3,2250.0000,0.712,24
2561,tests/train_files/train_deep_many_dominated_no_large_v02.simpl,3,1726.6666,0.712,21
2562,tests/train_files/train_deep_many_dominated_no_large_v03.simpl,3,2138.4614,0.712,22
2563,tests/train_files/train_deep_many_dominated_no_medium_v01.simpl,3,1858.8235,0.712,10
2564,tests/train_files/train_deep_many_dominated_no_medium_v02.simpl,3,1400.0000,0.712,7
2565,tests/train_files/train_deep_many_dominated_no_medium_v03.simpl,3,1999.9999,0.712,8
2566,tests/train_files/train_deep_many_light_has_large_v01.simpl,3,2745.2383,0.711,31
2567,tests/train_files/train_deep_many_light_has_large_v02.simpl,3,2083.3333,0.711,28
2568,tests/train_files/train_deep_many_light_has_large_v03.simpl,3,2330.0000,0.711,29
2569,tests/train_files/train_deep_many_light_has_medium_v01.simpl,3,2083.3333,0.711,8
2570,tests/train_files/train_deep_many_light_has_medium_v02.simpl,3,1500.0000,0.711,6
2571,tests/train_files/train_deep_many_light_has_medium_v03.simpl,3,1700.0000,0.711,7
2572,tests/train_files/train_deep_many_light_no_large_v01.simpl,3,2413.0435,0.711,30
2573,tests/train_files/train_deep_many_light_no_large_v02.simpl,3,2269.5652,0.711,27
2574,tests/train_files/train_deep_many_light_no_large_v03.simpl,3,2340.7407,0.711,28
2575,tests/train_files/train_deep_many_light_no_medium_v01.simpl,3,2312.5000,0.710,10
2576,tests/train_files/train_deep_many_light_no_medium_v02.simpl,3,1400.0000,0.710,7
2577,tests/train_files/train_deep_many_light_no_medium_v03.simpl,3,1600.0000,0.710,8
2578,tests/train_files/train_deep_many_none_has_large_v01.simpl,3,2736.3638,0.710,33
2579,tests/train_files/train_deep_many_none_has_large_v02.simpl,3,2250.0000,0.710,30
2580,tests/train_files/train_deep_many_none_has_large_v03.simpl,3,2443.4783,0.710,31
2581,tests/train_files/train_deep_many_none_has_medium_v01.simpl,3,2249.9998,0.710,8
2582,tests/train_files/train_deep_many_none_has_medium_v02.simpl,3,2250.0000,0.710,6
2583,tests/train_files/train_deep_many_none_has_medium_v03.simpl,3,1833.3333,0.710,7
2584,tests/train_files/train_deep_many_none_no_large_v01.simpl,3,2895.2383,0.709,32
2585,tests/train_files/train_deep_many_none_no_large_v02.simpl,3,2246.1538,0.709,29
2586,tests/train_files/train_deep_many_none_no_large_v03.simpl,3,2516.6667,0.709,30
2587,tests/train_files/train_deep_many_none_no_medium_v01.simpl,3,2302.6316,0.709,10
2588,tests/train_files/train_deep_many_none_no_medium_v02.simpl,3,1749.9999,0.709,7
2589,tests/train_files/train_deep_many_none_no_medium_v03.simpl,3,1999.9999,0.709,8
2590,tests/train_files/train_deep_none_dominated_no_large_v01.simpl,3,1666.6667,0.709,35
2591,tests/train_files/train_deep_none_dominated_no_large_v02.simpl,3,1944.4446,0.709,35
2592,tests/train_files/train_deep_none_dominated_no_large_v03.simpl,3,1750.0000,0.709,35
2593,tests/train_files/train_deep_none_dominated_no_medium_v01.simpl,3,100.0000,0.708,1
2594,tests/train_files/train_deep_none_dominated_no_medium_v02.simpl,3,71.4286,0.708,1
2595,tests/train_files/train_deep_none_dominated_no_medium_v03.simpl,3,90.9091,0.708,1
2596,tests/train_files/train_deep_none_none_no_large_v01.simpl,3,1750.0000,0.708,35
2597,tests/train_files/train_deep_none_none_no_large_v02.simpl,3,1750.0000,0.708,35
2598,tests/train_files/train_deep_none_none_no_large_v03.simpl,3,1590.9091,0.708,35
2599,tests/train_files/train_deep_none_none_no_medium_v01.simpl,3,0.0000,0.708,0
2600,tests/train_files/train_deep_none_none_no_medium_v02.simpl,3,0.0000,0.708,0
2601,tests/train_files/train_deep_none_none_no_medium_v03.simpl,3,0.0000,0.708,0
2602,tests/train_files/train_none_few_dominated_has_large_v01.simpl,3,3633.3335,0.707,51
2603,tests/train_files/train_none_few_dominated_has_large_v02.simpl,3,4186.8130,0.707,51
2604,tests/train_files/train_none_few_dominated_has_large_v03.simpl,3,3336.1343,0.707,51
2605,tests/train_files/train_none_few_dominated_has_medium_v01.simpl,3,3749.9998,0.707,11
2606,tests/train_files/train_none_few_dominated_has_medium_v02.simpl,3,5749.9995,0.707,11
2607,tests/train_files/train_none_few_dominated_has_medium_v03.simpl,3,4333.3330,0.707,11
2608,tests/train_files/train_none_few_dominated_no_large_v01.simpl,3,3182.5398,0.707,51
2609,tests/train_files/train_none_few_dominated_no_large_v02.simpl,3,3687.4998,0.707,53
2610,tests/train_files/train_none_few_dominated_no_large_v03.simpl,3,4488.0952,0.706,51
2611,tests/train_files/train_none_few_dominated_no_medium_v01.simpl,3,3749.9998,0.706,11
2612,tests/train_files/train_none_few_dominated_no_medium_v02.simpl,3,4749.9995,0.706,13
2613,tests/train_files/train_none_few_dominated_no_medium_v03.simpl,3,4333.3330,0.706,11
2614,tests/train_files/train_none_few_light_has_large_v01.simpl,3,4071.4285,0.706,53
2615,tests/train_files/train_none_few_light_has_large_v02.simpl,3,4000.0000,0.706,53
2616,tests/train_files/train_none_few_light_has_large_v03.simpl,3,3838.0952,0.706,53
2617,tests/train_files/train_none_few_light_has_medium_v01.simpl,3,4666.6665,0.706,12
2618,tests/train_files/train_none_few_light_has_medium_v02.simpl,3,3142.8569,0.706,12
2619,tests/train_files/train_none_few_light_has_medium_v03.simpl,3,5999.9995,0.705,12
2620,tests/train_files/train_none_few_light_has_tiny_v01.simpl,3,4333.3330,0.705,11
2621,tests/train_files/train_none_few_light_has_tiny_v02.simpl,3,3749.9998,0.705,11
2622,tests/train_files/train_none_few_light_has_tiny_v03.simpl,3,4333.3330,0.705,11
2623,tests/train_files/train_none_few_light_no_large_v01.simpl,3,3944.4443,0.705,53
2624,tests/train_files/train_none_few_light_no_large_v02.simpl,3,4250.0000,0.705,55
2625,tests/train_files/train_none_few_light_no_large_v03.simpl,3,4071.4285,0.705,53
2626,tests/train_files/train_none_few_light_no_medium_v01.simpl,3,5999.9995,0.705,12
2627,tests/train_files/train_none_few_light_no_medium_v02.simpl,3,7999.9995,0.705,14
2628,tests/train_files/train_none_few_light_no_medium_v03.simpl,3,6666.6665,0.704,12
2629,tests/train_files/train_none_few_light_no_tiny_v01.simpl,3,5749.9995,0.704,11
2630,tests/train_files/train_none_few_light_no_tiny_v02.simpl,3,4749.9995,0.704,13
2631,tests/train_files/train_none_few_light_no_tiny_v03.simpl,3,5749.9995,0.704,11
2632,tests/train_files/train_none_few_none_has_large_v01.simpl,3,3184.2107,0.704,55
2633,tests/train_files/train_none_few_none_has_large_v02.simpl,3,3499.9998,0.704,55
2634,tests/train_files/train_none_few_none_has_large_v03.simpl,3,3687.4998,0.704,55
2635,tests/train_files/train_none_few_none_has_medium_v01.simpl,3,4666.6665,0.704,14
2636,tests/train_files/train_none_few_none_has_medium_v02.simpl,3,5250.0000,0.704,14
2637,tests/train_files/train_none_few_none_has_medium_v03.simpl,3,7333.3330,0.703,14
2638,tests/train_files/train_none_few_none_has_tiny_v01.simpl,3,6333.3330,0.703,11
2639,tests/train_files/train_none_few_none_has_tiny_v02.simpl,3,3749.9998,0.703,11
2640,tests/train_files/train_none_few_none_has_tiny_v03.simpl,3,6333.3330,0.703,11
2641,tests/train_files/train_none_few_none_no_large_v01.simpl,3,3758.9282,0.703,55
2642,tests/train_files/train_none_few_none_no_large_v02.simpl,3,3937.4998,0.703,57
2643,tests/train_files/train_none_few_none_no_large_v03.simpl,3,4494.5054,0.703,55
2644,tests/train_files/train_none_few_none_no_medium_v01.simpl,3,4500.0000,0.703,14
2645,tests/train_files/train_none_few_none_no_medium_v02.simpl,3,8500.0000,0.703,16
2646,tests/train_files/train_none_few_none_no_medium_v03.simpl,3,7333.3330,0.702,14
2647,tests/train_files/train_none_few_none_no_tiny_v01.simpl,3,4333.3330,0.702,11
2648,tests/train_files/train_none_few_none_no_tiny_v02.simpl,3,8333.3330,0.702,13
2649,tests/train_files/train_none_few_none_no_tiny_v03.simpl,3,5166.6665,0.702,11
2650,tests/train_files/train_none_many_dominated_has_large_v01.simpl,3,4416.6665,0.702,48
2651,tests/train_files/train_none_many_dominated_has_large_v02.simpl,3,4916.6665,0.702,51
2652,tests/train_files/train_none_many_dominated_has_large_v03.simpl,3,4271.4287,0.702,49
2653,tests/train_files/train_none_many_dominated_has_medium_v01.simpl,3,5500.0000,0.702,20
2654,tests/train_files/train_none_many_dominated_has_medium_v02.simpl,3,7000.0000,0.702,23
2655,tests/train_files/train_none_many_dominated_has_medium_v03.simpl,3,5500.0000,0.701,21
2656,tests/train_files/train_none_many_dominated_no_large_v01.simpl,3,4250.0000,0.701,47
2657,tests/train_files/train_none_many_dominated_no_large_v02.simpl,3,4750.0000,0.701,50
2658,tests/train_files/train_none_many_dominated_no_large_v03.simpl,3,4909.0908,0.701,48
2659,tests/train_files/train_none_many_dominated_no_medium_v01.simpl,3,5000.0000,0.701,19
2660,tests/train_files/train_none_many_dominated_no_medium_v02.simpl,3,6500.0000,0.701,22
2661,tests/train_files/train_none_many_dominated_no_medium_v03.simpl,3,5500.0000,0.701,20
2662,tests/train_files/train_none_many_light_has_large_v01.simpl,3,3980.9524,0.701,54
2663,tests/train_files/train_none_many_light_has_large_v02.simpl,3,4025.2100,0.701,57
2664,tests/train_files/train_none_many_light_has_large_v03.simpl,3,4123.8096,0.700,55
2665,tests/train_files/train_none_many_light_has_medium_v01.simpl,3,5500.0000,0.700,20
2666,tests/train_files/train_none_many_light_has_medium_v02.simpl,3,7749.9995,0.700,23
2667,tests/train_files/train_none_many_light_has_medium_v03.simpl,3,6749.9995,0.700,21
2668,tests/train_files/train_none_many_light_no_large_v01.simpl,3,3633.9282,0.700,53
2669,tests/train_files/train_none_many_light_no_large_v02.simpl,3,4062.4998,0.700,56
2670,tests/train_files/train_none_many_light_no_large_v03.simpl,3,3895.8330,0.700,54
2671,tests/train_files/train_none_many_light_no_medium_v01.simpl,3,5000.0000,0.700,19
2672,tests/train_files/train_none_many_light_no_medium_v02.simpl,3,6500.0000,0.700,22
2673,tests/train_files/train_none_many_light_no_medium_v03.simpl,3,8000.0000,0.699,20
2674,tests/train_files/train_none_many_none_has_large_v01.simpl,3,3004.5454,0.699,56
2675,tests/train_files/train_none_many_none_has_large_v02.simpl,3,4642.8569,0.699,59
2676,tests/train_files/train_none_many_none_has_large_v03.simpl,3,4923.0771,0.699,57
2677,tests/train_files/train_none_many_none_has_medium_v01.simpl,3,5500.0000,0.699,20
2678,tests/train_files/train_none_many_none_has_medium_v02.simpl,3,7749.9995,0.699,23
2679,tests/train_files/train_none_many_none_has_medium_v03.simpl,3,6749.9995,0.699,21
2680,tests/train_files/train_none_many_none_no_large_v01.simpl,3,3971.4285,0.699,55
2681,tests/train_files/train_none_many_none_no_large_v02.simpl,3,4923.0767,0.698,58
2682,tests/train_files/train_none_many_none_no_large_v03.simpl,3,4756.4102,0.698,56
2683,tests/train_files/train_none_many_none_no_medium_v01.simpl,3,5000.0000,0.698,19
2684,tests/train_files/train_none_many_none_no_medium_v02.simpl,3,7249.9995,0.698,22
2685,tests/train_files/train_none_many_none_no_medium_v03.simpl,3,7500.0000,0.698,20
2686,tests/train_files/train_none_none_dominated_no_large_v01.simpl,3,3500.0000,0.698,49
2687,tests/train_files/train_none_none_dominated_no_large_v02.simpl,5,3769.2307,0.698,49
2688,tests/train_files/train_none_none_dominated_no_large_v03.simpl,5,3769.2307,0.698,49
2689,tests/train_files/train_none_none_dominated_no_medium_v01.simpl,5,2666.6667,0.698,8
2690,tests/train_files/train_none_none_dominated_no_medium_v02.simpl,5,1999.9999,0.697,8
2691,tests/train_files/train_none_none_dominated_no_medium_v03.simpl,5,3999.9998,0.697,8
2692,tests/train_files/train_none_none_dominated_no_tiny_v01.simpl,5,500.0000,0.697,1
2693,tests/train_files/train_none_none_dominated_no_tiny_v02.simpl,5,333.3333,0.697,1
2694,tests/train_files/train_none_none_dominated_no_tiny_v03.simpl,5,500.0000,0.697,1
2695,tests/train_files/train_none_none_none_no_large_v01.simpl,5,2865.0796,0.697,50
2696,tests/train_files/train_none_none_none_no_large_v02.simpl,5,3912.0879,0.697,50
2697,tests/train_files/train_none_none_none_no_large_v03.simpl,5,3025.2100,0.697,50
2698,tests/train_files/train_none_none_none_no_medium_v01.simpl,5,3166.6667,0.697,9
2699,tests/train_files/train_none_none_none_no_medium_v02.simpl,5,3666.6667,0.696,9
2700,tests/train_files/train_none_none_none_no_medium_v03.simpl,5,2142.8569,0.696,9
2701,tests/train_files/train_none_none_none_no_tiny_v01.simpl,5,1333.3333,0.696,2
2702,tests/train_files/train_none_none_none_no_tiny_v02.simpl,5,1499.9999,0.696,2
2703,tests/train_files/train_none_none_none_no_tiny_v03.simpl,5,1333.3333,0.696,2
2704,tests/train_files/train_shallow_few_dominated_has_large_v01.simpl,5,2166.6667,0.696,39
2705,tests/train_files/train_shallow_few_dominated_has_large_v02.simpl,5,2000.0000,0.696,37
2706,tests/train_files/train_shallow_few_dominated_has_large_v03.simpl,5,2061.4036,0.696,37
2707,tests/train_files/train_shallow_few_dominated_has_medium_v01.simpl,5,1500.0000,0.696,6
2708,tests/train_files/train_shallow_few_dominated_has_medium_v02.simpl,5,772.7272,0.695,4
2709,tests/train_files/train_shallow_few_dominated_has_medium_v03.simpl,5,1300.0000,0.695,4
2710,tests/train_files/train_shallow_few_dominated_no_large_v01.simpl,5,2138.8889,0.695,35
2711,tests/train_files/train_shallow_few_dominated_no_large_v02.simpl,5,1833.3334,0.695,33
2712,tests/train_files/train_shallow_few_dominated_no_large_v03.simpl,5,1989.4738,0.695,35
2713,tests/train_files/train_shallow_few_dominated_no_medium_v01.simpl,5,600.0000,0.695,2
2714,tests/train_files/train_shallow_few_dominated_no_medium_v02.simpl,5,0.0000,0.695,0
2715,tests/train_files/train_shallow_few_dominated_no_medium_v03.simpl,5,571.4285,0.695,2
2716,tests/train_files/train_shallow_few_light_has_large_v01.simpl,5,2422.2224,0.695,41
2717,tests/train_files/train_shallow_few_light_has_large_v02.simpl,5,2311.1111,0.694,39
2718,tests/train_files/train_shallow_few_light_has_large_v03.simpl,5,2166.6667,0.694,39
2719,tests/train_files/train_shallow_few_light_has_medium_v01.simpl,5,1500.0000,0.694,6
2720,tests/train_files/train_shallow_few_light_has_medium_v02.simpl,5,750.0000,0.694,4
2721,tests/train_files/train_shallow_few_light_has_medium_v03.simpl,5,1333.3333,0.694,4
2722,tests/train_files/train_shallow_few_light_no_large_v01.simpl,5,2144.7368,0.694,37
2723,tests/train_files/train_shallow_few_light_no_large_v02.simpl,5,1666.6667,0.694,35
2724,tests/train_files/train_shallow_few_light_no_large_v03.simpl,5,1886.3636,0.694,37
2725,tests/train_files/train_shallow_few_light_no_medium_v01.simpl,5,611.1111,0.694,2
2726,tests/train_files/train_shallow_few_light_no_medium_v02.simpl,5,0.0000,0.693,0
2727,tests/train_files/train_shallow_few_light_no_medium_v03.simpl,5,576.9230,0.693,2
2728,tests/train_files/train_shallow_few_none_has_large_v01.simpl,5,2476.1907,0.693,43
2729,tests/train_files/train_shallow_few_none_has_large_v02.simpl,5,2422.2224,0.693,41
2730,tests/train_files/train_shallow_few_none_has_large_v03.simpl,5,2166.6667,0.693,41
2731,tests/train_files/train_shallow_few_none_has_medium_v01.simpl,5,1055.5555,0.693,6
2732,tests/train_files/train_shallow_few_none_has_medium_v02.simpl,5,1300.0000,0.693,4
2733,tests/train_files/train_shallow_few_none_has_medium_v03.simpl,5,772.7272,0.693,4
2734,tests/train_files/train_shallow_few_none_no_large_v01.simpl,5,2200.0000,0.693,39
2735,tests/train_files/train_shallow_few_none_no_large_v02.simpl,5,1947.3685,0.692,37
2736,tests/train_files/train_shallow_few_none_no_large_v03.simpl,5,2200.0000,0.692,39
2737,tests/train_files/train_shallow_few_none_no_medium_v01.simpl,5,600.0000,0.692,2
2738,tests/train_files/train_shallow_few_none_no_medium_v02.simpl,5,0.0000,0.692,0
2739,tests/train_files/train_shallow_few_none_no_medium_v03.simpl,5,611.1111,0.692,2
2740,tests/train_files/train_shallow_many_dominated_has_large_v01.simpl,5,3100.0000,0.692,32
2741,tests/train_files/train_shallow_many_dominated_has_large_v02.simpl,5,2477.7778,0.692,29
2742,tests/train_files/train_shallow_many_dominated_has_large_v03.simpl,5,2527.7778,0.692,30
2743,tests/train_files/train_shallow_many_dominated_has_medium_v01.simpl,5,2916.6665,0.692,11
2744,tests/train_files/train_shallow_many_dominated_has_medium_v02.simpl,5,1903.8462,0.691,8
2745,tests/train_files/train_shallow_many_dominated_has_medium_v03.simpl,5,2153.8459,0.691,9
2746,tests/train_files/train_shallow_many_dominated_no_large_v01.simpl,5,3022.2222,0.691,31
2747,tests/train_files/train_shallow_many_dominated_no_large_v02.simpl,5,2566.6667,0.691,28
2748,tests/train_files/train_shallow_many_dominated_no_large_v03.simpl,5,2568.6274,0.691,29
2749,tests/train_files/train_shallow_many_dominated_no_medium_v01.simpl,5,2326.9231,0.691,10
2750,tests/train_files/train_shallow_many_dominated_no_medium_v02.simpl,5,2333.3333,0.691,7
2751,tests/train_files/train_shallow_many_dominated_no_medium_v03.simpl,5,1999.9999,0.691,8
2752,tests/train_files/train_shallow_many_light_has_large_v01.simpl,5,3266.6667,0.691,38
2753,tests/train_files/train_shallow_many_light_has_large_v02.simpl,5,2700.0000,0.690,35
2754,tests/train_files/train_shallow_many_light_has_large_v03.simpl,5,2460.8696,0.690,36
2755,tests/train_files/train_shallow_many_light_has_medium_v01.simpl,5,3022.7271,0.690,11
2756,tests/train_files/train_shallow_many_light_has_medium_v02.simpl,5,2403.8462,0.690,8
2757,tests/train_files/train_shallow_many_light_has_medium_v03.simpl,5,2653.8462,0.690,9
2758,tests/train_files/train_shallow_many_light_no_large_v01.simpl,5,2833.3335,0.690,37
2759,tests/train_files/train_shallow_many_light_no_large_v02.simpl,5,2685.7144,0.690,34
2760,tests/train_files/train_shallow_many_light_no_large_v03.simpl,5,2950.0000,0.690,35
2761,tests/train_files/train_shallow_many_light_no_medium_v01.simpl,5,1890.9091,0.690,10
2762,tests/train_files/train_shallow_many_light_no_medium_v02.simpl,5,2333.3333,0.689,7
2763,tests/train_files/train_shallow_many_light_no_medium_v03.simpl,5,1999.9999,0.689,8
2764,tests/train_files/train_shallow_many_none_has_large_v01.simpl,5,3284.2104,0.689,40
2765,tests/train_files/train_shallow_many_none_has_large_v02.simpl,5,2831.5791,0.689,37
2766,tests/train_files/train_shallow_many_none_has_large_v03.simpl,5,2876.1904,0.689,38
2767,tests/train_files/train_shallow_many_none_has_medium_v01.simpl,5,3106.0605,0.689,11
2768,tests/train_files/train_shallow_many_none_has_medium_v02.simpl,5,2153.8462,0.689,8
2769,tests/train_files/train_shallow_many_none_has_medium_v03.simpl,5,2466.6667,0.689,9
2770,tests/train_files/train_shallow_many_none_no_large_v01.simpl,5,3466.6667,0.688,39
2771,tests/train_files/train_shallow_many_none_no_large_v02.simpl,5,2780.9524,0.688,36
2772,tests/train_files/train_shallow_many_none_no_large_v03.simpl,5,2714.2856,0.688,37
2773,tests/train_files/train_shallow_many_none_no_medium_v01.simpl,5,3090.9092,0.688,10
2774,tests/train_files/train_shallow_many_none_no_medium_v02.simpl,5,1749.9999,0.688,7
2775,tests/train_files/train_shallow_many_none_no_medium_v03.simpl,5,2666.6667,0.688,8
2776,tests/train_files/train_shallow_none_dominated_no_large_v01.simpl,5,2100.0000,0.688,42
2777,tests/train_files/train_shallow_none_dominated_no_large_v02.simpl,5,2624.9998,0.688,42
2778,tests/train_files/train_shallow_none_dominated_no_large_v03.simpl,5,2333.3335,0.688,42
2779,tests/train_files/train_shallow_none_dominated_no_medium_v01.simpl,5,142.8571,0.687,1
2780,tests/train_files/train_shallow_none_dominated_no_medium_v02.simpl,5,90.9091,0.687,1
2781,tests/train_files/train_shallow_none_dominated_no_medium_v03.simpl,5,142.8571,0.687,1
2782,tests/train_files/train_shallow_none_none_no_large_v01.simpl,5,2100.0000,0.687,42
2783,tests/train_files/train_shallow_none_none_no_large_v02.simpl,5,2210.5264,0.687,42
2784,tests/train_files/train_shallow_none_none_no_large_v03.simpl,5,2210.5264,0.687,42
2785,tests/train_files/train_shallow_none_none_no_medium_v01.simpl,5,111.1111,0.687,1
2786,tests/train_files/train_shallow_none_none_no_medium_v02.simpl,5,125.0000,0.687,1
2787,tests/train_files/train_shallow_none_none_no_medium_v03.simpl,5,111.1111,0.687,1
2788,tests/train_files/train_shallow_none_none_no_tiny_v01.simpl,5,0.0000,0.686,0
2789,tests/train_files/train_shallow_none_none_no_tiny_v02.simpl,5,0.0000,0.686,0
2790,tests/train_files/train_shallow_none_none_no_tiny_v03.simpl,5,0.0000,0.686,0
2791,tests/train_files/train_deep_few_dominated_has_large_v01.simpl,5,1597.8260,0.686,32
2792,tests/train_files/train_deep_few_dominated_has_large_v02.simpl,5,1568.1819,0.686,30
2793,tests/train_files/train_deep_few_dominated_has_large_v03.simpl,5,1375.0000,0.686,30
2794,tests/train_files/train_deep_few_dominated_has_medium_v01.simpl,5,833.3333,0.686,6
2795,tests/train_files/train_deep_few_dominated_has_medium_v02.simpl,5,533.3334,0.686,4
2796,tests/train_files/train_deep_few_dominated_has_medium_v03.simpl,5,1166.6666,0.686,4
2797,tests/train_files/train_deep_few_dominated_no_large_v01.simpl,5,1550.0000,0.685,28
2798,tests/train_files/train_deep_few_dominated_no_large_v02.simpl,5,1181.8182,0.685,26
2799,tests/train_files/train_deep_few_dominated_no_large_v03.simpl,5,1423.9131,0.685,28
2800,tests/train_files/train_deep_few_dominated_no_medium_v01.simpl,5,395.8333,0.685,2
2801,tests/train_files/train_deep_few_dominated_no_medium_v02.simpl,5,0.0000,0.685,0
2802,tests/train_files/train_deep_few_dominated_no_medium_v03.simpl,5,562.4999,0.685,2
2803,tests/train_files/train_deep_few_light_has_large_v01.simpl,5,1520.0000,0.685,34
2804,tests/train_files/train_deep_few_light_has_large_v02.simpl,5,1676.1906,0.685,32
2805,tests/train_files/train_deep_few_light_has_large_v03.simpl,5,1609.0909,0.685,32
2806,tests/train_files/train_deep_few_light_has_medium_v01.simpl,5,1294.1176,0.684,6
2807,tests/train_files/train_deep_few_light_has_medium_v02.simpl,5,714.2856,0.684,4
2808,tests/train_files/train_deep_few_light_has_medium_v03.simpl,5,533.3334,0.684,4
2809,tests/train_files/train_deep_few_light_no_large_v01.simpl,5,1460.8695,0.684,30
2810,tests/train_files/train_deep_few_light_no_large_v02.simpl,5,1333.3334,0.684,28
2811,tests/train_files/train_deep_few_light_no_large_v03.simpl,5,1410.0000,0.684,30
2812,tests/train_files/train_deep_few_light_no_medium_v01.simpl,5,571.4285,0.684,2
2813,tests/train_files/train_deep_few_light_no_medium_v02.simpl,5,0.0000,0.684,0
2814,tests/train_files/train_deep_few_light_no_medium_v03.simpl,5,410.2564,0.684,2
2815,tests/train_files/train_deep_few_none_has_large_v01.simpl,5,1542.8572,0.683,36
2816,tests/train_files/train_deep_few_none_has_large_v02.simpl,5,1821.4286,0.683,34
2817,tests/train_files/train_deep_few_none_has_large_v03.simpl,5,1337.9310,0.683,34
2818,tests/train_files/train_deep_few_none_has_medium_v01.simpl,5,1333.3333,0.683,6
2819,tests/train_files/train_deep_few_none_has_medium_v02.simpl,5,1200.0000,0.683,4
2820,tests/train_files/train_deep_few_none_has_medium_v03.simpl,5,700.0000,0.683,4
2821,tests/train_files/train_deep_few_none_no_large_v01.simpl,5,1676.1906,0.683,32
2822,tests/train_files/train_deep_few_none_no_large_v02.simpl,5,1363.6364,0.683,30
2823,tests/train_files/train_deep_few_none_no_large_v03.simpl,5,1659.0909,0.683,32
2824,tests/train_files/train_deep_few_none_no_medium_v01.simpl,5,571.4285,0.682,2
2825,tests/train_files/train_deep_few_none_no_medium_v02.simpl,5,0.0000,0.682,0
2826,tests/train_files/train_deep_few_none_no_medium_v03.simpl,5,571.4285,0.682,2
2827,tests/train_files/train_deep_many_dominated_has_large_v01.simpl,5,2226.1904,0.682,25
2828,tests/train_files/train_deep_many_dominated_has_large_v02.simpl,5,2028.9855,0.682,22
2829,tests/train_files/train_deep_many_dominated_has_large_v03.simpl,5,2145.6521,0.682,23
2830,tests/train_files/train_deep_many_dominated_has_medium_v01.simpl,5,2602.9409,0.682,14
2831,tests/train_files/train_deep_many_dominated_has_medium_v02.simpl,5,1555.5557,0.682,10
2832,tests/train_files/train_deep_many_dominated_has_medium_v03.simpl,5,1743.8597,0.682,11
2833,tests/train_files/train_deep_many_dominated_no_large_v01.simpl,5,2250.0000,0.681,24
2834,tests/train_files/train_deep_many_dominated_no_large_v02.simpl,5,1726.6666,0.681,21
2835,tests/train_files/train_deep_many_dominated_no_large_v03.simpl,5,1916.6667,0.681,22
2836,tests/train_files/train_deep_many_dominated_no_medium_v01.simpl,5,2302.6316,0.681,10
2837,tests/train_files/train_deep_many_dominated_no_medium_v02.simpl,5,1749.9999,0.681,7
2838,tests/train_files/train_deep_many_dominated_no_medium_v03.simpl,5,1600.0000,0.681,8
2839,tests/train_files/train_deep_many_light_has_large_v01.simpl,5,2695.4546,0.681,31
2840,tests/train_files/train_deep_many_light_has_large_v02.simpl,5,2206.5217,0.681,28
2841,tests/train_files/train_deep_many_light_has_large_v03.simpl,5,2156.5217,0.681,29
2842,tests/train_files/train_deep_many_light_has_medium_v01.simpl,5,2602.9409,0.680,14
2843,tests/train_files/train_deep_many_light_has_medium_v02.simpl,5,1985.2941,0.680,10
2844,tests/train_files/train_deep_many_light_has_medium_v03.simpl,5,1710.5264,0.680,11
2845,tests/train_files/train_deep_many_light_no_large_v01.simpl,5,2850.0000,0.680,30
2846,tests/train_files/train_deep_many_light_no_large_v02.simpl,5,2309.0908,0.680,27
2847,tests/train_files/train_deep_many_light_no_large_v03.simpl,5,2242.4243,0.680,28
2848,tests/train_files/train_deep_many_light_no_medium_v01.simpl,5,3058.8235,0.680,10
2849,tests/train_files/train_deep_many_light_no_medium_v02.simpl,5,1749.9999,0.680,7
2850,tests/train_files/train_deep_many_light_no_medium_v03.simpl,5,1999.9999,0.679,8
2851,tests/train_files/train_deep_many_none_has_large_v01.simpl,5,2786.3638,0.679,33
2852,tests/train_files/train_deep_many_none_has_large_v02.simpl,5,2340.9092,0.679,30
2853,tests/train_files/train_deep_many_none_has_large_v03.simpl,5,2400.0000,0.679,31
2854,tests/train_files/train_deep_many_none_has_medium_v01.simpl,5,2602.9409,0.679,14
2855,tests/train_files/train_deep_many_none_has_medium_v02.simpl,5,1972.2222,0.679,10
2856,tests/train_files/train_deep_many_none_has_medium_v03.simpl,5,2222.2222,0.679,11
2857,tests/train_files/train_deep_many_none_no_large_v01.simpl,5,2758.3333,0.679,32
2858,tests/train_files/train_deep_many_none_no_large_v02.simpl,5,1981.4814,0.679,29
2859,tests/train_files/train_deep_many_none_no_large_v03.simpl,5,2446.1538,0.678,30
2860,tests/train_files/train_deep_many_none_no_medium_v01.simpl,5,1858.8235,0.678,10
2861,tests/train_files/train_deep_many_none_no_medium_v02.simpl,5,1749.9999,0.678,7
2862,tests/train_files/train_deep_many_none_no_medium_v03.simpl,5,1999.9999,0.678,8
2863,tests/train_files/train_deep_none_dominated_no_large_v01.simpl,5,1590.9091,0.678,35
2864,tests/train_files/train_deep_none_dominated_no_large_v02.simpl,5,1944.4446,0.678,35
2865,tests/train_files/train_deep_none_dominated_no_large_v03.simpl,5,1842.1053,0.678,35
2866,tests/train_files/train_deep_none_dominated_no_medium_v01.simpl,5,90.9091,0.678,1
2867,tests/train_files/train_deep_none_dominated_no_medium_v02.simpl,5,90.9091,0.678,1
2868,tests/train_files/train_deep_none_dominated_no_medium_v03.simpl,5,100.0000,0.677,1
2869,tests/train_files/train_deep_none_none_no_large_v01.simpl,5,1590.9091,0.677,35
2870,tests/train_files/train_deep_none_none_no_large_v02.simpl,5,1590.9091,0.677,35
2871,tests/train_files/train_deep_none_none_no_large_v03.simpl,5,1590.9091,0.677,35
2872,tests/train_files/train_deep_none_none_no_medium_v01.simpl,5,0.0000,0.677,0
2873,tests/train_files/train_deep_none_none_no_medium_v02.simpl,5,0.0000,0.677,0
2874,tests/train_files/train_deep_none_none_no_medium_v03.simpl,5,0.0000,0.677,0
2875,tests/train_files/train_none_few_dominated_has_large_v01.simpl,5,4186.8130,0.677,51
2876,tests/train_files/train_none_few_dominated_has_large_v02.simpl,5,3508.9282,0.677,51
2877,tests/train_files/train_none_few_dominated_has_large_v03.simpl,5,3508.9282,0.676,51
2878,tests/train_files/train_none_few_dominated_has_medium_v01.simpl,5,3749.9998,0.676,11
2879,tests/train_files/train_none_few_dominated_has_medium_v02.simpl,5,5749.9995,0.676,11
2880,tests/train_files/train_none_few_dominated_has_medium_v03.simpl,5,6333.3330,0.676,11
2881,tests/train_files/train_none_few_dominated_no_large_v01.simpl,5,3928.5713,0.676,51
2882,tests/train_files/train_none_few_dominated_no_large_v02.simpl,5,4365.3843,0.676,53
2883,tests/train_files/train_none_few_dominated_no_large_v03.simpl,5,4023.8096,0.676,51
2884,tests/train_files/train_none_few_dominated_no_medium_v01.simpl,5,6333.3330,0.676,11
2885,tests/train_files/train_none_few_dominated_no_medium_v02.simpl,5,8333.3330,0.676,13
2886,tests/train_files/train_none_few_dominated_no_medium_v03.simpl,5,7499.9995,0.675,11
2887,tests/train_files/train_none_few_light_has_large_v01.simpl,5,3838.0952,0.675,53
2888,tests/train_files/train_none_few_light_has_large_v02.simpl,5,3838.0952,0.675,53
2889,tests/train_files/train_none_few_light_has_large_v03.simpl,5,4340.6592,0.675,53
2890,tests/train_files/train_none_few_light_has_medium_v01.simpl,5,3999.9998,0.675,12
2891,tests/train_files/train_none_few_light_has_medium_v02.simpl,5,5333.3330,0.675,12
2892,tests/train_files/train_none_few_light_has_medium_v03.simpl,5,3999.9998,0.675,12
2893,tests/train_files/train_none_few_light_has_tiny_v01.simpl,5,7499.9995,0.675,11
2894,tests/train_files/train_none_few_light_has_tiny_v02.simpl,5,3749.9998,0.675,11
2895,tests/train_files/train_none_few_light_has_tiny_v03.simpl,5,4333.3330,0.674,11
2896,tests/train_files/train_none_few_light_no_large_v01.simpl,5,3766.6667,0.674,53
2897,tests/train_files/train_none_few_light_no_large_v02.simpl,5,4519.2305,0.674,55
2898,tests/train_files/train_none_few_light_no_large_v03.simpl,5,4340.6592,0.674,53
2899,tests/train_files/train_none_few_light_no_medium_v01.simpl,5,2666.6667,0.674,12
2900,tests/train_files/train_none_few_light_no_medium_v02.simpl,5,5666.6665,0.674,14
2901,tests/train_files/train_none_few_light_no_medium_v03.simpl,5,4000.0000,0.674,12
2902,tests/train_files/train_none_few_light_no_tiny_v01.simpl,5,5749.9995,0.674,11
2903,tests/train_files/train_none_few_light_no_tiny_v02.simpl,5,3999.9998,0.674,13
2904,tests/train_files/train_none_few_light_no_tiny_v03.simpl,5,3749.9998,0.673,11
2905,tests/train_files/train_none_few_none_has_large_v01.simpl,5,3499.9998,0.673,55
2906,tests/train_files/train_none_few_none_has_large_v02.simpl,5,4142.8569,0.673,55
2907,tests/train_files/train_none_few_none_has_large_v03.simpl,5,4214.2856,0.673,55
2908,tests/train_files/train_none_few_none_has_medium_v01.simpl,5,6500.0000,0.673,14
2909,tests/train_files/train_none_few_none_has_medium_v02.simpl,5,4666.6665,0.673,14
2910,tests/train_files/train_none_few_none_has_medium_v03.simpl,5,5333.3330,0.673,14
2911,tests/train_files/train_none_few_none_has_tiny_v01.simpl,5,6333.3330,0.673,11
2912,tests/train_files/train_none_few_none_has_tiny_v02.simpl,5,6333.3330,0.673,11
2913,tests/train_files/train_none_few_none_has_tiny_v03.simpl,5,6333.3330,0.672,11
2914,tests/train_files/train_none_few_none_no_large_v01.simpl,5,3900.0000,0.672,55
2915,tests/train_files/train_none_few_none_no_large_v02.simpl,5,4257.1426,0.672,57
2916,tests/train_files/train_none_few_none_no_large_v03.simpl,5,4423.0767,0.672,55
2917,tests/train_files/train_none_few_none_no_medium_v01.simpl,5,5333.3330,0.672,14
2918,tests/train_files/train_none_few_none_no_medium_v02.simpl,5,6333.3330,0.672,16
2919,tests/train_files/train_none_few_none_no_medium_v03.simpl,5,4500.0000,0.672,14
2920,tests/train_files/train_none_few_none_no_tiny_v01.simpl,5,5749.9995,0.672,11
2921,tests/train_files/train_none_few_none_no_tiny_v02.simpl,5,8333.3330,0.672,13
2922,tests/train_files/train_none_few_none_no_tiny_v03.simpl,5,6333.3330,0.671,11
2923,tests/train_files/train_none_many_dominated_has_large_v01.simpl,5,3700.0000,0.671,48
2924,tests/train_files/train_none_many_dominated_has_large_v02.simpl,5,4200.0000,0.671,51
2925,tests/train_files/train_none_many_dominated_has_large_v03.simpl,5,4583.3330,0.671,49
2926,tests/train_files/train_none_many_dominated_has_medium_v01.simpl,5,4666.6665,0.671,20
2927,tests/train_files/train_none_many_dominated_has_medium_v02.simpl,5,7000.0000,0.671,23
2928,tests/train_files/train_none_many_dominated_has_medium_v03.simpl,5,6000.0000,0.671,21
2929,tests/train_files/train_none_many_dominated_no_large_v01.simpl,5,3533.3335,0.671,47
2930,tests/train_files/train_none_many_dominated_no_large_v02.simpl,5,5075.7573,0.670,50
2931,tests/train_files/train_none_many_dominated_no_large_v03.simpl,5,4416.6665,0.670,48
2932,tests/train_files/train_none_many_dominated_no_medium_v01.simpl,5,5000.0000,0.670,19
2933,tests/train_files/train_none_many_dominated_no_medium_v02.simpl,5,6500.0000,0.670,22
2934,tests/train_files/train_none_many_dominated_no_medium_v03.simpl,5,4166.6665,0.670,20
2935,tests/train_files/train_none_many_light_has_large_v01.simpl,5,4394.2305,0.670,54
2936,tests/train_files/train_none_many_light_has_large_v02.simpl,5,4025.2100,0.670,57
2937,tests/train_files/train_none_many_light_has_large_v03.simpl,5,5083.3330,0.670,55
2938,tests/train_files/train_none_many_light_has_medium_v01.simpl,5,5500.0000,0.670,20
2939,tests/train_files/train_none_many_light_has_medium_v02.simpl,5,7000.0000,0.669,23
2940,tests/train_files/train_none_many_light_has_medium_v03.simpl,5,6000.0000,0.669,21
2941,tests/train_files/train_none_many_light_no_large_v01.simpl,5,4340.6592,0.669,53
2942,tests/train_files/train_none_many_light_no_large_v02.simpl,5,4062.4998,0.669,56
2943,tests/train_files/train_none_many_light_no_large_v03.simpl,5,4916.6665,0.669,54
2944,tests/train_files/train_none_many_light_no_medium_v01.simpl,5,5749.9995,0.669,19
2945,tests/train_files/train_none_many_light_no_medium_v02.simpl,5,10000.0000,0.669,22
2946,tests/train_files/train_none_many_light_no_medium_v03.simpl,5,4000.0000,0.669,20
2947,tests/train_files/train_none_many_none_has_large_v01.simpl,5,4267.8569,0.669,56
2948,tests/train_files/train_none_many_none_has_large_v02.simpl,5,4542.8569,0.668,59
2949,tests/train_files/train_none_many_none_has_large_v03.simpl,5,4257.1426,0.668,57
2950,tests/train_files/train_none_many_none_has_medium_v01.simpl,5,6250.0000,0.668,20
2951,tests/train_files/train_none_many_none_has_medium_v02.simpl,5,5874.9995,0.668,23
2952,tests/train_files/train_none_many_none_has_medium_v03.simpl,5,6000.0000,0.668,21
2953,tests/train_files/train_none_many_none_no_large_v01.simpl,5,4142.8569,0.668,55
2954,tests/train_files/train_none_many_none_no_large_v02.simpl,5,4798.0767,0.668,58
2955,tests/train_files/train_none_many_none_no_large_v03.simpl,5,4637.3628,0.668,56
2956,tests/train_files/train_none_many_none_no_medium_v01.simpl,5,7749.9995,0.668,19
2957,tests/train_files/train_none_many_none_no_medium_v02.simpl,5,8500.0000,0.667,22
2958,tests/train_files/train_none_many_none_no_medium_v03.simpl,5,6250.0000,0.667,20
2959,tests/train_files/train_none_none_dominated_no_large_v01.simpl,5,3769.2307,0.667,49
2960,tests/train_files/train_none_none_dominated_no_large_v02.simpl,5,3769.2307,0.667,49
2961,tests/train_files/train_none_none_dominated_no_large_v03.simpl,5,3062.4998,0.667,49
2962,tests/train_files/train_none_none_dominated_no_medium_v01.simpl,5,999.9999,0.667,8
2963,tests/train_files/train_none_none_dominated_no_medium_v02.simpl,5,2666.6667,0.667,8
2964,tests/train_files/train_none_none_dominated_no_medium_v03.simpl,5,1999.9999,0.667,8
2965,tests/train_files/train_none_none_dominated_no_tiny_v01.simpl,5,500.0000,0.667,1
2966,tests/train_files/train_none_none_dominated_no_tiny_v02.simpl,5,333.3333,0.666,1
2967,tests/train_files/train_none_none_dominated_no_tiny_v03.simpl,5,333.3333,0.666,1
2968,tests/train_files/train_none_none_none_no_large_v01.simpl,5,3187.4998,0.666,50
2969,tests/train_files/train_none_none_none_no_large_v02.simpl,5,3409.5239,0.666,50
2970,tests/train_files/train_none_none_none_no_large_v03.simpl,5,3025.2100,0.666,50
2971,tests/train_files/train_none_none_none_no_medium_v01.simpl,5,2142.8569,0.666,9
2972,tests/train_files/train_none_none_none_no_medium_v02.simpl,5,3666.6667,0.666,9
2973,tests/train_files/train_none_none_none_no_medium_v03.simpl,5,2999.9998,0.666,9
2974,tests/train_files/train_none_none_none_no_tiny_v01.simpl,5,1499.9999,0.666,2
2975,tests/train_files/train_none_none_none_no_tiny_v02.simpl,5,1499.9999,0.665,2
2976,tests/train_files/train_none_none_none_no_tiny_v03.simpl,5,1499.9999,0.665,2
2977,tests/train_files/train_shallow_few_dominated_has_large_v01.simpl,5,2311.1111,0.665,39
2978,tests/train_files/train_shallow_few_dominated_has_large_v02.simpl,5,2367.6470,0.665,37
2979,tests/train_files/train_shallow_few_dominated_has_large_v03.simpl,5,1803.0303,0.665,37
2980,tests/train_files/train_shallow_few_dominated_has_medium_v01.simpl,5,884.6154,0.665,6
2981,tests/train_files/train_shallow_few_dominated_has_medium_v02.simpl,5,833.3333,0.665,4
2982,tests/train_files/train_shallow_few_dominated_has_medium_v03.simpl,5,1300.0000,0.665,4
2983,tests/train_files/train_shallow_few_dominated_no_large_v01.simpl,5,1869.0476,0.665,35
2984,tests/train_files/train_shallow_few_dominated_no_large_v02.simpl,5,1650.0000,0.664,33
2985,tests/train_files/train_shallow_few_dominated_no_large_v03.simpl,5,2039.4738,0.664,35
2986,tests/train_files/train_shallow_few_dominated_no_medium_v01.simpl,5,590.9091,0.664,2
2987,tests/train_files/train_shallow_few_dominated_no_medium_v02.simpl,5,0.0000,0.664,0
2988,tests/train_files/train_shallow_few_dominated_no_medium_v03.simpl,5,590.9091,0.664,2
2989,tests/train_files/train_shallow_few_light_has_large_v01.simpl,5,2388.8892,0.664,41
2990,tests/train_files/train_shallow_few_light_has_large_v02.simpl,5,2277.7778,0.664,39
2991,tests/train_files/train_shallow_few_light_has_large_v03.simpl,5,1976.1904,0.664,39
2992,tests/train_files/train_shallow_few_light_has_medium_v01.simpl,5,1384.6154,0.664,6
2993,tests/train_files/train_shallow_few_light_has_medium_v02.simpl,5,800.0000,0.663,4
2994,tests/train_files/train_shallow_few_light_has_medium_v03.simpl,5,750.0000,0.663,4
2995,tests/train_files/train_shallow_few_light_no_large_v01.simpl,5,1914.2858,0.663,37
2996,tests/train_files/train_shallow_few_light_no_large_v02.simpl,5,1944.4446,0.663,35
2997,tests/train_files/train_shallow_few_light_no_large_v03.simpl,5,2144.7368,0.663,37
2998,tests/train_files/train_shallow_few_light_no_medium_v01.simpl,5,611.1111,0.663,2
2999,tests/train_files/train_shallow_few_light_no_medium_v02.simpl,5,0.0000,0.663,0
3000,tests/train_files/train_shallow_few_light_no_medium_v03.simpl,5,600.0000,0.663,2
3001,tests/train_files/train_shallow_few_none_has_large_v01.simpl,5,2377.1931,0.663,43
3002,tests/train_files/train_shallow_few_none_has_large_v02.simpl,5,2200.0000,0.662,41
3003,tests/train_files/train_shallow_few_none_has_large_v03.simpl,5,1961.0391,0.662,41
3004,tests/train_files/train_shallow_few_none_has_medium_v01.simpl,5,1055.5555,0.662,6
3005,tests/train_files/train_shallow_few_none_has_medium_v02.simpl,5,1250.0000,0.662,4
3006,tests/train_files/train_shallow_few_none_has_medium_v03.simpl,5,800.0000,0.662,4
3007,tests/train_files/train_shallow_few_none_no_large_v01.simpl,5,2361.1111,0.662,39
3008,tests/train_files/train_shallow_few_none_no_large_v02.simpl,5,1947.3685,0.662,37
3009,tests/train_files/train_shallow_few_none_no_large_v03.simpl,5,2150.0000,0.662,39
3010,tests/train_files/train_shallow_few_none_no_medium_v01.simpl,5,600.0000,0.661,2
3011,tests/train_files/train_shallow_few_none_no_medium_v02.simpl,5,0.0000,0.661,0
3012,tests/train_files/train_shallow_few_none_no_medium_v03.simpl,5,1111.1111,0.661,2
3013,tests/train_files/train_shallow_many_dominated_has_large_v01.simpl,5,2913.1580,0.661,32
3014,tests/train_files/train_shallow_many_dominated_has_large_v02.simpl,5,2611.1113,0.661,29
3015,tests/train_files/train_shallow_many_dominated_has_large_v03.simpl,5,2450.0000,0.661,30
3016,tests/train_files/train_shallow_many_dominated_has_medium_v01.simpl,5,3000.0000,0.661,11
3017,tests/train_files/train_shallow_many_dominated_has_medium_v02.simpl,5,1892.8572,0.661,8
3018,tests/train_files/train_shallow_many_dominated_has_medium_v03.simpl,5,2153.8459,0.661,9
3019,tests/train_files/train_shallow_many_dominated_no_large_v01.simpl,5,2957.8948,0.660,31
3020,tests/train_files/train_shallow_many_dominated_no_large_v02.simpl,5,2479.1665,0.660,28
3021,tests/train_files/train_shallow_many_dominated_no_large_v03.simpl,5,2438.5967,0.660,29
3022,tests/train_files/train_shallow_many_dominated_no_medium_v01.simpl,5,2333.3333,0.660,10
3023,tests/train_files/train_shallow_many_dominated_no_medium_v02.simpl,5,1749.9999,0.660,7
3024,tests/train_files/train_shallow_many_dominated_no_medium_v03.simpl,5,1999.9999,0.660,8
3025,tests/train_files/train_shallow_many_light_has_large_v01.simpl,5,3364.7058,0.660,38
3026,tests/train_files/train_shallow_many_light_has_large_v02.simpl,5,2644.4446,0.660,35
3027,tests/train_files/train_shallow_many_light_has_large_v03.simpl,5,2718.1819,0.660,36
3028,tests/train_files/train_shallow_many_light_has_medium_v01.simpl,5,3064.1025,0.659,11
3029,tests/train_files/train_shallow_many_light_has_medium_v02.simpl,5,2392.8569,0.659,8
3030,tests/train_files/train_shallow_many_light_has_medium_v03.simpl,5,2153.8459,0.659,9
3031,tests/train_files/train_shallow_many_light_no_large_v01.simpl,5,3055.5557,0.659,37
3032,tests/train_files/train_shallow_many_light_no_large_v02.simpl,5,2750.0000,0.659,34
3033,tests/train_files/train_shallow_many_light_no_large_v03.simpl,5,3021.0527,0.659,35
3034,tests/train_files/train_shallow_many_light_no_medium_v01.simpl,5,3083.3333,0.659,10
3035,tests/train_files/train_shallow_many_light_no_medium_v02.simpl,5,1749.9999,0.659,7
3036,tests/train_files/train_shallow_many_light_no_medium_v03.simpl,5,1600.0000,0.659,8
3037,tests/train_files/train_shallow_many_none_has_large_v01.simpl,5,3377.7778,0.658,40
3038,tests/train_files/train_shallow_many_none_has_large_v02.simpl,5,2972.2222,0.658,37
3039,tests/train_files/train_shallow_many_none_has_large_v03.simpl,5,2950.0000,0.658,38
3040,tests/train_files/train_shallow_many_none_has_medium_v01.simpl,5,3583.3333,0.658,11
3041,tests/train_files/train_shallow_many_none_has_medium_v02.simpl,5,2333.3333,0.658,8
3042,tests/train_files/train_shallow_many_none_has_medium_v03.simpl,5,2666.6665,0.658,9
3043,tests/train_files/train_shallow_many_none_no_large_v01.simpl,5,3466.6667,0.658,39
3044,tests/train_files/train_shallow_many_none_no_large_v02.simpl,5,2660.8696,0.658,36
3045,tests/train_files/train_shallow_many_none_no_large_v03.simpl,5,3050.0000,0.658,37
3046,tests/train_files/train_shallow_many_none_no_medium_v01.simpl,5,3090.9092,0.657,10
3047,tests/train_files/train_shallow_many_none_no_medium_v02.simpl,5,1749.9999,0.657,7
3048,tests/train_files/train_shallow_many_none_no_medium_v03.simpl,5,2666.6667,0.657,8
3049,tests/train_files/train_shallow_none_dominated_no_large_v01.simpl,5,2333.3335,0.657,42
3050,tests/train_files/train_shallow_none_dominated_no_large_v02.simpl,5,2800.0000,0.657,42
3051,tests/train_files/train_shallow_none_dominated_no_large_v03.simpl,5,2333.3335,0.657,42
3052,tests/train_files/train_shallow_none_dominated_no_medium_v01.simpl,5,142.8571,0.657,1
3053,tests/train_files/train_shallow_none_dominated_no_medium_v02.simpl,5,100.0000,0.657,1
3054,tests/train_files/train_shallow_none_dominated_no_medium_v03.simpl,5,142.8571,0.657,1
3055,tests/train_files/train_shallow_none_none_no_large_v01.simpl,5,2333.3335,0.656,42
3056,tests/train_files/train_shallow_none_none_no_large_v02.simpl,5,2624.9998,0.656,42
3057,tests/train_files/train_shallow_none_none_no_large_v03.simpl,5,2100.0000,0.656,42
3058,tests/train_files/train_shallow_none_none_no_medium_v01.simpl,5,90.9091,0.656,1
3059,tests/train_files/train_shallow_none_none_no_medium_v02.simpl,5,111.1111,0.656,1
3060,tests/train_files/train_shallow_none_none_no_medium_v03.simpl,5,125.0000,0.656,1
3061,tests/train_files/train_shallow_none_none_no_tiny_v01.simpl,5,0.0000,0.656,0
3062,tests/train_files/train_shallow_none_none_no_tiny_v02.simpl,5,0.0000,0.656,0
3063,tests/train_files/train_shallow_none_none_no_tiny_v03.simpl,5,0.0000,0.656,0
3064,tests/train_files/train_deep_few_dominated_has_large_v01.simpl,5,1676.1906,0.655,32
3065,tests/train_files/train_deep_few_dominated_has_large_v02.simpl,5,1568.1819,0.655,30
3066,tests/train_files/train_deep_few_dominated_has_large_v03.simpl,5,1547.6190,0.655,30
3067,tests/train_files/train_deep_few_dominated_has_medium_v01.simpl,5,812.5000,0.655,6
3068,tests/train_files/train_deep_few_dominated_has_medium_v02.simpl,5,714.2856,0.655,4
3069,tests/train_files/train_deep_few_dominated_has_medium_v03.simpl,5,700.0000,0.655,4
3070,tests/train_files/train_deep_few_dominated_no_large_v01.simpl,5,1423.9131,0.655,28
3071,tests/train_files/train_deep_few_dominated_no_large_v02.simpl,5,1000.0000,0.655,26
3072,tests/train_files/train_deep_few_dominated_no_large_v03.simpl,5,1477.2727,0.655,28
3073,tests/train_files/train_deep_few_dominated_no_medium_v01.simpl,5,566.6666,0.654,2
3074,tests/train_files/train_deep_few_dominated_no_medium_v02.simpl,5,0.0000,0.654,0
3075,tests/train_files/train_deep_few_dominated_no_medium_v03.simpl,5,566.6666,0.654,2
3076,tests/train_files/train_deep_few_light_has_large_v01.simpl,5,1541.6666,0.654,34
3077,tests/train_files/train_deep_few_light_has_large_v02.simpl,5,1750.0000,0.654,32
3078,tests/train_files/train_deep_few_light_has_large_v03.simpl,5,1676.1906,0.654,32
3079,tests/train_files/train_deep_few_light_has_medium_v01.simpl,2,312.5000,0.654,5
3080,tests/train_files/train_deep_few_light_has_medium_v02.simpl,2,187.5000,0.654,3
3081,tests/train_files/train_deep_few_light_has_medium_v03.simpl,2,200.0000,0.654,3
3082,tests/train_files/train_deep_few_light_no_large_v01.simpl,2,1460.8695,0.653,30
3083,tests/train_files/train_deep_few_light_no_large_v02.simpl,2,1333.3334,0.653,28
3084,tests/train_files/train_deep_few_light_no_large_v03.simpl,2,1568.1819,0.653,30
3085,tests/train_files/train_deep_few_light_no_medium_v01.simpl,2,566.6666,0.653,2
3086,tests/train_files/train_deep_few_light_no_medium_v02.simpl,2,0.0000,0.653,0
3087,tests/train_files/train_deep_few_light_no_medium_v03.simpl,2,566.6666,0.653,2
3088,tests/train_files/train_deep_few_none_has_large_v01.simpl,2,1590.9091,0.653,35
3089,tests/train_files/train_deep_few_none_has_large_v02.simpl,2,1650.0000,0.653,33
3090,tests/train_files/train_deep_few_none_has_large_v03.simpl,2,1500.0000,0.652,33
3091,tests/train_files/train_deep_few_none_has_medium_v01.simpl,2,333.3333,0.652,5
3092,tests/train_files/train_deep_few_none_has_medium_v02.simpl,2,200.0000,0.652,3
3093,tests/train_files/train_deep_few_none_has_medium_v03.simpl,2,157.8947,0.652,3
3094,tests/train_files/train_deep_few_none_no_large_v01.simpl,2,1659.0909,0.652,32
3095,tests/train_files/train_deep_few_none_no_large_v02.simpl,2,1363.6364,0.652,30
3096,tests/train_files/train_deep_few_none_no_large_v03.simpl,2,1676.1906,0.652,32
3097,tests/train_files/train_deep_few_none_no_medium_v01.simpl,2,555.5555,0.652,2
3098,tests/train_files/train_deep_few_none_no_medium_v02.simpl,2,0.0000,0.652,0
3099,tests/train_files/train_deep_few_none_no_medium_v03.simpl,2,566.6666,0.651,2
3100,tests/train_files/train_deep_many_dominated_has_large_v01.simpl,2,2209.5239,0.651,24
3101,tests/train_files/train_deep_many_dominated_has_large_v02.simpl,2,1560.6060,0.651,21
3102,tests/train_files/train_deep_many_dominated_has_large_v03.simpl,2,1727.2727,0.651,22
3103,tests/train_files/train_deep_many_dominated_has_medium_v01.simpl,2,1400.0000,0.651,7
3104,tests/train_files/train_deep_many_dominated_has_medium_v02.simpl,2,1000.0000,0.651,5
3105,tests/train_files/train_deep_many_dominated_has_medium_v03.simpl,2,1200.0000,0.651,6
3106,tests/train_files/train_deep_many_dominated_no_large_v01.simpl,2,2214.2856,0.651,24
3107,tests/train_files/train_deep_many_dominated_no_large_v02.simpl,2,1775.3623,0.651,21
3108,tests/train_files/train_deep_many_dominated_no_large_v03.simpl,2,2000.0000,0.650,22
3109,tests/train_files/train_deep_many_dominated_no_medium_v01.simpl,2,2297.6191,0.650,10
3110,tests/train_files/train_deep_many_dominated_no_medium_v02.simpl,2,1400.0000,0.650,7
3111,tests/train_files/train_deep_many_dominated_no_medium_v03.simpl,2,1600.0000,0.650,8
3112,tests/train_files/train_deep_many_light_has_large_v01.simpl,2,2495.2383,0.650,30
3113,tests/train_files/train_deep_many_light_has_large_v02.simpl,2,1713.3333,0.650,27
3114,tests/train_files/train_deep_many_light_has_large_v03.simpl,2,2156.5217,0.650,28
3115,tests/train_files/train_deep_many_light_has_medium_v01.simpl,2,1166.6666,0.650,7
3116,tests/train_files/train_deep_many_light_has_medium_v02.simpl,2,1000.0000,0.650,5
3117,tests/train_files/train_deep_many_light_has_medium_v03.simpl,2,1200.0000,0.649,6
3118,tests/train_files/train_deep_many_light_no_large_v01.simpl,2,2713.0435,0.649,30
3119,tests/train_files/train_deep_many_light_no_large_v02.simpl,2,2169.2307,0.649,27
3120,tests/train_files/train_deep_many_light_no_large_v03.simpl,2,2242.4243,0.649,28
3121,tests/train_files/train_deep_many_light_no_medium_v01.simpl,2,2316.6667,0.649,10
3122,tests/train_files/train_deep_many_light_no_medium_v02.simpl,2,1749.9999,0.649,7
3123,tests/train_files/train_deep_many_light_no_medium_v03.simpl,2,1999.9999,0.649,8
3124,tests/train_files/train_deep_many_none_has_large_v01.simpl,2,2590.4761,0.649,32
3125,tests/train_files/train_deep_many_none_has_large_v02.simpl,2,2142.8572,0.649,29
3126,tests/train_files/train_deep_many_none_has_large_v03.simpl,2,2243.4783,0.648,30
3127,tests/train_files/train_deep_many_none_has_medium_v01.simpl,2,1166.6666,0.648,7
3128,tests/train_files/train_deep_many_none_has_medium_v02.simpl,2,1000.0000,0.648,5
3129,tests/train_files/train_deep_many_none_has_medium_v03.simpl,2,1499.9999,0.648,6
3130,tests/train_files/train_deep_many_none_no_large_v01.simpl,2,2895.2383,0.648,32
3131,tests/train_files/train_deep_many_none_no_large_v02.simpl,2,2046.6666,0.648,29
3132,tests/train_files/train_deep_many_none_no_large_v03.simpl,2,2333.3335,0.648,30
3133,tests/train_files/train_deep_many_none_no_medium_v01.simpl,2,2308.8235,0.648,10
3134,tests/train_files/train_deep_many_none_no_medium_v02.simpl,2,2333.3333,0.648,7
3135,tests/train_files/train_deep_many_none_no_medium_v03.simpl,2,1999.9999,0.647,8
3136,tests/train_files/train_deep_none_dominated_no_large_v01.simpl,2,1666.6667,0.647,35
3137,tests/train_files/train_deep_none_dominated_no_large_v02.simpl,2,1944.4446,0.647,35
3138,tests/train_files/train_deep_none_dominated_no_large_v03.simpl,2,1750.0000,0.647,35
3139,tests/train_files/train_deep_none_dominated_no_medium_v01.simpl,2,100.0000,0.647,1
3140,tests/train_files/train_deep_none_dominated_no_medium_v02.simpl,2,100.0000,0.647,1
3141,tests/train_files/train_deep_none_dominated_no_medium_v03.simpl,2,90.9091,0.647,1
3142,tests/train_files/train_deep_none_none_no_large_v01.simpl,2,1666.6667,0.647,35
3143,tests/train_files/train_deep_none_none_no_large_v02.simpl,2,1750.0000,0.647,35
3144,tests/train_files/train_deep_none_none_no_large_v03.simpl,2,1400.0000,0.646,35
3145,tests/train_files/train_deep_none_none_no_medium_v01.simpl,2,0.0000,0.646,0
3146,tests/train_files/train_deep_none_none_no_medium_v02.simpl,2,0.0000,0.646,0
3147,tests/train_files/train_deep_none_none_no_medium_v03.simpl,2,0.0000,0.646,0
3148,tests/train_files/train_none_few_dominated_has_large_v01.simpl,2,3615.3845,0.646,47
3149,tests/train_files/train_none_few_dominated_has_large_v02.simpl,2,3615.3845,0.646,47
3150,tests/train_files/train_none_few_dominated_has_large_v03.simpl,2,3615.3845,0.646,47
3151,tests/train_files/train_none_few_dominated_has_medium_v01.simpl,2,2333.3333,0.646,7
3152,tests/train_files/train_none_few_dominated_has_medium_v02.simpl,2,1749.9999,0.646,7
3153,tests/train_files/train_none_few_dominated_has_medium_v03.simpl,2,1749.9999,0.645,7
3154,tests/train_files/train_none_few_dominated_no_large_v01.simpl,2,3916.6667,0.645,47
3155,tests/train_files/train_none_few_dominated_no_large_v02.simpl,2,3615.3845,0.645,47
3156,tests/train_files/train_none_few_dominated_no_large_v03.simpl,2,3615.3845,0.645,47
3157,tests/train_files/train_none_few_dominated_no_medium_v01.simpl,2,2333.3333,0.645,7
3158,tests/train_files/train_none_few_dominated_no_medium_v02.simpl,2,2333.3333,0.645,7
3159,tests/train_files/train_none_few_dominated_no_medium_v03.simpl,2,2333.3333,0.645,7
3160,tests/train_files/train_none_few_light_has_large_v01.simpl,2,3266.6667,0.645,49
3161,tests/train_files/train_none_few_light_has_large_v02.simpl,2,3769.2307,0.645,49
3162,tests/train_files/train_none_few_light_has_large_v03.simpl,2,3769.2307,0.644,49
3163,tests/train_files/train_none_few_light_has_medium_v01.simpl,2,2666.6667,0.644,8
3164,tests/train_files/train_none_few_light_has_medium_v02.simpl,2,2666.6667,0.644,8
3165,tests/train_files/train_none_few_light_has_medium_v03.simpl,2,1333.3334,0.644,8
3166,tests/train_files/train_none_few_light_has_tiny_v01.simpl,2,2333.3333,0.644,7
3167,tests/train_files/train_none_few_light_has_tiny_v02.simpl,2,1749.9999,0.644,7
3168,tests/train_files/train_none_few_light_has_tiny_v03.simpl,2,1749.9999,0.644,7
3169,tests/train_files/train_none_few_light_no_large_v01.simpl,2,3266.6667,0.644,49
3170,tests/train_files/train_none_few_light_no_large_v02.simpl,2,3769.2307,0.643,49
3171,tests/train_files/train_none_few_light_no_large_v03.simpl,2,3769.2307,0.643,49
3172,tests/train_files/train_none_few_light_no_medium_v01.simpl,2,2666.6667,0.643,8
3173,tests/train_files/train_none_few_light_no_medium_v02.simpl,2,2666.6667,0.643,8
3174,tests/train_files/train_none_few_light_no_medium_v03.simpl,2,1999.9999,0.643,8
3175,tests/train_files/train_none_few_light_no_tiny_v01.simpl,2,1749.9999,0.643,7
3176,tests/train_files/train_none_few_light_no_tiny_v02.simpl,2,1749.9999,0.643,7
3177,tests/train_files/train_none_few_light_no_tiny_v03.simpl,2,2333.3333,0.643,7
3178,tests/train_files/train_none_few_none_has_large_v01.simpl,2,2999.9998,0.643,51
3179,tests/train_files/train_none_few_none_has_large_v02.simpl,2,3642.8569,0.642,51
3180,tests/train_files/train_none_few_none_has_large_v03.simpl,2,3923.0769,0.642,51
3181,tests/train_files/train_none_few_none_has_medium_v01.simpl,2,2500.0000,0.642,10
3182,tests/train_files/train_none_few_none_has_medium_v02.simpl,2,3333.3333,0.642,10
3183,tests/train_files/train_none_few_none_has_medium_v03.simpl,2,2500.0000,0.642,10
3184,tests/train_files/train_none_few_none_has_tiny_v01.simpl,2,2333.3333,0.642,7
3185,tests/train_files/train_none_few_none_has_tiny_v02.simpl,2,1749.9999,0.642,7
3186,tests/train_files/train_none_few_none_has_tiny_v03.simpl,2,1400.0000,0.642,7
3187,tests/train_files/train_none_few_none_no_large_v01.simpl,2,3642.8569,0.642,51
3188,tests/train_files/train_none_few_none_no_large_v02.simpl,2,3642.8569,0.641,51
3189,tests/train_files/train_none_few_none_no_large_v03.simpl,2,3642.8569,0.641,51
3190,tests/train_files/train_none_few_none_no_medium_v01.simpl,2,2500.0000,0.641,10
3191,tests/train_files/train_none_few_none_no_medium_v02.simpl,2,3333.3333,0.641,10
3192,tests/train_files/train_none_few_none_no_medium_v03.simpl,2,2500.0000,0.641,10
3193,tests/train_files/train_none_few_none_no_tiny_v01.simpl,2,2333.3333,0.641,7
3194,tests/train_files/train_none_few_none_no_tiny_v02.simpl,2,2333.3333,0.641,7
3195,tests/train_files/train_none_few_none_no_tiny_v03.simpl,2,2333.3333,0.641,7
3196,tests/train_files/train_none_many_dominated_has_large_v01.simpl,2,3583.3333,0.641,43
3197,tests/train_files/train_none_many_dominated_has_large_v02.simpl,2,3583.3333,0.640,43
3198,tests/train_files/train_none_many_dominated_has_large_v03.simpl,2,4300.0000,0.640,43
3199,tests/train_files/train_none_many_dominated_has_medium_v01.simpl,2,3000.0000,0.640,15
3200,tests/train_files/train_none_many_dominated_has_medium_v02.simpl,2,3000.0000,0.640,15
3201,tests/train_files/train_none_many_dominated_has_medium_v03.simpl,2,3000.0000,0.640,15
3202,tests/train_files/train_none_many_dominated_no_large_v01.simpl,2,3307.6921,0.640,43
3203,tests/train_files/train_none_many_dominated_no_large_v02.simpl,2,3909.0908,0.640,43
3204,tests/train_files/train_none_many_dominated_no_large_v03.simpl,2,3071.4285,0.640,43
3205,tests/train_files/train_none_many_dominated_no_medium_v01.simpl,2,3000.0000,0.640,15
3206,tests/train_files/train_none_many_dominated_no_medium_v02.simpl,2,2500.0000,0.639,15
3207,tests/train_files/train_none_many_dominated_no_medium_v03.simpl,2,2500.0000,0.639,15
3208,tests/train_files/train_none_many_light_has_large_v01.simpl,2,3062.4998,0.639,49
3209,tests/train_files/train_none_many_light_has_large_v02.simpl,2,3769.2307,0.639,49
3210,tests/train_files/train_none_many_light_has_large_v03.simpl,2,3062.4998,0.639,49
3211,tests/train_files/train_none_many_light_has_medium_v01.simpl,2,3000.0000,0.639,15
3212,tests/train_files/train_none_many_light_has_medium_v02.simpl,2,3000.0000,0.639,15
3213,tests/train_files/train_none_many_light_has_medium_v03.simpl,2,3000.0000,0.639,15
3214,tests/train_files/train_none_many_light_no_large_v01.simpl,2,3769.2307,0.639,49
3215,tests/train_files/train_none_many_light_no_large_v02.simpl,2,3062.4998,0.638,49
3216,tests/train_files/train_none_many_light_no_large_v03.simpl,2,4083.3333,0.638,49
3217,tests/train_files/train_none_many_light_no_medium_v01.simpl,2,3000.0000,0.638,15
3218,tests/train_files/train_none_many_light_no_medium_v02.simpl,2,1500.0000,0.638,15
3219,tests/train_files/train_none_many_light_no_medium_v03.simpl,2,3749.9998,0.638,15
3220,tests/train_files/train_none_many_none_has_large_v01.simpl,2,3923.0769,0.638,51
3221,tests/train_files/train_none_many_none_has_large_v02.simpl,2,3187.4998,0.638,51
3222,tests/train_files/train_none_many_none_has_large_v03.simpl,2,3923.0769,0.638,51
3223,tests/train_files/train_none_many_none_has_medium_v01.simpl,2,3000.0000,0.638,15
3224,tests/train_files/train_none_many_none_has_medium_v02.simpl,2,3000.0000,0.637,15
3225,tests/train_files/train_none_many_none_has_medium_v03.simpl,2,3000.0000,0.637,15
3226,tests/train_files/train_none_many_none_no_large_v01.simpl,2,3923.0769,0.637,51
3227,tests/train_files/train_none_many_none_no_large_v02.simpl,2,3642.8569,0.637,51
3228,tests/train_files/train_none_many_none_no_large_v03.simpl,2,2833.3335,0.637,51
3229,tests/train_files/train_none_many_none_no_medium_v01.simpl,2,3749.9998,0.637,15
3230,tests/train_files/train_none_many_none_no_medium_v02.simpl,2,5000.0000,0.637,15
3231,tests/train_files/train_none_many_none_no_medium_v03.simpl,2,3000.0000,0.637,15
3232,tests/train_files/train_none_none_dominated_no_large_v01.simpl,2,2450.0000,0.637,49
3233,tests/train_files/train_none_none_dominated_no_large_v02.simpl,2,3769.2307,0.636,49
3234,tests/train_files/train_none_none_dominated_no_large_v03.simpl,2,3062.4998,0.636,49
3235,tests/train_files/train_none_none_dominated_no_medium_v01.simpl,2,999.9999,0.636,8
3236,tests/train_files/train_none_none_dominated_no_medium_v02.simpl,2,2666.6667,0.636,8
3237,tests/train_files/train_none_none_dominated_no_medium_v03.simpl,2,2666.6667,0.636,8
3238,tests/train_files/train_none_none_dominated_no_tiny_v01.simpl,2,333.3333,0.636,1
3239,tests/train_files/train_none_none_dominated_no_tiny_v02.simpl,2,333.3333,0.636,1
3240,tests/train_files/train_none_none_dominated_no_tiny_v03.simpl,2,500.0000,0.636,1
3241,tests/train_files/train_none_none_none_no_large_v01.simpl,2,3769.2307,0.636,49
3242,tests/train_files/train_none_none_none_no_large_v02.simpl,2,3500.0000,0.635,49
3243,tests/train_files/train_none_none_none_no_large_v03.simpl,2,2882.3528,0.635,49
3244,tests/train_files/train_none_none_none_no_medium_v01.simpl,2,2666.6667,0.635,8
3245,tests/train_files/train_none_none_none_no_medium_v02.simpl,2,999.9999,0.635,8
3246,tests/train_files/train_none_none_none_no_medium_v03.simpl,2,1999.9999,0.635,8
3247,tests/train_files/train_none_none_none_no_tiny_v01.simpl,2,0.0000,0.635,0
3248,tests/train_files/train_none_none_none_no_tiny_v02.simpl,2,0.0000,0.635,0
3249,tests/train_files/train_none_none_none_no_tiny_v03.simpl,2,0.0000,0.635,0
3250,tests/train_files/train_shallow_few_dominated_has_large_v01.simpl,2,2000.0001,0.634,38
3251,tests/train_files/train_shallow_few_dominated_has_large_v02.simpl,2,2117.6470,0.634,36
3252,tests/train_files/train_shallow_few_dominated_has_large_v03.simpl,2,2000.0001,0.634,36
3253,tests/train_files/train_shallow_few_dominated_has_medium_v01.simpl,2,500.0000,0.634,5
3254,tests/train_files/train_shallow_few_dominated_has_medium_v02.simpl,2,300.0000,0.634,3
3255,tests/train_files/train_shallow_few_dominated_has_medium_v03.simpl,2,230.7692,0.634,3
3256,tests/train_files/train_shallow_few_dominated_no_large_v01.simpl,2,2088.8889,0.634,35
3257,tests/train_files/train_shallow_few_dominated_no_large_v02.simpl,2,1941.1764,0.634,33
3258,tests/train_files/train_shallow_few_dominated_no_large_v03.simpl,2,2039.4738,0.634,35
3259,tests/train_files/train_shallow_few_dominated_no_medium_v01.simpl,2,444.4445,0.633,2
3260,tests/train_files/train_shallow_few_dominated_no_medium_v02.simpl,2,0.0000,0.633,0
3261,tests/train_files/train_shallow_few_dominated_no_medium_v03.simpl,2,600.0000,0.633,2
3262,tests/train_files/train_shallow_few_light_has_large_v01.simpl,2,2352.9412,0.633,40
3263,tests/train_files/train_shallow_few_light_has_large_v02.simpl,2,1809.5238,0.633,38
3264,tests/train_files/train_shallow_few_light_has_large_v03.simpl,2,1652.1740,0.633,38
3265,tests/train_files/train_shallow_few_light_has_medium_v01.simpl,2,416.6667,0.633,5
3266,tests/train_files/train_shallow_few_light_has_medium_v02.simpl,2,272.7273,0.633,3
3267,tests/train_files/train_shallow_few_light_has_medium_v03.simpl,2,300.0000,0.633,3
3268,tests/train_files/train_shallow_few_light_no_large_v01.simpl,2,1815.2174,0.632,37
3269,tests/train_files/train_shallow_few_light_no_large_v02.simpl,2,1750.0000,0.632,35
3270,tests/train_files/train_shallow_few_light_no_large_v03.simpl,2,2050.0000,0.632,37
3271,tests/train_files/train_shallow_few_light_no_medium_v01.simpl,2,590.9091,0.632,2
3272,tests/train_files/train_shallow_few_light_no_medium_v02.simpl,2,0.0000,0.632,0
3273,tests/train_files/train_shallow_few_light_no_medium_v03.simpl,2,600.0000,0.632,2
3274,tests/train_files/train_shallow_few_none_has_large_v01.simpl,2,1909.0909,0.632,42
3275,tests/train_files/train_shallow_few_none_has_large_v02.simpl,2,2222.2224,0.632,40
3276,tests/train_files/train_shallow_few_none_has_large_v03.simpl,2,2105.2632,0.632,40
3277,tests/train_files/train_shallow_few_none_has_medium_v01.simpl,2,333.3333,0.631,5
3278,tests/train_files/train_shallow_few_none_has_medium_v02.simpl,2,300.0000,0.631,3
3279,tests/train_files/train_shallow_few_none_has_medium_v03.simpl,2,333.3333,0.631,3
3280,tests/train_files/train_shallow_few_none_no_large_v01.simpl,2,1977.2727,0.631,39
3281,tests/train_files/train_shallow_few_none_no_large_v02.simpl,2,1947.3685,0.631,37
3282,tests/train_files/train_shallow_few_none_no_large_v03.simpl,2,1977.2727,0.631,39
3283,tests/train_files/train_shallow_few_none_no_medium_v01.simpl,2,583.3333,0.631,2
3284,tests/train_files/train_shallow_few_none_no_medium_v02.simpl,2,0.0000,0.631,0
3285,tests/train_files/train_shallow_few_none_no_medium_v03.simpl,2,600.0000,0.631,2
3286,tests/train_files/train_shallow_many_dominated_has_large_v01.simpl,2,2200.0000,0.630,31
3287,tests/train_files/train_shallow_many_dominated_has_large_v02.simpl,2,2186.2744,0.630,28
3288,tests/train_files/train_shallow_many_dominated_has_large_v03.simpl,2,2477.7778,0.630,29
3289,tests/train_files/train_shallow_many_dominated_has_medium_v01.simpl,2,2583.3333,0.630,10
3290,tests/train_files/train_shallow_many_dominated_has_medium_v02.simpl,2,1784.3137,0.630,7
3291,tests/train_files/train_shallow_many_dominated_has_medium_v03.simpl,2,1653.8461,0.630,8
3292,tests/train_files/train_shallow_many_dominated_no_large_v01.simpl,2,2500.0000,0.630,31
3293,tests/train_files/train_shallow_many_dominated_no_large_v02.simpl,2,2333.3335,0.630,28
3294,tests/train_files/train_shallow_many_dominated_no_large_v03.simpl,2,2500.0000,0.630,29
3295,tests/train_files/train_shallow_many_dominated_no_medium_v01.simpl,2,2333.3333,0.629,10
3296,tests/train_files/train_shallow_many_dominated_no_medium_v02.simpl,2,1400.0000,0.629,7
3297,tests/train_files/train_shallow_many_dominated_no_medium_v03.simpl,2,1999.9999,0.629,8
3298,tests/train_files/train_shallow_many_light_has_large_v01.simpl,2,2828.5713,0.629,37
3299,tests/train_files/train_shallow_many_light_has_large_v02.simpl,2,2318.1819,0.629,34
3300,tests/train_files/train_shallow_many_light_has_large_v03.simpl,2,2450.0000,0.629,35
3301,tests/train_files/train_shallow_many_light_has_medium_v01.simpl,2,2583.3333,0.629,10
3302,tests/train_files/train_shallow_many_light_has_medium_v02.simpl,2,1809.5238,0.629,7
3303,tests/train_files/train_shallow_many_light_has_medium_v03.simpl,2,1633.3333,0.629,8
3304,tests/train_files/train_shallow_many_light_no_large_v01.simpl,2,2685.7144,0.628,37
3305,tests/train_files/train_shallow_many_light_no_large_v02.simpl,2,2666.6667,0.628,34
3306,tests/train_files/train_shallow_many_light_no_large_v03.simpl,2,2950.0000,0.628,35
3307,tests/train_files/train_shallow_many_light_no_medium_v01.simpl,2,3090.9092,0.628,10
3308,tests/train_files/train_shallow_many_light_no_medium_v02.simpl,2,2333.3333,0.628,7
3309,tests/train_files/train_shallow_many_light_no_medium_v03.simpl,2,2666.6667,0.628,8
3310,tests/train_files/train_shallow_many_none_has_large_v01.simpl,2,2680.0000,0.628,39
3311,tests/train_files/train_shallow_many_none_has_large_v02.simpl,2,2555.5557,0.628,36
3312,tests/train_files/train_shallow_many_none_has_large_v03.simpl,2,2409.0908,0.628,37
3313,tests/train_files/train_shallow_many_none_has_medium_v01.simpl,2,2533.3333,0.627,10
3314,tests/train_files/train_shallow_many_none_has_medium_v02.simpl,2,1820.5128,0.627,7
3315,tests/train_files/train_shallow_many_none_has_medium_v03.simpl,2,2153.8462,0.627,8
3316,tests/train_files/train_shallow_many_none_no_large_v01.simpl,2,3466.6667,0.627,39
3317,tests/train_files/train_shallow_many_none_no_large_v02.simpl,2,2616.6665,0.627,36
3318,tests/train_files/train_shallow_many_none_no_large_v03.simpl,2,2980.9524,0.627,37
3319,tests/train_files/train_shallow_many_none_no_medium_v01.simpl,2,3083.3333,0.627,10
3320,tests/train_files/train_shallow_many_none_no_medium_v02.simpl,2,2333.3333,0.627,7
3321,tests/train_files/train_shallow_many_none_no_medium_v03.simpl,2,1999.9999,0.627,8
3322,tests/train_files/train_shallow_none_dominated_no_large_v01.simpl,2,2333.3335,0.626,42
3323,tests/train_files/train_shallow_none_dominated_no_large_v02.simpl,2,2800.0000,0.626,42
3324,tests/train_files/train_shallow_none_dominated_no_large_v03.simpl,2,2333.3335,0.626,42
3325,tests/train_files/train_shallow_none_dominated_no_medium_v01.simpl,2,111.1111,0.626,1
3326,tests/train_files/train_shallow_none_dominated_no_medium_v02.simpl,2,83.3333,0.626,1
3327,tests/train_files/train_shallow_none_dominated_no_medium_v03.simpl,2,90.9091,0.626,1
3328,tests/train_files/train_shallow_none_none_no_large_v01.simpl,2,1909.0909,0.626,42
3329,tests/train_files/train_shallow_none_none_no_large_v02.simpl,2,2333.3335,0.626,42
3330,tests/train_files/train_shallow_none_none_no_large_v03.simpl,2,1826.0869,0.625,42
3331,tests/train_files/train_shallow_none_none_no_medium_v01.simpl,2,111.1111,0.625,1
3332,tests/train_files/train_shallow_none_none_no_medium_v02.simpl,2,111.1111,0.625,1
3333,tests/train_files/train_shallow_none_none_no_medium_v03.simpl,2,125.0000,0.625,1
3334,tests/train_files/train_shallow_none_none_no_tiny_v01.simpl,2,0.0000,0.625,0
3335,tests/train_files/train_shallow_none_none_no_tiny_v02.simpl,2,0.0000,0.625,0
3336,tests/train_files/train_shallow_none_none_no_tiny_v03.simpl,2,0.0000,0.625,0
3337,tests/train_files/train_deep_few_dominated_has_large_v01.simpl,2,1409.0909,0.625,31
3338,tests/train_files/train_deep_few_dominated_has_large_v02.simpl,2,1380.9524,0.625,29
3339,tests/train_files/train_deep_few_dominated_has_large_v03.simpl,2,1208.3334,0.624,29
3340,tests/train_files/train_deep_few_dominated_has_medium_v01.simpl,2,312.5000,0.624,5
3341,tests/train_files/train_deep_few_dominated_has_medium_v02.simpl,2,214.2857,0.624,3
3342,tests/train_files/train_deep_few_dominated_has_medium_v03.simpl,2,200.0000,0.624,3
3343,tests/train_files/train_deep_few_dominated_no_large_v01.simpl,2,1600.0000,0.624,28
3344,tests/train_files/train_deep_few_dominated_no_large_v02.simpl,2,1130.4348,0.624,26
3345,tests/train_files/train_deep_few_dominated_no_large_v03.simpl,2,1375.0000,0.624,28
3346,tests/train_files/train_deep_few_dominated_no_medium_v01.simpl,2,555.5555,0.624,2
3347,tests/train_files/train_deep_few_dominated_no_medium_v02.simpl,2,0.0000,0.624,0
3348,tests/train_files/train_deep_few_dominated_no_medium_v03.simpl,2,404.7619,0.623,2
3349,tests/train_files/train_deep_few_light_has_large_v01.simpl,2,1269.2307,0.623,33
3350,tests/train_files/train_deep_few_light_has_large_v02.simpl,2,1347.8260,0.623,31
3351,tests/train_files/train_deep_few_light_has_large_v03.simpl,2,1347.8260,0.623,31
3352,tests/train_files/train_deep_few_light_has_medium_v01.simpl,2,333.3333,0.623,5
3353,tests/train_files/train_deep_few_light_has_medium_v02.simpl,2,187.5000,0.623,3
3354,tests/train_files/train_deep_few_light_has_medium_v03.simpl,2,166.6667,0.623,3
3355,tests/train_files/train_deep_few_light_no_large_v01.simpl,2,1580.9524,0.623,30
3356,tests/train_files/train_deep_few_light_no_large_v02.simpl,2,1333.3334,0.623,28
3357,tests/train_files/train_deep_few_light_no_large_v03.simpl,2,1510.8695,0.622,30
3358,tests/train_files/train_deep_few_light_no_medium_v01.simpl,2,558.8235,0.622,2
3359,tests/train_files/train_deep_few_light_no_medium_v02.simpl,2,0.0000,0.622,0
3360,tests/train_files/train_deep_few_light_no_medium_v03.simpl,2,571.4285,0.622,2
3361,tests/train_files/train_deep_few_none_has_large_v01.simpl,2,1458.3334,0.622,35
3362,tests/train_files/train_deep_few_none_has_large_v02.simpl,2,1571.4286,0.622,33
3363,tests/train_files/train_deep_few_none_has_large_v03.simpl,2,1500.0000,0.622,33
3364,tests/train_files/train_deep_few_none_has_medium_v01.simpl,2,333.3333,0.622,5
3365,tests/train_files/train_deep_few_none_has_medium_v02.simpl,2,200.0000,0.622,3
3366,tests/train_files/train_deep_few_none_has_medium_v03.simpl,2,166.6667,0.621,3
3367,tests/train_files/train_deep_few_none_no_large_v01.simpl,2,1398.1481,0.621,32
3368,tests/train_files/train_deep_few_none_no_large_v02.simpl,2,1200.0000,0.621,30
3369,tests/train_files/train_deep_few_none_no_large_v03.simpl,2,1442.3076,0.621,32
3370,tests/train_files/train_deep_few_none_no_medium_v01.simpl,2,404.7619,0.621,2
3371,tests/train_files/train_deep_few_none_no_medium_v02.simpl,2,0.0000,0.621,0
3372,tests/train_files/train_deep_few_none_no_medium_v03.simpl,2,562.4999,0.621,2
3373,tests/train_files/train_deep_many_dominated_has_large_v01.simpl,2,2139.1304,0.621,24
3374,tests/train_files/train_deep_many_dominated_has_large_v02.simpl,2,1560.6060,0.621,21
3375,tests/train_files/train_deep_many_dominated_has_large_v03.simpl,2,1927.2727,0.620,22
3376,tests/train_files/train_deep_many_dominated_has_medium_v01.simpl,2,1400.0000,0.620,7
3377,tests/train_files/train_deep_many_dominated_has_medium_v02.simpl,2,1000.0000,0.620,5
3378,tests/train_files/train_deep_many_dominated_has_medium_v03.simpl,2,1200.0000,0.620,6
3379,tests/train_files/train_deep_many_dominated_no_large_v01.simpl,2,2250.0000,0.620,24
3380,tests/train_files/train_deep_many_dominated_no_large_v02.simpl,2,1750.0000,0.620,21
3381,tests/train_files/train_deep_many_dominated_no_large_v03.simpl,2,2000.0000,0.620,22
3382,tests/train_files/train_deep_many_dominated_no_medium_v01.simpl,2,1858.8235,0.620,10
3383,tests/train_files/train_deep_many_dominated_no_medium_v02.simpl,2,1749.9999,0.620,7
3384,tests/train_files/train_deep_many_dominated_no_medium_v03.simpl,2,1999.9999,0.619,8
3385,tests/train_files/train_deep_many_light_has_large_v01.simpl,2,2495.2383,0.619,30
3386,tests/train_files/train_deep_many_light_has_large_v02.simpl,2,1880.9524,0.619,27
3387,tests/train_files/train_deep_many_light_has_large_v03.simpl,2,2247.6191,0.619,28
3388,tests/train_files/train_deep_many_light_has_medium_v01.simpl,2,1400.0000,0.619,7
3389,tests/train_files/train_deep_many_light_has_medium_v02.simpl,2,1000.0000,0.619,5
3390,tests/train_files/train_deep_many_light_has_medium_v03.simpl,2,1499.9999,0.619,6
3391,tests/train_files/train_deep_many_light_no_large_v01.simpl,2,2754.5454,0.619,30
3392,tests/train_files/train_deep_many_light_no_large_v02.simpl,2,1966.6666,0.619,27
3393,tests/train_files/train_deep_many_light_no_large_v03.simpl,2,2509.0908,0.618,28
3394,tests/train_files/train_deep_many_light_no_medium_v01.simpl,2,2312.5000,0.618,10
3395,tests/train_files/train_deep_many_light_no_medium_v02.simpl,2,1749.9999,0.618,7
3396,tests/train_files/train_deep_many_light_no_medium_v03.simpl,2,1999.9999,0.618,8
3397,tests/train_files/train_deep_many_none_has_large_v01.simpl,2,2208.3333,0.618,32
3398,tests/train_files/train_deep_many_none_has_large_v02.simpl,2,2043.4783,0.618,29
3399,tests/train_files/train_deep_many_none_has_large_v03.simpl,2,2090.9092,0.618,30
3400,tests/train_files/train_deep_many_none_has_medium_v01.simpl,2,1749.9999,0.618,7
3401,tests/train_files/train_deep_many_none_has_medium_v02.simpl,2,1250.0000,0.618,5
3402,tests/train_files/train_deep_many_none_has_medium_v03.simpl,2,1499.9999,0.617,6
3403,tests/train_files/train_deep_many_none_no_large_v01.simpl,2,2895.2383,0.617,32
3404,tests/train_files/train_deep_many_none_no_large_v02.simpl,2,2123.1885,0.617,29
3405,tests/train_files/train_deep_many_none_no_large_v03.simpl,2,2516.6667,0.617,30
3406,tests/train_files/train_deep_many_none_no_medium_v01.simpl,2,2300.0000,0.617,10
3407,tests/train_files/train_deep_many_none_no_medium_v02.simpl,2,2333.3333,0.617,7
3408,tests/train_files/train_deep_many_none_no_medium_v03.simpl,2,1999.9999,0.617,8
3409,tests/train_files/train_deep_none_dominated_no_large_v01.simpl,2,1590.9091,0.617,35
3410,tests/train_files/train_deep_none_dominated_no_large_v02.simpl,2,2058.8235,0.616,35
3411,tests/train_files/train_deep_none_dominated_no_large_v03.simpl,2,1944.4446,0.616,35
3412,tests/train_files/train_deep_none_dominated_no_medium_v01.simpl,2,90.9091,0.616,1
3413,tests/train_files/train_deep_none_dominated_no_medium_v02.simpl,2,83.3333,0.616,1
3414,tests/train_files/train_deep_none_dominated_no_medium_v03.simpl,2,90.9091,0.616,1
3415,tests/train_files/train_deep_none_none_no_large_v01.simpl,2,1666.6667,0.616,35
3416,tests/train_files/train_deep_none_none_no_large_v02.simpl,2,1666.6667,0.616,35
3417,tests/train_files/train_deep_none_none_no_large_v03.simpl,2,1666.6667,0.616,35
3418,tests/train_files/train_deep_none_none_no_medium_v01.simpl,2,0.0000,0.616,0
3419,tests/train_files/train_deep_none_none_no_medium_v02.simpl,2,0.0000,0.615,0
3420,tests/train_files/train_deep_none_none_no_medium_v03.simpl,2,0.0000,0.615,0
3421,tests/train_files/train_none_few_dominated_has_large_v01.simpl,2,3357.1428,0.615,47
3422,tests/train_files/train_none_few_dominated_has_large_v02.simpl,2,3615.3845,0.615,47
3423,tests/train_files/train_none_few_dominated_has_large_v03.simpl,2,2937.4998,0.615,47
3424,tests/train_files/train_none_few_dominated_has_medium_v01.simpl,2,1749.9999,0.615,7
3425,tests/train_files/train_none_few_dominated_has_medium_v02.simpl,2,2333.3333,0.615,7
3426,tests/train_files/train_none_few_dominated_has_medium_v03.simpl,2,2333.3333,0.615,7
3427,tests/train_files/train_none_few_dominated_no_large_v01.simpl,2,2764.7058,0.615,47
3428,tests/train_files/train_none_few_dominated_no_large_v02.simpl,2,3357.1428,0.614,47
3429,tests/train_files/train_none_few_dominated_no_large_v03.simpl,2,3615.3845,0.614,47
3430,tests/train_files/train_none_few_dominated_no_medium_v01.simpl,2,2333.3333,0.614,7
3431,tests/train_files/train_none_few_dominated_no_medium_v02.simpl,2,999.9999,0.614,7
3432,tests/train_files/train_none_few_dominated_no_medium_v03.simpl,2,2333.3333,0.614,7
3433,tests/train_files/train_none_few_light_has_large_v01.simpl,2,3500.0000,0.614,49
3434,tests/train_files/train_none_few_light_has_large_v02.simpl,2,3769.2307,0.614,49
3435,tests/train_files/train_none_few_light_has_large_v03.simpl,2,3062.4998,0.614,49
3436,tests/train_files/train_none_few_light_has_medium_v01.simpl,2,2666.6667,0.614,8
3437,tests/train_files/train_none_few_light_has_medium_v02.simpl,2,2666.6667,0.613,8
3438,tests/train_files/train_none_few_light_has_medium_v03.simpl,2,2666.6667,0.613,8
3439,tests/train_files/train_none_few_light_has_tiny_v01.simpl,2,2333.3333,0.613,7
3440,tests/train_files/train_none_few_light_has_tiny_v02.simpl,2,2333.3333,0.613,7
3441,tests/train_files/train_none_few_light_has_tiny_v03.simpl,2,1749.9999,0.613,7
3442,tests/train_files/train_none_few_light_no_large_v01.simpl,2,3062.4998,0.613,49
3443,tests/train_files/train_none_few_light_no_large_v02.simpl,2,2882.3528,0.613,49
3444,tests/train_files/train_none_few_light_no_large_v03.simpl,2,2882.3528,0.613,49
3445,tests/train_files/train_none_few_light_no_medium_v01.simpl,2,2666.6667,0.613,8
3446,tests/train_files/train_none_few_light_no_medium_v02.simpl,2,1999.9999,0.612,8
3447,tests/train_files/train_none_few_light_no_medium_v03.simpl,2,2666.6667,0.612,8
3448,tests/train_files/train_none_few_light_no_tiny_v01.simpl,2,1749.9999,0.612,7
3449,tests/train_files/train_none_few_light_no_tiny_v02.simpl,2,2333.3333,0.612,7
3450,tests/train_files/train_none_few_light_no_tiny_v03.simpl,2,1749.9999,0.612,7
3451,tests/train_files/train_none_few_none_has_large_v01.simpl,2,3400.0000,0.612,51
3452,tests/train_files/train_none_few_none_has_large_v02.simpl,2,3642.8569,0.612,51
3453,tests/train_files/train_none_few_none_has_large_v03.simpl,2,3923.0769,0.612,51
3454,tests/train_files/train_none_few_none_has_medium_v01.simpl,2,3333.3333,0.612,10
3455,tests/train_files/train_none_few_none_has_medium_v02.simpl,2,2500.0000,0.611,10
3456,tests/train_files/train_none_few_none_has_medium_v03.simpl,2,3333.3333,0.611,10
3457,tests/train_files/train_none_few_none_has_tiny_v01.simpl,2,999.9999,0.611,7
3458,tests/train_files/train_none_few_none_has_tiny_v02.simpl,2,2333.3333,0.611,7
3459,tests/train_files/train_none_few_none_has_tiny_v03.simpl,2,2333.3333,0.611,7
3460,tests/train_files/train_none_few_none_no_large_v01.simpl,2,3642.8569,0.611,51
3461,tests/train_files/train_none_few_none_no_large_v02.simpl,2,3400.0000,0.611,51
3462,tests/train_files/train_none_few_none_no_large_v03.simpl,2,3923.0769,0.611,51
3463,tests/train_files/train_none_few_none_no_medium_v01.simpl,2,2500.0000,0.611,10
3464,tests/train_files/train_none_few_none_no_medium_v02.simpl,2,3333.3333,0.610,10
3465,tests/train_files/train_none_few_none_no_medium_v03.simpl,2,2500.0000,0.610,10
3466,tests/train_files/train_none_few_none_no_tiny_v01.simpl,2,1749.9999,0.610,7
3467,tests/train_files/train_none_few_none_no_tiny_v02.simpl,2,2333.3333,0.610,7
3468,tests/train_files/train_none_few_none_no_tiny_v03.simpl,2,2333.3333,0.610,7
3469,tests/train_files/train_none_many_dominated_has_large_v01.simpl,2,2866.6667,0.610,43
3470,tests/train_files/train_none_many_dominated_has_large_v02.simpl,2,3583.3333,0.610,43
3471,tests/train_files/train_none_many_dominated_has_large_v03.simpl,2,3307.6921,0.610,43
3472,tests/train_files/train_none_many_dominated_has_medium_v01.simpl,2,3000.0000,0.610,15
3473,tests/train_files/train_none_many_dominated_has_medium_v02.simpl,2,3000.0000,0.609,15
3474,tests/train_files/train_none_many_dominated_has_medium_v03.simpl,2,3000.0000,0.609,15
3475,tests/train_files/train_none_many_dominated_no_large_v01.simpl,2,3583.3333,0.609,43
3476,tests/train_files/train_none_many_dominated_no_large_v02.simpl,2,3583.3333,0.609,43
3477,tests/train_files/train_none_many_dominated_no_large_v03.simpl,2,3583.3333,0.609,43
3478,tests/train_files/train_none_many_dominated_no_medium_v01.simpl,3,1666.6667,0.609,15
3479,tests/train_files/train_none_many_dominated_no_medium_v02.simpl,3,3000.0000,0.609,15
3480,tests/train_files/train_none_many_dominated_no_medium_v03.simpl,3,3000.0000,0.609,15
3481,tests/train_files/train_none_many_light_has_large_v01.simpl,3,3266.6667,0.609,49
3482,tests/train_files/train_none_many_light_has_large_v02.simpl,3,3769.2307,0.608,49
3483,tests/train_files/train_none_many_light_has_large_v03.simpl,3,3266.6667,0.608,49
3484,tests/train_files/train_none_many_light_has_medium_v01.simpl,3,5000.0000,0.608,15
3485,tests/train_files/train_none_many_light_has_medium_v02.simpl,3,3000.0000,0.608,15
3486,tests/train_files/train_none_many_light_has_medium_v03.simpl,3,3000.0000,0.608,15
3487,tests/train_files/train_none_many_light_no_large_v01.simpl,3,3769.2307,0.608,49
3488,tests/train_files/train_none_many_light_no_large_v02.simpl,3,3266.6667,0.608,49
3489,tests/train_files/train_none_many_light_no_large_v03.simpl,3,3769.2307,0.608,49
3490,tests/train_files/train_none_many_light_no_medium_v01.simpl,3,3749.9998,0.607,15
3491,tests/train_files/train_none_many_light_no_medium_v02.simpl,3,3749.9998,0.607,15
3492,tests/train_files/train_none_many_light_no_medium_v03.simpl,3,3749.9998,0.607,15
3493,tests/train_files/train_none_many_none_has_large_v01.simpl,3,2999.9998,0.607,51
3494,tests/train_files/train_none_many_none_has_large_v02.simpl,3,3642.8569,0.607,51
3495,tests/train_files/train_none_many_none_has_large_v03.simpl,3,3400.0000,0.607,51
3496,tests/train_files/train_none_many_none_has_medium_v01.simpl,3,3000.0000,0.607,15
3497,tests/train_files/train_none_many_none_has_medium_v02.simpl,3,3749.9998,0.607,15
3498,tests/train_files/train_none_many_none_has_medium_v03.simpl,3,2142.8572,0.607,15
3499,tests/train_files/train_none_many_none_no_large_v01.simpl,3,3400.0000,0.606,51
3500,tests/train_files/train_none_many_none_no_large_v02.simpl,3,3923.0769,0.606,51
3501,tests/train_files/train_none_many_none_no_large_v03.simpl,3,3400.0000,0.606,51
3502,tests/train_files/train_none_many_none_no_medium_v01.simpl,3,3749.9998,0.606,15
3503,tests/train_files/train_none_many_none_no_medium_v02.simpl,3,3000.0000,0.606,15
3504,tests/train_files/train_none_many_none_no_medium_v03.simpl,3,3749.9998,0.606,15
3505,tests/train_files/train_none_none_dominated_no_large_v01.simpl,3,3062.4998,0.606,49
3506,tests/train_files/train_none_none_dominated_no_large_v02.simpl,3,3062.4998,0.606,49
3507,tests/train_files/train_none_none_dominated_no_large_v03.simpl,3,2722.2224,0.606,49
3508,tests/train_files/train_none_none_dominated_no_medium_v01.simpl,3,2666.6667,0.605,8
3509,tests/train_files/train_none_none_dominated_no_medium_v02.simpl,3,1999.9999,0.605,8
3510,tests/train_files/train_none_none_dominated_no_medium_v03.simpl,3,1600.0000,0.605,8
3511,tests/train_files/train_none_none_dominated_no_tiny_v01.simpl,3,333.3333,0.605,1
3512,tests/train_files/train_none_none_dominated_no_tiny_v02.simpl,3,500.0000,0.605,1
3513,tests/train_files/train_none_none_dominated_no_tiny_v03.simpl,3,500.0000,0.605,1
3514,tests/train_files/train_none_none_none_no_large_v01.simpl,3,3500.0000,0.605,49
3515,tests/train_files/train_none_none_none_no_large_v02.simpl,3,3266.6667,0.605,49
3516,tests/train_files/train_none_none_none_no_large_v03.simpl,3,3500.0000,0.605,49
3517,tests/train_files/train_none_none_none_no_medium_v01.simpl,3,1999.9999,0.604,8
3518,tests/train_files/train_none_none_none_no_medium_v02.simpl,3,2666.6667,0.604,8
3519,tests/train_files/train_none_none_none_no_medium_v03.simpl,3,2666.6667,0.604,8
3520,tests/train_files/train_none_none_none_no_tiny_v01.simpl,3,0.0000,0.604,0
3521,tests/train_files/train_none_none_none_no_tiny_v02.simpl,3,0.0000,0.604,0
3522,tests/train_files/train_none_none_none_no_tiny_v03.simpl,3,0.0000,0.604,0
3523,tests/train_files/train_shallow_few_dominated_has_large_v01.simpl,3,2235.2939,0.604,38
3524,tests/train_files/train_shallow_few_dominated_has_large_v02.simpl,3,1565.2174,0.604,36
3525,tests/train_files/train_shallow_few_dominated_has_large_v03.simpl,3,1800.0000,0.604,36
3526,tests/train_files/train_shallow_few_dominated_has_medium_v01.simpl,3,454.5455,0.603,5
3527,tests/train_files/train_shallow_few_dominated_has_medium_v02.simpl,3,230.7692,0.603,3
3528,tests/train_files/train_shallow_few_dominated_has_medium_v03.simpl,3,333.3333,0.603,3
3529,tests/train_files/train_shallow_few_dominated_no_large_v01.simpl,3,1869.0476,0.603,35
3530,tests/train_files/train_shallow_few_dominated_no_large_v02.simpl,3,1833.3334,0.603,33
3531,tests/train_files/train_shallow_few_dominated_no_large_v03.simpl,3,2039.4738,0.603,35
3532,tests/train_files/train_shallow_few_dominated_no_medium_v01.simpl,3,566.6666,0.603,2
3533,tests/train_files/train_shallow_few_dominated_no_medium_v02.simpl,3,0.0000,0.603,0
3534,tests/train_files/train_shallow_few_dominated_no_medium_v03.simpl,3,576.9230,0.603,2
3535,tests/train_files/train_shallow_few_light_has_large_v01.simpl,3,2352.9412,0.602,40
3536,tests/train_files/train_shallow_few_light_has_large_v02.simpl,3,2235.2939,0.602,38
3537,tests/train_files/train_shallow_few_light_has_large_v03.simpl,3,1583.3334,0.602,38
3538,tests/train_files/train_shallow_few_light_has_medium_v01.simpl,3,500.0000,0.602,5
3539,tests/train_files/train_shallow_few_light_has_medium_v02.simpl,3,300.0000,0.602,3
3540,tests/train_files/train_shallow_few_light_has_medium_v03.simpl,3,333.3333,0.602,3
3541,tests/train_files/train_shallow_few_light_no_large_v01.simpl,3,2144.7368,0.602,37
3542,tests/train_files/train_shallow_few_light_no_large_v02.simpl,3,1842.1053,0.602,35
3543,tests/train_files/train_shallow_few_light_no_large_v03.simpl,3,2133.3333,0.602,37
3544,tests/train_files/train_shallow_few_light_no_medium_v01.simpl,3,1100.0000,0.601,2
3545,tests/train_files/train_shallow_few_light_no_medium_v02.simpl,3,0.0000,0.601,0
3546,tests/train_files/train_shallow_few_light_no_medium_v03.simpl,3,1111.1111,0.601,2
3547,tests/train_files/train_shallow_few_none_has_large_v01.simpl,3,2210.5264,0.601,42
3548,tests/train_files/train_shallow_few_none_has_large_v02.simpl,3,2352.9412,0.601,40
3549,tests/train_files/train_shallow_few_none_has_large_v03.simpl,3,1739.1304,0.601,40
3550,tests/train_files/train_shallow_few_none_has_medium_v01.simpl,3,500.0000,0.601,5
3551,tests/train_files/train_shallow_few_none_has_medium_v02.simpl,3,333.3333,0.601,3
3552,tests/train_files/train_shallow_few_none_has_medium_v03.simpl,3,272.7273,0.601,3
3553,tests/train_files/train_shallow_few_none_no_large_v01.simpl,3,2059.5237,0.600,39
3554,tests/train_files/train_shallow_few_none_no_large_v02.simpl,3,1681.8182,0.600,37
3555,tests/train_files/train_shallow_few_none_no_large_v03.simpl,3,1902.1740,0.600,39
3556,tests/train_files/train_shallow_few_none_no_medium_v01.simpl,3,1100.0000,0.600,2
3557,tests/train_files/train_shallow_few_none_no_medium_v02.simpl,3,0.0000,0.600,0
3558,tests/train_files/train_shallow_few_none_no_medium_v03.simpl,3,600.0000,0.600,2
3559,tests/train_files/train_shallow_many_dominated_has_large_v01.simpl,3,2663.1580,0.600,31
3560,tests/train_files/train_shallow_many_dominated_has_large_v02.simpl,3,2111.1111,0.600,28
3561,tests/train_files/train_shallow_many_dominated_has_large_v03.simpl,3,2067.6692,0.600,29
3562,tests/train_files/train_shallow_many_dominated_has_medium_v01.simpl,3,2583.3333,0.599,10
3563,tests/train_files/train_shallow_many_dominated_has_medium_v02.simpl,3,1403.8462,0.599,7
3564,tests/train_files/train_shallow_many_dominated_has_medium_v03.simpl,3,1642.8571,0.599,8
3565,tests/train_files/train_shallow_many_dominated_no_large_v01.simpl,3,3175.0000,0.599,31
3566,tests/train_files/train_shallow_many_dominated_no_large_v02.simpl,3,2333.3335,0.599,28
3567,tests/train_files/train_shallow_many_dominated_no_large_v03.simpl,3,2766.6667,0.599,29
3568,tests/train_files/train_shallow_many_dominated_no_medium_v01.simpl,3,2333.3333,0.599,10
3569,tests/train_files/train_shallow_many_dominated_no_medium_v02.simpl,3,1400.0000,0.599,7
3570,tests/train_files/train_shallow_many_dominated_no_medium_v03.simpl,3,1999.9999,0.598,8
3571,tests/train_files/train_shallow_many_light_has_large_v01.simpl,3,3416.6665,0.598,37
3572,tests/train_files/train_shallow_many_light_has_large_v02.simpl,3,2444.4446,0.598,34
3573,tests/train_files/train_shallow_many_light_has_large_v03.simpl,3,2580.9524,0.598,35
3574,tests/train_files/train_shallow_many_light_has_medium_v01.simpl,3,2583.3333,0.598,10
3575,tests/train_files/train_shallow_many_light_has_medium_v02.simpl,3,1820.5128,0.598,7
3576,tests/train_files/train_shallow_many_light_has_medium_v03.simpl,3,1642.8571,0.598,8
3577,tests/train_files/train_shallow_many_light_no_large_v01.simpl,3,3200.0000,0.598,37
3578,tests/train_files/train_shallow_many_light_no_large_v02.simpl,3,2988.2354,0.598,34
3579,tests/train_files/train_shallow_many_light_no_large_v03.simpl,3,2619.0479,0.597,35
3580,tests/train_files/train_shallow_many_light_no_medium_v01.simpl,3,2333.3333,0.597,10
3581,tests/train_files/train_shallow_many_light_no_medium_v02.simpl,3,2333.3333,0.597,7
3582,tests/train_files/train_shallow_many_light_no_medium_v03.simpl,3,2666.6667,0.597,8
3583,tests/train_files/train_shallow_many_none_has_large_v01.simpl,3,3000.0000,0.597,39
3584,tests/train_files/train_shallow_many_none_has_large_v02.simpl,3,2555.5557,0.597,36
3585,tests/train_files/train_shallow_many_none_has_large_v03.simpl,3,2409.0908,0.597,37
3586,tests/train_files/train_shallow_many_none_has_medium_v01.simpl,3,2606.0605,0.597,10
3587,tests/train_files/train_shallow_many_none_has_medium_v02.simpl,3,1403.8462,0.597,7
3588,tests/train_files/train_shallow_many_none_has_medium_v03.simpl,3,1642.8571,0.596,8
3589,tests/train_files/train_shallow_many_none_no_large_v01.simpl,3,3466.6667,0.596,39
3590,tests/train_files/train_shallow_many_none_no_large_v02.simpl,3,2780.9524,0.596,36
3591,tests/train_files/train_shallow_many_none_no_large_v03.simpl,3,2918.1819,0.596,37
3592,tests/train_files/train_shallow_many_none_no_medium_v01.simpl,3,3076.9231,0.596,10
3593,tests/train_files/train_shallow_many_none_no_medium_v02.simpl,3,2333.3333,0.596,7
3594,tests/train_files/train_shallow_many_none_no_medium_v03.simpl,3,2666.6667,0.596,8
3595,tests/train_files/train_shallow_none_dominated_no_large_v01.simpl,3,2333.3335,0.596,42
3596,tests/train_files/train_shallow_none_dominated_no_large_v02.simpl,3,2100.0000,0.596,42
3597,tests/train_files/train_shallow_none_dominated_no_large_v03.simpl,3,2470.5881,0.595,42
3598,tests/train_files/train_shallow_none_dominated_no_medium_v01.simpl,3,125.0000,0.595,1
3599,tests/train_files/train_shallow_none_dominated_no_medium_v02.simpl,3,142.8571,0.595,1
3600,tests/train_files/train_shallow_none_dominated_no_medium_v03.simpl,3,166.6667,0.595,1
3601,tests/train_files/train_shallow_none_none_no_large_v01.simpl,3,2470.5881,0.595,42
3602,tests/train_files/train_shallow_none_none_no_large_v02.simpl,3,2210.5264,0.595,42
3603,tests/train_files/train_shallow_none_none_no_large_v03.simpl,3,1555.5555,0.595,42
3604,tests/train_files/train_shallow_none_none_no_medium_v01.simpl,3,125.0000,0.595,1
3605,tests/train_files/train_shallow_none_none_no_medium_v02.simpl,3,83.3333,0.595,1
3606,tests/train_files/train_shallow_none_none_no_medium_v03.simpl,3,111.1111,0.594,1
3607,tests/train_files/train_shallow_none_none_no_tiny_v01.simpl,3,0.0000,0.594,0
3608,tests/train_files/train_shallow_none_none_no_tiny_v02.simpl,3,0.0000,0.594,0
3609,tests/train_files/train_shallow_none_none_no_tiny_v03.simpl,3,0.0000,0.594,0
3610,tests/train_files/train_deep_few_dominated_has_large_v01.simpl,3,1476.1906,0.594,31
3611,tests/train_files/train_deep_few_dominated_has_large_v02.simpl,3,1450.0000,0.594,29
3612,tests/train_files/train_deep_few_dominated_has_large_v03.simpl,3,1318.1819,0.594,29
3613,tests/train_files/train_deep_few_dominated_has_medium_v01.simpl,3,357.1429,0.594,5
3614,tests/train_files/train_deep_few_dominated_has_medium_v02.simpl,3,200.0000,0.594,3
3615,tests/train_files/train_deep_few_dominated_has_medium_v03.simpl,3,176.4706,0.593,3
3616,tests/train_files/train_deep_few_dominated_no_large_v01.simpl,3,1535.7144,0.593,28
3617,tests/train_files/train_deep_few_dominated_no_large_v02.simpl,3,1181.8182,0.593,26
3618,tests/train_files/train_deep_few_dominated_no_large_v03.simpl,3,1477.2727,0.593,28
3619,tests/train_files/train_deep_few_dominated_no_medium_v01.simpl,3,555.5555,0.593,2
3620,tests/train_files/train_deep_few_dominated_no_medium_v02.simpl,3,0.0000,0.593,0
3621,tests/train_files/train_deep_few_dominated_no_medium_v03.simpl,3,566.6666,0.593,2
3622,tests/train_files/train_deep_few_light_has_large_v01.simpl,3,1650.0000,0.593,33
3623,tests/train_files/train_deep_few_light_has_large_v02.simpl,3,1476.1906,0.593,31
3624,tests/train_files/train_deep_few_light_has_large_v03.simpl,3,1347.8260,0.592,31
3625,tests/train_files/train_deep_few_light_has_medium_v01.simpl,3,333.3333,0.592,5
3626,tests/train_files/train_deep_few_light_has_medium_v02.simpl,3,150.0000,0.592,3
3627,tests/train_files/train_deep_few_light_has_medium_v03.simpl,3,200.0000,0.592,3
3628,tests/train_files/train_deep_few_light_no_large_v01.simpl,3,1580.9524,0.592,30
3629,tests/train_files/train_deep_few_light_no_large_v02.simpl,3,1166.6666,0.592,28
3630,tests/train_files/train_deep_few_light_no_large_v03.simpl,3,1630.9524,0.592,30
3631,tests/train_files/train_deep_few_light_no_medium_v01.simpl,3,566.6666,0.592,2
3632,tests/train_files/train_deep_few_light_no_medium_v02.simpl,3,0.0000,0.592,0
3633,tests/train_files/train_deep_few_light_no_medium_v03.simpl,3,566.6666,0.591,2
3634,tests/train_files/train_deep_few_none_has_large_v01.simpl,3,1590.9091,0.591,35
3635,tests/train_files/train_deep_few_none_has_large_v02.simpl,3,1500.0000,0.591,33
3636,tests/train_files/train_deep_few_none_has_large_v03.simpl,3,1269.2307,0.591,33
3637,tests/train_files/train_deep_few_none_has_medium_v01.simpl,3,277.7778,0.591,5
3638,tests/train_files/train_deep_few_none_has_medium_v02.simpl,3,157.8947,0.591,3
3639,tests/train_files/train_deep_few_none_has_medium_v03.simpl,3,214.2857,0.591,3
3640,tests/train_files/train_deep_few_none_no_large_v01.simpl,3,1490.0000,0.591,32
3641,tests/train_files/train_deep_few_none_no_large_v02.simpl,3,1304.3478,0.590,30
3642,tests/train_files/train_deep_few_none_no_large_v03.simpl,3,1490.0000,0.590,32
3643,tests/train_files/train_deep_few_none_no_medium_v01.simpl,3,1066.6666,0.590,2
3644,tests/train_files/train_deep_few_none_no_medium_v02.simpl,3,0.0000,0.590,0
3645,tests/train_files/train_deep_few_none_no_medium_v03.simpl,3,571.4285,0.590,2
3646,tests/train_files/train_deep_many_dominated_has_large_v01.simpl,3,2139.1304,0.590,24
3647,tests/train_files/train_deep_many_dominated_has_large_v02.simpl,3,1727.2727,0.590,21
3648,tests/train_files/train_deep_many_dominated_has_large_v03.simpl,3,1695.6521,0.590,22
3649,tests/train_files/train_deep_many_dominated_has_medium_v01.simpl,3,1400.0000,0.590,7
3650,tests/train_files/train_deep_many_dominated_has_medium_v02.simpl,3,1000.0000,0.589,5
3651,tests/train_files/train_deep_many_dominated_has_medium_v03.simpl,3,1200.0000,0.589,6
3652,tests/train_files/train_deep_many_dominated_no_large_v01.simpl,3,2125.0000,0.589,24
3653,tests/train_files/train_deep_many_dominated_no_large_v02.simpl,3,1775.3623,0.589,21
3654,tests/train_files/train_deep_many_dominated_no_large_v03.simpl,3,2208.6958,0.589,22
3655,tests/train_files/train_deep_many_dominated_no_medium_v01.simpl,3,1858.8235,0.589,10
3656,tests/train_files/train_deep_many_dominated_no_medium_v02.simpl,3,1400.0000,0.589,7
3657,tests/train_files/train_deep_many_dominated_no_medium_v03.simpl,3,1600.0000,0.589,8
3658,tests/train_files/train_deep_many_light_has_large_v01.simpl,3,2550.0000,0.589,30
3659,tests/train_files/train_deep_many_light_has_large_v02.simpl,3,1956.5217,0.588,27
3660,tests/train_files/train_deep_many_light_has_large_v03.simpl,3,2116.6667,0.588,28
3661,tests/train_files/train_deep_many_light_has_medium_v01.simpl,3,1749.9999,0.588,7
3662,tests/train_files/train_deep_many_light_has_medium_v02.simpl,3,1000.0000,0.588,5
3663,tests/train_files/train_deep_many_light_has_medium_v03.simpl,3,1200.0000,0.588,6
3664,tests/train_files/train_deep_many_light_no_large_v01.simpl,3,2550.0000,0.588,30
3665,tests/train_files/train_deep_many_light_no_large_v02.simpl,3,2169.2307,0.588,27
3666,tests/train_files/train_deep_many_light_no_large_v03.simpl,3,2509.0908,0.588,28
3667,tests/train_files/train_deep_many_light_no_medium_v01.simpl,3,2312.5000,0.588,10
3668,tests/train_files/train_deep_many_light_no_medium_v02.simpl,3,1749.9999,0.587,7
3669,tests/train_files/train_deep_many_light_no_medium_v03.simpl,3,1600.0000,0.587,8
3670,tests/train_files/train_deep_many_none_has_large_v01.simpl,3,2400.0000,0.587,32
3671,tests/train_files/train_deep_many_none_has_large_v02.simpl,3,2090.9092,0.587,29
3672,tests/train_files/train_deep_many_none_has_large_v03.simpl,3,2200.0000,0.587,30
3673,tests/train_files/train_deep_many_none_has_medium_v01.simpl,3,1749.9999,0.587,7
3674,tests/train_files/train_deep_many_none_has_medium_v02.simpl,3,1666.6666,0.587,5
3675,tests/train_files/train_deep_many_none_has_medium_v03.simpl,3,1499.9999,0.587,6
3676,tests/train_files/train_deep_many_none_no_large_v01.simpl,3,2845.4546,0.587,32
3677,tests/train_files/train_deep_many_none_no_large_v02.simpl,3,1880.0000,0.586,29
3678,tests/train_files/train_deep_many_none_no_large_v03.simpl,3,2480.0000,0.586,30
3679,tests/train_files/train_deep_many_none_no_medium_v01.simpl,3,2308.8235,0.586,10
3680,tests/train_files/train_deep_many_none_no_medium_v02.simpl,3,1749.9999,0.586,7
3681,tests/train_files/train_deep_many_none_no_medium_v03.simpl,3,1999.9999,0.586,8
3682,tests/train_files/train_deep_none_dominated_no_large_v01.simpl,3,1944.4446,0.586,35
3683,tests/train_files/train_deep_none_dominated_no_large_v02.simpl,3,1944.4446,0.586,35
3684,tests/train_files/train_deep_none_dominated_no_large_v03.simpl,3,1750.0000,0.586,35
3685,tests/train_files/train_deep_none_dominated_no_medium_v01.simpl,3,83.3333,0.586,1
3686,tests/train_files/train_deep_none_dominated_no_medium_v02.simpl,3,90.9091,0.585,1
3687,tests/train_files/train_deep_none_dominated_no_medium_v03.simpl,3,90.9091,0.585,1
3688,tests/train_files/train_deep_none_none_no_large_v01.simpl,3,1458.3334,0.585,35
3689,tests/train_files/train_deep_none_none_no_large_v02.simpl,3,1750.0000,0.585,35
3690,tests/train_files/train_deep_none_none_no_large_v03.simpl,3,1590.9091,0.585,35
3691,tests/train_files/train_deep_none_none_no_medium_v01.simpl,3,0.0000,0.585,0
3692,tests/train_files/train_deep_none_none_no_medium_v02.simpl,3,0.0000,0.585,0
3693,tests/train_files/train_deep_none_none_no_medium_v03.simpl,3,0.0000,0.585,0
3694,tests/train_files/train_none_few_dominated_has_large_v01.simpl,3,3615.3845,0.585,47
3695,tests/train_files/train_none_few_dominated_has_large_v02.simpl,3,3357.1428,0.584,47
3696,tests/train_files/train_none_few_dominated_has_large_v03.simpl,3,2937.4998,0.584,47
3697,tests/train_files/train_none_few_dominated_has_medium_v01.simpl,3,2333.3333,0.584,7
3698,tests/train_files/train_none_few_dominated_has_medium_v02.simpl,3,1749.9999,0.584,7
3699,tests/train_files/train_none_few_dominated_has_medium_v03.simpl,3,2333.3333,0.584,7
3700,tests/train_files/train_none_few_dominated_no_large_v01.simpl,3,3133.3335,0.584,47
3701,tests/train_files/train_none_few_dominated_no_large_v02.simpl,3,3615.3845,0.584,47
3702,tests/train_files/train_none_few_dominated_no_large_v03.simpl,3,3357.1428,0.584,47
3703,tests/train_files/train_none_few_dominated_no_medium_v01.simpl,3,1749.9999,0.584,7
3704,tests/train_files/train_none_few_dominated_no_medium_v02.simpl,3,1749.9999,0.583,7
3705,tests/train_files/train_none_few_dominated_no_medium_v03.simpl,3,1749.9999,0.583,7
3706,tests/train_files/train_none_few_light_has_large_v01.simpl,3,3500.0000,0.583,49
3707,tests/train_files/train_none_few_light_has_large_v02.simpl,3,3769.2307,0.583,49
3708,tests/train_files/train_none_few_light_has_large_v03.simpl,3,3769.2307,0.583,49
3709,tests/train_files/train_none_few_light_has_medium_v01.simpl,3,1333.3334,0.583,8
3710,tests/train_files/train_none_few_light_has_medium_v02.simpl,3,2666.6667,0.583,8
3711,tests/train_files/train_none_few_light_has_medium_v03.simpl,3,1999.9999,0.583,8
3712,tests/train_files/train_none_few_light_has_tiny_v01.simpl,3,1400.0000,0.583,7
3713,tests/train_files/train_none_few_light_has_tiny_v02.simpl,3,3499.9998,0.582,7
3714,tests/train_files/train_none_few_light_has_tiny_v03.simpl,3,2333.3333,0.582,7
3715,tests/train_files/train_none_few_light_no_large_v01.simpl,3,3266.6667,0.582,49
3716,tests/train_files/train_none_few_light_no_large_v02.simpl,3,3769.2307,0.582,49
3717,tests/train_files/train_none_few_light_no_large_v03.simpl,3,3500.0000,0.582,49
3718,tests/train_files/train_none_few_light_no_medium_v01.simpl,3,2666.6667,0.582,8
3719,tests/train_files/train_none_few_light_no_medium_v02.simpl,3,2666.6667,0.582,8
3720,tests/train_files/train_none_few_light_no_medium_v03.simpl,3,2666.6667,0.582,8
3721,tests/train_files/train_none_few_light_no_tiny_v01.simpl,3,2333.3333,0.581,7
3722,tests/train_files/train_none_few_light_no_tiny_v02.simpl,3,2333.3333,0.581,7
3723,tests/train_files/train_none_few_light_no_tiny_v03.simpl,3,1749.9999,0.581,7
3724,tests/train_files/train_none_few_none_has_large_v01.simpl,3,2999.9998,0.581,51
3725,tests/train_files/train_none_few_none_has_large_v02.simpl,3,3642.8569,0.581,51
3726,tests/train_files/train_none_few_none_has_large_v03.simpl,3,3642.8569,0.581,51
3727,tests/train_files/train_none_few_none_has_medium_v01.simpl,3,2500.0000,0.581,10
3728,tests/train_files/train_none_few_none_has_medium_v02.simpl,3,2500.0000,0.581,10
3729,tests/train_files/train_none_few_none_has_medium_v03.simpl,3,2500.0000,0.581,10
3730,tests/train_files/train_none_few_none_has_tiny_v01.simpl,3,1749.9999,0.580,7
3731,tests/train_files/train_none_few_none_has_tiny_v02.simpl,3,2333.3333,0.580,7
3732,tests/train_files/train_none_few_none_has_tiny_v03.simpl,3,2333.3333,0.580,7
3733,tests/train_files/train_none_few_none_no_large_v01.simpl,3,3400.0000,0.580,51
3734,tests/train_files/train_none_few_none_no_large_v02.simpl,3,3642.8569,0.580,51
3735,tests/train_files/train_none_few_none_no_large_v03.simpl,3,3400.0000,0.580,51
3736,tests/train_files/train_none_few_none_no_medium_v01.simpl,3,2500.0000,0.580,10
3737,tests/train_files/train_none_few_none_no_medium_v02.simpl,3,3333.3333,0.580,10
3738,tests/train_files/train_none_few_none_no_medium_v03.simpl,3,2500.0000,0.580,10
3739,tests/train_files/train_none_few_none_no_tiny_v01.simpl,3,2333.3333,0.579,7
3740,tests/train_files/train_none_few_none_no_tiny_v02.simpl,3,2333.3333,0.579,7
3741,tests/train_files/train_none_few_none_no_tiny_v03.simpl,3,874.9999,0.579,7
3742,tests/train_files/train_none_many_dominated_has_large_v01.simpl,3,3307.6921,0.579,43
3743,tests/train_files/train_none_many_dominated_has_large_v02.simpl,3,3583.3333,0.579,43
3744,tests/train_files/train_none_many_dominated_has_large_v03.simpl,3,3071.4285,0.579,43
3745,tests/train_files/train_none_many_dominated_has_medium_v01.simpl,3,1666.6667,0.579,15
3746,tests/train_files/train_none_many_dominated_has_medium_v02.simpl,3,3000.0000,0.579,15
3747,tests/train_files/train_none_many_dominated_has_medium_v03.simpl,3,3000.0000,0.579,15
3748,tests/train_files/train_none_many_dominated_no_large_v01.simpl,3,3307.6921,0.578,43
3749,tests/train_files/train_none_many_dominated_no_large_v02.simpl,3,2866.6667,0.578,43
3750,tests/train_files/train_none_many_dominated_no_large_v03.simpl,3,3583.3333,0.578,43
3751,tests/train_files/train_none_many_dominated_no_medium_v01.simpl,3,3000.0000,0.578,15
3752,tests/train_files/train_none_many_dominated_no_medium_v02.simpl,3,3000.0000,0.578,15
3753,tests/train_files/train_none_many_dominated_no_medium_v03.simpl,3,3000.0000,0.578,15
3754,tests/train_files/train_none_many_light_has_large_v01.simpl,3,2882.3528,0.578,49
3755,tests/train_files/train_none_many_light_has_large_v02.simpl,3,3266.6667,0.578,49
3756,tests/train_files/train_none_many_light_has_large_v03.simpl,3,4083.3333,0.578,49
3757,tests/train_files/train_none_many_light_has_medium_v01.simpl,3,3749.9998,0.577,15
3758,tests/train_files/train_none_many_light_has_medium_v02.simpl,3,3000.0000,0.577,15
3759,tests/train_files/train_none_many_light_has_medium_v03.simpl,3,1874.9999,0.577,15
3760,tests/train_files/train_none_many_light_no_large_v01.simpl,3,3500.0000,0.577,49
3761,tests/train_files/train_none_many_light_no_large_v02.simpl,3,3266.6667,0.577,49
3762,tests/train_files/train_none_many_light_no_large_v03.simpl,3,3769.2307,0.577,49
3763,tests/train_files/train_none_many_light_no_medium_v01.simpl,3,3000.0000,0.577,15
3764,tests/train_files/train_none_many_light_no_medium_v02.simpl,3,3000.0000,0.577,15
3765,tests/train_files/train_none_many_light_no_medium_v03.simpl,3,3749.9998,0.577,15
3766,tests/train_files/train_none_many_none_has_large_v01.simpl,3,3642.8569,0.576,51
3767,tests/train_files/train_none_many_none_has_large_v02.simpl,3,3642.8569,0.576,51
3768,tests/train_files/train_none_many_none_has_large_v03.simpl,3,3187.4998,0.576,51
3769,tests/train_files/train_none_many_none_has_medium_v01.simpl,3,3749.9998,0.576,15
3770,tests/train_files/train_none_many_none_has_medium_v02.simpl,3,3749.9998,0.576,15
3771,tests/train_files/train_none_many_none_has_medium_v03.simpl,3,3000.0000,0.576,15
3772,tests/train_files/train_none_many_none_no_large_v01.simpl,3,2833.3335,0.576,51
3773,tests/train_files/train_none_many_none_no_large_v02.simpl,3,3923.0769,0.576,51
3774,tests/train_files/train_none_many_none_no_large_v03.simpl,3,3187.4998,0.576,51
3775,tests/train_files/train_none_many_none_no_medium_v01.simpl,3,3000.0000,0.575,15
3776,tests/train_files/train_none_many_none_no_medium_v02.simpl,3,3749.9998,0.575,15
3777,tests/train_files/train_none_many_none_no_medium_v03.simpl,3,3749.9998,0.575,15
3778,tests/train_files/train_none_none_dominated_no_large_v01.simpl,3,3500.0000,0.575,49
3779,tests/train_files/train_none_none_dominated_no_large_v02.simpl,3,3266.6667,0.575,49
3780,tests/train_files/train_none_none_dominated_no_large_v03.simpl,3,3062.4998,0.575,49
3781,tests/train_files/train_none_none_dominated_no_medium_v01.simpl,3,1999.9999,0.575,8
3782,tests/train_files/train_none_none_dominated_no_medium_v02.simpl,3,1999.9999,0.575,8
3783,tests/train_files/train_none_none_dominated_no_medium_v03.simpl,3,1999.9999,0.575,8
3784,tests/train_files/train_none_none_dominated_no_tiny_v01.simpl,3,333.3333,0.574,1
3785,tests/train_files/train_none_none_dominated_no_tiny_v02.simpl,3,333.3333,0.574,1
3786,tests/train_files/train_none_none_dominated_no_tiny_v03.simpl,3,500.0000,0.574,1
3787,tests/train_files/train_none_none_none_no_large_v01.simpl,3,3769.2307,0.574,49
3788,tests/train_files/train_none_none_none_no_large_v02.simpl,3,2882.3528,0.574,49
3789,tests/train_files/train_none_none_none_no_large_v03.simpl,3,3062.4998,0.574,49
3790,tests/train_files/train_none_none_none_no_medium_v01.simpl,3,2666.6667,0.574,8
3791,tests/train_files/train_none_none_none_no_medium_v02.simpl,3,1999.9999,0.574,8
3792,tests/train_files/train_none_none_none_no_medium_v03.simpl,3,2666.6667,0.574,8
3793,tests/train_files/train_none_none_none_no_tiny_v01.simpl,3,0.0000,0.573,0
3794,tests/train_files/train_none_none_none_no_tiny_v02.simpl,3,0.0000,0.573,0
3795,tests/train_files/train_none_none_none_no_tiny_v03.simpl,3,0.0000,0.573,0
3796,tests/train_files/train_shallow_few_dominated_has_large_v01.simpl,3,2111.1111,0.573,38
3797,tests/train_files/train_shallow_few_dominated_has_large_v02.simpl,3,1714.2858,0.573,36
3798,tests/train_files/train_shallow_few_dominated_has_large_v03.simpl,3,1500.0000,0.573,36
3799,tests/train_files/train_shallow_few_dominated_has_medium_v01.simpl,3,454.5455,0.573,5
3800,tests/train_files/train_shallow_few_dominated_has_medium_v02.simpl,3,300.0000,0.573,3
3801,tests/train_files/train_shallow_few_dominated_has_medium_v03.simpl,3,272.7273,0.572,3
3802,tests/train_files/train_shallow_few_dominated_no_large_v01.simpl,3,1950.0000,0.572,35
3803,tests/train_files/train_shallow_few_dominated_no_large_v02.simpl,3,1833.3334,0.572,33
3804,tests/train_files/train_shallow_few_dominated_no_large_v03.simpl,3,1666.6666,0.572,35
3805,tests/train_files/train_shallow_few_dominated_no_medium_v01.simpl,3,590.9091,0.572,2
3806,tests/train_files/train_shallow_few_dominated_no_medium_v02.simpl,3,0.0000,0.572,0
3807,tests/train_files/train_shallow_few_dominated_no_medium_v03.simpl,3,590.9091,0.572,2
3808,tests/train_files/train_shallow_few_light_has_large_v01.simpl,3,2222.2224,0.572,40
3809,tests/train_files/train_shallow_few_light_has_large_v02.simpl,3,2111.1111,0.572,38
3810,tests/train_files/train_shallow_few_light_has_large_v03.simpl,3,1652.1740,0.571,38
3811,tests/train_files/train_shallow_few_light_has_medium_v01.simpl,3,454.5455,0.571,5
3812,tests/train_files/train_shallow_few_light_has_medium_v02.simpl,3,333.3333,0.571,3
3813,tests/train_files/train_shallow_few_light_has_medium_v03.simpl,3,250.0000,0.571,3
3814,tests/train_files/train_shallow_few_light_no_large_v01.simpl,3,2144.7368,0.571,37
3815,tests/train_files/train_shallow_few_light_no_large_v02.simpl,3,1458.3334,0.571,35
3816,tests/train_files/train_shallow_few_light_no_large_v03.simpl,3,2144.7368,0.571,37
3817,tests/train_files/train_shallow_few_light_no_medium_v01.simpl,3,611.1111,0.571,2
3818,tests/train_files/train_shallow_few_light_no_medium_v02.simpl,3,0.0000,0.571,0
3819,tests/train_files/train_shallow_few_light_no_medium_v03.simpl,3,1100.0000,0.570,2
3820,tests/train_files/train_shallow_few_none_has_large_v01.simpl,3,2333.3335,0.570,42
3821,tests/train_files/train_shallow_few_none_has_large_v02.simpl,3,2105.2632,0.570,40
3822,tests/train_files/train_shallow_few_none_has_large_v03.simpl,3,1904.7620,0.570,40
3823,tests/train_files/train_shallow_few_none_has_medium_v01.simpl,3,555.5556,0.570,5
3824,tests/train_files/train_shallow_few_none_has_medium_v02.simpl,3,272.7273,0.570,3
3825,tests/train_files/train_shallow_few_none_has_medium_v03.simpl,3,333.3333,0.570,3
3826,tests/train_files/train_shallow_few_none_no_large_v01.simpl,3,2250.0000,0.570,39
3827,tests/train_files/train_shallow_few_none_no_large_v02.simpl,3,1761.9048,0.570,37
3828,tests/train_files/train_shallow_few_none_no_large_v03.simpl,3,1783.3334,0.569,39
3829,tests/train_files/train_shallow_few_none_no_medium_v01.simpl,3,600.0000,0.569,2
3830,tests/train_files/train_shallow_few_none_no_medium_v02.simpl,3,0.0000,0.569,0
3831,tests/train_files/train_shallow_few_none_no_medium_v03.simpl,3,1100.0000,0.569,2
3832,tests/train_files/train_shallow_many_dominated_has_large_v01.simpl,3,2429.8247,0.569,31
3833,tests/train_files/train_shallow_many_dominated_has_large_v02.simpl,3,2210.5264,0.569,28
3834,tests/train_files/train_shallow_many_dominated_has_large_v03.simpl,3,2410.5264,0.569,29
3835,tests/train_files/train_shallow_many_dominated_has_medium_v01.simpl,3,1999.9999,0.569,10
3836,tests/train_files/train_shallow_many_dominated_has_medium_v02.simpl,3,1142.8572,0.569,7
3837,tests/train_files/train_shallow_many_dominated_has_medium_v03.simpl,3,1642.8571,0.568,8
3838,tests/train_files/train_shallow_many_dominated_no_large_v01.simpl,3,2957.8948,0.568,31
3839,tests/train_files/train_shallow_many_dominated_no_large_v02.simpl,3,2401.9607,0.568,28
3840,tests/train_files/train_shallow_many_dominated_no_large_v03.simpl,3,2766.6667,0.568,29
3841,tests/train_files/train_shallow_many_dominated_no_medium_v01.simpl,3,2340.9092,0.568,10
3842,tests/train_files/train_shallow_many_dominated_no_medium_v02.simpl,3,1400.0000,0.568,7
3843,tests/train_files/train_shallow_many_dominated_no_medium_v03.simpl,3,1999.9999,0.568,8
3844,tests/train_files/train_shallow_many_light_has_large_v01.simpl,3,3416.6665,0.568,37
3845,tests/train_files/train_shallow_many_light_has_large_v02.simpl,3,2359.6492,0.568,34
3846,tests/train_files/train_shallow_many_light_has_large_v03.simpl,3,2726.3159,0.567,35
3847,tests/train_files/train_shallow_many_light_has_medium_v01.simpl,3,2583.3333,0.567,10
3848,tests/train_files/train_shallow_many_light_has_medium_v02.simpl,3,1375.0000,0.567,7
3849,tests/train_files/train_shallow_many_light_has_medium_v03.simpl,3,2111.1111,0.567,8
3850,tests/train_files/train_shallow_many_light_no_large_v01.simpl,3,3447.0586,0.567,37
3851,tests/train_files/train_shallow_many_light_no_large_v02.simpl,3,2685.7144,0.567,34
3852,tests/train_files/train_shallow_many_light_no_large_v03.simpl,3,2563.9097,0.567,35
3853,tests/train_files/train_shallow_many_light_no_medium_v01.simpl,3,2326.9231,0.567,10
3854,tests/train_files/train_shallow_many_light_no_medium_v02.simpl,3,1749.9999,0.567,7
3855,tests/train_files/train_shallow_many_light_no_medium_v03.simpl,3,2666.6667,0.566,8
3856,tests/train_files/train_shallow_many_none_has_large_v01.simpl,3,3527.7778,0.566,39
3857,tests/train_files/train_shallow_many_none_has_large_v02.simpl,3,2722.2222,0.566,36
3858,tests/train_files/train_shallow_many_none_has_large_v03.simpl,3,2547.8262,0.566,37
3859,tests/train_files/train_shallow_many_none_has_medium_v01.simpl,3,2583.3333,0.566,10
3860,tests/train_files/train_shallow_many_none_has_medium_v02.simpl,3,1392.8572,0.566,7
3861,tests/train_files/train_shallow_many_none_has_medium_v03.simpl,3,1353.8462,0.566,8
3862,tests/train_files/train_shallow_many_none_no_large_v01.simpl,3,3564.7058,0.566,39
3863,tests/train_files/train_shallow_many_none_no_large_v02.simpl,3,2692.9824,0.566,36
3864,tests/train_files/train_shallow_many_none_no_large_v03.simpl,3,2980.9524,0.565,37
3865,tests/train_files/train_shallow_many_none_no_medium_v01.simpl,3,3090.9092,0.565,10
3866,tests/train_files/train_shallow_many_none_no_medium_v02.simpl,3,2333.3333,0.565,7
3867,tests/train_files/train_shallow_many_none_no_medium_v03.simpl,3,1999.9999,0.565,8
3868,tests/train_files/train_shallow_none_dominated_no_large_v01.simpl,3,2624.9998,0.565,42
3869,tests/train_files/train_shallow_none_dominated_no_large_v02.simpl,3,2210.5264,0.565,42
3870,tests/train_files/train_shallow_none_dominated_no_large_v03.simpl,3,1826.0869,0.565,42
3871,tests/train_files/train_shallow_none_dominated_no_medium_v01.simpl,3,142.8571,0.565,1
3872,tests/train_files/train_shallow_none_dominated_no_medium_v02.simpl,3,142.8571,0.565,1
3873,tests/train_files/train_shallow_none_dominated_no_medium_v03.simpl,3,166.6667,0.564,1
3874,tests/train_files/train_shallow_none_none_no_large_v01.simpl,3,2210.5264,0.564,42
3875,tests/train_files/train_shallow_none_none_no_large_v02.simpl,3,2000.0000,0.564,42
3876,tests/train_files/train_shallow_none_none_no_large_v03.simpl,4,1615.3845,0.564,42
3877,tests/train_files/train_shallow_none_none_no_medium_v01.simpl,4,90.9091,0.564,1
3878,tests/train_files/train_shallow_none_none_no_medium_v02.simpl,4,125.0000,0.564,1
3879,tests/train_files/train_shallow_none_none_no_medium_v03.simpl,4,111.1111,0.564,1
3880,tests/train_files/train_shallow_none_none_no_tiny_v01.simpl,4,0.0000,0.564,0
3881,tests/train_files/train_shallow_none_none_no_tiny_v02.simpl,4,0.0000,0.563,0
3882,tests/train_files/train_shallow_none_none_no_tiny_v03.simpl,4,0.0000,0.563,0
3883,tests/train_files/train_deep_few_dominated_has_large_v01.simpl,4,1676.1906,0.563,32
3884,tests/train_files/train_deep_few_dominated_has_large_v02.simpl,4,1580.9524,0.563,30
3885,tests/train_files/train_deep_few_dominated_has_large_v03.simpl,4,1460.8695,0.563,30
3886,tests/train_files/train_deep_few_dominated_has_medium_v01.simpl,4,812.5000,0.563,6
3887,tests/train_files/train_deep_few_dominated_has_medium_v02.simpl,4,1214.2856,0.563,4
3888,tests/train_files/train_deep_few_dominated_has_medium_v03.simpl,4,687.4999,0.563,4
3889,tests/train_files/train_deep_few_dominated_no_large_v01.simpl,4,1535.7144,0.563,28
3890,tests/train_files/train_deep_few_dominated_no_large_v02.simpl,4,1181.8182,0.562,26
3891,tests/train_files/train_deep_few_dominated_no_large_v03.simpl,4,1535.7144,0.562,28
3892,tests/train_files/train_deep_few_dominated_no_medium_v01.simpl,4,566.6666,0.562,2
3893,tests/train_files/train_deep_few_dominated_no_medium_v02.simpl,4,0.0000,0.562,0
3894,tests/train_files/train_deep_few_dominated_no_medium_v03.simpl,4,562.4999,0.562,2
3895,tests/train_files/train_deep_few_light_has_large_v01.simpl,4,1700.0000,0.562,34
3896,tests/train_files/train_deep_few_light_has_large_v02.simpl,4,1800.0000,0.562,32
3897,tests/train_files/train_deep_few_light_has_large_v03.simpl,4,1609.0909,0.562,32
3898,tests/train_files/train_deep_few_light_has_medium_v01.simpl,4,833.3333,0.562,6
3899,tests/train_files/train_deep_few_light_has_medium_v02.simpl,4,1187.4999,0.561,4
3900,tests/train_files/train_deep_few_light_has_medium_v03.simpl,4,700.0000,0.561,4
3901,tests/train_files/train_deep_few_light_no_large_v01.simpl,4,1568.1819,0.561,30
3902,tests/train_files/train_deep_few_light_no_large_v02.simpl,4,1217.3914,0.561,28
3903,tests/train_files/train_deep_few_light_no_large_v03.simpl,4,1568.1819,0.561,30
3904,tests/train_files/train_deep_few_light_no_medium_v01.simpl,4,566.6666,0.561,2
3905,tests/train_files/train_deep_few_light_no_medium_v02.simpl,4,0.0000,0.561,0
3906,tests/train_files/train_deep_few_light_no_medium_v03.simpl,4,566.6666,0.561,2
3907,tests/train_files/train_deep_few_none_has_large_v01.simpl,4,1833.3334,0.561,36
3908,tests/train_files/train_deep_few_none_has_large_v02.simpl,4,1625.0000,0.560,34
3909,tests/train_files/train_deep_few_none_has_large_v03.simpl,4,1469.2307,0.560,34
3910,tests/train_files/train_deep_few_none_has_medium_v01.simpl,4,812.5000,0.560,6
3911,tests/train_files/train_deep_few_none_has_medium_v02.simpl,4,676.4706,0.560,4
3912,tests/train_files/train_deep_few_none_has_medium_v03.simpl,4,1157.8947,0.560,4
3913,tests/train_files/train_deep_few_none_no_large_v01.simpl,4,1800.0000,0.560,32
3914,tests/train_files/train_deep_few_none_no_large_v02.simpl,4,1363.6364,0.560,30
3915,tests/train_files/train_deep_few_none_no_large_v03.simpl,4,1490.0000,0.560,32
3916,tests/train_files/train_deep_few_none_no_medium_v01.simpl,4,385.9649,0.560,2
3917,tests/train_files/train_deep_few_none_no_medium_v02.simpl,4,0.0000,0.559,0
3918,tests/train_files/train_deep_few_none_no_medium_v03.simpl,4,566.6666,0.559,2
3919,tests/train_files/train_deep_many_dominated_has_large_v01.simpl,4,2450.0000,0.559,25
3920,tests/train_files/train_deep_many_dominated_has_large_v02.simpl,4,1782.0513,0.559,22
3921,tests/train_files/train_deep_many_dominated_has_large_v03.simpl,4,1945.6521,0.559,23
3922,tests/train_files/train_deep_many_dominated_has_medium_v01.simpl,4,2583.3330,0.559,14
3923,tests/train_files/train_deep_many_dominated_has_medium_v02.simpl,4,1460.5264,0.559,10
3924,tests/train_files/train_deep_many_dominated_has_medium_v03.simpl,4,1910.5264,0.559,11
3925,tests/train_files/train_deep_many_dominated_no_large_v01.simpl,4,2250.0000,0.559,24
3926,tests/train_files/train_deep_many_dominated_no_large_v02.simpl,4,1560.0000,0.558,21
3927,tests/train_files/train_deep_many_dominated_no_large_v03.simpl,4,2266.6667,0.558,22
3928,tests/train_files/train_deep_many_dominated_no_medium_v01.simpl,4,1858.8235,0.558,10
3929,tests/train_files/train_deep_many_dominated_no_medium_v02.simpl,4,1400.0000,0.558,7
3930,tests/train_files/train_deep_many_dominated_no_medium_v03.simpl,4,1600.0000,0.558,8
3931,tests/train_files/train_deep_many_light_has_large_v01.simpl,4,2745.2383,0.558,31
3932,tests/train_files/train_deep_many_light_has_large_v02.simpl,4,2250.0000,0.558,28
3933,tests/train_files/train_deep_many_light_has_large_v03.simpl,4,2206.5217,0.558,29
3934,tests/train_files/train_deep_many_light_has_medium_v01.simpl,4,2436.2744,0.558,14
3935,tests/train_files/train_deep_many_light_has_medium_v02.simpl,4,1960.5264,0.557,10
3936,tests/train_files/train_deep_many_light_has_medium_v03.simpl,4,1922.2222,0.557,11
3937,tests/train_files/train_deep_many_light_no_large_v01.simpl,4,2500.0000,0.557,30
3938,tests/train_files/train_deep_many_light_no_large_v02.simpl,4,2309.0908,0.557,27
3939,tests/train_files/train_deep_many_light_no_large_v03.simpl,4,2102.5642,0.557,28
3940,tests/train_files/train_deep_many_light_no_medium_v01.simpl,4,1858.8235,0.557,10
3941,tests/train_files/train_deep_many_light_no_medium_v02.simpl,4,1749.9999,0.557,7
3942,tests/train_files/train_deep_many_light_no_medium_v03.simpl,4,1999.9999,0.557,8
3943,tests/train_files/train_deep_many_none_has_large_v01.simpl,4,2553.0303,0.557,33
3944,tests/train_files/train_deep_many_none_has_large_v02.simpl,4,2340.9092,0.556,30
3945,tests/train_files/train_deep_many_none_has_large_v03.simpl,4,2055.5557,0.556,31
3946,tests/train_files/train_deep_many_none_has_medium_v01.simpl,4,2602.9409,0.556,14
3947,tests/train_files/train_deep_many_none_has_medium_v02.simpl,4,2235.2942,0.556,10
3948,tests/train_files/train_deep_many_none_has_medium_v03.simpl,4,2210.5261,0.556,11
3949,tests/train_files/train_deep_many_none_no_large_v01.simpl,4,2895.2383,0.556,32
3950,tests/train_files/train_deep_many_none_no_large_v02.simpl,4,2046.6666,0.556,29
3951,tests/train_files/train_deep_many_none_no_large_v03.simpl,4,2179.4873,0.556,30
3952,tests/train_files/train_deep_many_none_no_medium_v01.simpl,4,2302.6316,0.556,10
3953,tests/train_files/train_deep_many_none_no_medium_v02.simpl,4,1749.9999,0.555,7
3954,tests/train_files/train_deep_many_none_no_medium_v03.simpl,4,1600.0000,0.555,8
3955,tests/train_files/train_deep_none_dominated_no_large_v01.simpl,4,1944.4446,0.555,35
3956,tests/train_files/train_deep_none_dominated_no_large_v02.simpl,4,1750.0000,0.555,35
3957,tests/train_files/train_deep_none_dominated_no_large_v03.simpl,4,1750.0000,0.555,35
3958,tests/train_files/train_deep_none_dominated_no_medium_v01.simpl,4,83.3333,0.555,1
3959,tests/train_files/train_deep_none_dominated_no_medium_v02.simpl,4,90.9091,0.555,1
3960,tests/train_files/train_deep_none_dominated_no_medium_v03.simpl,4,76.9231,0.555,1
3961,tests/train_files/train_deep_none_none_no_large_v01.simpl,4,1590.9091,0.554,35
3962,tests/train_files/train_deep_none_none_no_large_v02.simpl,4,1590.9091,0.554,35
3963,tests/train_files/train_deep_none_none_no_large_v03.simpl,4,1458.3334,0.554,35
3964,tests/train_files/train_deep_none_none_no_medium_v01.simpl,4,0.0000,0.554,0
3965,tests/train_files/train_deep_none_none_no_medium_v02.simpl,4,0.0000,0.554,0
3966,tests/train_files/train_deep_none_none_no_medium_v03.simpl,4,0.0000,0.554,0
3967,tests/train_files/train_none_few_dominated_has_large_v01.simpl,4,4186.8130,0.554,51
3968,tests/train_files/train_none_few_dominated_has_large_v02.simpl,4,4186.8130,0.554,51
3969,tests/train_files/train_none_few_dominated_has_large_v03.simpl,4,3508.9282,0.554,51
3970,tests/train_files/train_none_few_dominated_has_medium_v01.simpl,4,4333.3330,0.553,11
3971,tests/train_files/train_none_few_dominated_has_medium_v02.simpl,4,5749.9995,0.553,11
3972,tests/train_files/train_none_few_dominated_has_medium_v03.simpl,4,4333.3330,0.553,11
3973,tests/train_files/train_none_few_dominated_no_large_v01.simpl,4,3508.9282,0.553,51
3974,tests/train_files/train_none_few_dominated_no_large_v02.simpl,4,4357.1426,0.553,53
3975,tests/train_files/train_none_few_dominated_no_large_v03.simpl,4,3800.0002,0.553,51
3976,tests/train_files/train_none_few_dominated_no_medium_v01.simpl,4,5749.9995,0.553,11
3977,tests/train_files/train_none_few_dominated_no_medium_v02.simpl,4,8333.3330,0.553,13
3978,tests/train_files/train_none_few_dominated_no_medium_v03.simpl,4,4333.3330,0.553,11
3979,tests/train_files/train_none_few_light_has_large_v01.simpl,4,3166.6670,0.552,53
3980,tests/train_files/train_none_few_light_has_large_v02.simpl,4,3711.1113,0.552,53
3981,tests/train_files/train_none_few_light_has_large_v03.simpl,4,3326.7974,0.552,53
3982,tests/train_files/train_none_few_light_has_medium_v01.simpl,4,3600.0000,0.552,12
3983,tests/train_files/train_none_few_light_has_medium_v02.simpl,4,2933.3335,0.552,12
3984,tests/train_files/train_none_few_light_has_medium_v03.simpl,4,3333.3333,0.552,12
3985,tests/train_files/train_none_few_light_has_tiny_v01.simpl,4,3749.9998,0.552,11
3986,tests/train_files/train_none_few_light_has_tiny_v02.simpl,4,5749.9995,0.552,11
3987,tests/train_files/train_none_few_light_has_tiny_v03.simpl,4,5749.9995,0.552,11
3988,tests/train_files/train_none_few_light_no_large_v01.simpl,4,3078.9475,0.551,53
3989,tests/train_files/train_none_few_light_no_large_v02.simpl,4,3919.6426,0.551,55
3990,tests/train_files/train_none_few_light_no_large_v03.simpl,4,1590.9910,0.551,53
3991,tests/train_files/train_none_few_light_no_medium_v01.simpl,4,5600.0000,0.551,12
3992,tests/train_files/train_none_few_light_no_medium_v02.simpl,4,4000.0000,0.551,14
3993,tests/train_files/train_none_few_light_no_medium_v03.simpl,4,4666.6665,0.551,12
3994,tests/train_files/train_none_few_light_no_tiny_v01.simpl,4,5749.9995,0.551,11
3995,tests/train_files/train_none_few_light_no_tiny_v02.simpl,4,5333.3330,0.551,13
3996,tests/train_files/train_none_few_light_no_tiny_v03.simpl,4,6333.3330,0.551,11
3997,tests/train_files/train_none_few_none_has_large_v01.simpl,4,3900.0000,0.550,55
3998,tests/train_files/train_none_few_none_has_large_v02.simpl,4,3444.4443,0.550,55
3999,tests/train_files/train_none_few_none_has_large_v03.simpl,4,3444.4443,0.550,55
4000,tests/train_files/train_none_few_none_has_medium_v01.simpl,4,6500.0000,0.550,14
4001,tests/train_files/train_none_few_none_has_medium_v02.simpl,4,3666.6665,0.550,14
4002,tests/train_files/train_none_few_none_has_medium_v03.simpl,4,3250.0000,0.550,14
4003,tests/train_files/train_none_few_none_has_tiny_v01.simpl,4,5749.9995,0.550,11
4004,tests/train_files/train_none_few_none_has_tiny_v02.simpl,4,6333.3330,0.550,11
4005,tests/train_files/train_none_few_none_has_tiny_v03.simpl,4,6333.3330,0.550,11
4006,tests/train_files/train_none_few_none_no_large_v01.simpl,4,3900.0000,0.549,55
4007,tests/train_files/train_none_few_none_no_large_v02.simpl,4,4673.0767,0.549,57
4008,tests/train_files/train_none_few_none_no_large_v03.simpl,4,4214.2856,0.549,55
4009,tests/train_files/train_none_few_none_no_medium_v01.simpl,4,6500.0000,0.549,14
4010,tests/train_files/train_none_few_none_no_medium_v02.simpl,4,6333.3330,0.549,16
4011,tests/train_files/train_none_few_none_no_medium_v03.simpl,4,4500.0000,0.549,14
4012,tests/train_files/train_none_few_none_no_tiny_v01.simpl,4,6333.3330,0.549,11
4013,tests/train_files/train_none_few_none_no_tiny_v02.simpl,4,5333.3330,0.549,13
4014,tests/train_files/train_none_few_none_no_tiny_v03.simpl,4,6333.3330,0.549,11
4015,tests/train_files/train_none_many_dominated_has_large_v01.simpl,4,3580.9524,0.548,48
4016,tests/train_files/train_none_many_dominated_has_large_v02.simpl,4,4200.0000,0.548,51
4017,tests/train_files/train_none_many_dominated_has_large_v03.simpl,4,3887.4998,0.548,49
4018,tests/train_files/train_none_many_dominated_has_medium_v01.simpl,4,4666.6665,0.548,20
4019,tests/train_files/train_none_many_dominated_has_medium_v02.simpl,4,7000.0000,0.548,23
4020,tests/train_files/train_none_many_dominated_has_medium_v03.simpl,4,6000.0000,0.548,21
4021,tests/train_files/train_none_many_dominated_no_large_v01.simpl,4,2834.5864,0.548,47
4022,tests/train_files/train_none_many_dominated_no_large_v02.simpl,4,4238.0952,0.548,50
4023,tests/train_files/train_none_many_dominated_no_large_v03.simpl,4,4583.3330,0.548,48
4024,tests/train_files/train_none_many_dominated_no_medium_v01.simpl,4,5000.0000,0.547,19
4025,tests/train_files/train_none_many_dominated_no_medium_v02.simpl,4,6500.0000,0.547,22
4026,tests/train_files/train_none_many_dominated_no_medium_v03.simpl,4,5500.0000,0.547,20
4027,tests/train_files/train_none_many_light_has_large_v01.simpl,4,4125.0000,0.547,54
4028,tests/train_files/train_none_many_light_has_large_v02.simpl,4,4912.0879,0.547,57
4029,tests/train_files/train_none_many_light_has_large_v03.simpl,4,4062.4998,0.547,55
4030,tests/train_files/train_none_many_light_has_medium_v01.simpl,4,7142.8574,0.547,20
4031,tests/train_files/train_none_many_light_has_medium_v02.simpl,4,7000.0000,0.547,23
4032,tests/train_files/train_none_many_light_has_medium_v03.simpl,4,6000.0000,0.547,21
4033,tests/train_files/train_none_many_light_no_large_v01.simpl,4,4071.4285,0.546,53
4034,tests/train_files/train_none_many_light_no_large_v02.simpl,4,4769.2305,0.546,56
4035,tests/train_files/train_none_many_light_no_large_v03.simpl,4,4797.6191,0.546,54
4036,tests/train_files/train_none_many_light_no_medium_v01.simpl,4,5000.0000,0.546,19
4037,tests/train_files/train_none_many_light_no_medium_v02.simpl,4,5333.3330,0.546,22
4038,tests/train_files/train_none_many_light_no_medium_v03.simpl,4,5500.0000,0.546,20
4039,tests/train_files/train_none_many_none_has_large_v01.simpl,4,4025.0000,0.546,56
4040,tests/train_files/train_none_many_none_has_large_v02.simpl,4,3999.9998,0.546,59
4041,tests/train_files/train_none_many_none_has_large_v03.simpl,4,4642.8569,0.546,57
4042,tests/train_files/train_none_many_none_has_medium_v01.simpl,4,5500.0000,0.545,20
4043,tests/train_files/train_none_many_none_has_medium_v02.simpl,4,7749.9995,0.545,23
4044,tests/train_files/train_none_many_none_has_medium_v03.simpl,4,7000.0000,0.545,21
4045,tests/train_files/train_none_many_none_no_large_v01.simpl,4,4142.8569,0.545,55
4046,tests/train_files/train_none_many_none_no_large_v02.simpl,4,4275.0000,0.545,58
4047,tests/train_files/train_none_many_none_no_large_v03.simpl,4,4756.4102,0.545,56
4048,tests/train_files/train_none_many_none_no_medium_v01.simpl,4,7749.9995,0.545,19
4049,tests/train_files/train_none_many_none_no_medium_v02.simpl,4,8500.0000,0.545,22
4050,tests/train_files/train_none_many_none_no_medium_v03.simpl,4,6250.0000,0.544,20
4051,tests/train_files/train_none_none_dominated_no_large_v01.simpl,4,3769.2307,0.544,49
4052,tests/train_files/train_none_none_dominated_no_large_v02.simpl,4,3266.6667,0.544,49
4053,tests/train_files/train_none_none_dominated_no_large_v03.simpl,4,3500.0000,0.544,49
4054,tests/train_files/train_none_none_dominated_no_medium_v01.simpl,4,2666.6667,0.544,8
4055,tests/train_files/train_none_none_dominated_no_medium_v02.simpl,4,2666.6667,0.544,8
4056,tests/train_files/train_none_none_dominated_no_medium_v03.simpl,4,1999.9999,0.544,8
4057,tests/train_files/train_none_none_dominated_no_tiny_v01.simpl,4,500.0000,0.544,1
4058,tests/train_files/train_none_none_dominated_no_tiny_v02.simpl,4,500.0000,0.544,1
4059,tests/train_files/train_none_none_dominated_no_tiny_v03.simpl,4,500.0000,0.543,1
4060,tests/train_files/train_none_none_none_no_large_v01.simpl,4,3912.0879,0.543,50
4061,tests/train_files/train_none_none_none_no_large_v02.simpl,4,3912.0879,0.543,50
4062,tests/train_files/train_none_none_none_no_large_v03.simpl,4,3912.0879,0.543,50
4063,tests/train_files/train_none_none_none_no_medium_v01.simpl,4,2999.9998,0.543,9
4064,tests/train_files/train_none_none_none_no_medium_v02.simpl,4,2499.9998,0.543,9
4065,tests/train_files/train_none_none_none_no_medium_v03.simpl,4,2999.9998,0.543,9
4066,tests/train_files/train_none_none_none_no_tiny_v01.simpl,4,1333.3333,0.543,2
4067,tests/train_files/train_none_none_none_no_tiny_v02.simpl,4,1499.9999,0.543,2
4068,tests/train_files/train_none_none_none_no_tiny_v03.simpl,4,1499.9999,0.542,2
4069,tests/train_files/train_shallow_few_dominated_has_large_v01.simpl,4,2166.6667,0.542,39
4070,tests/train_files/train_shallow_few_dominated_has_large_v02.simpl,4,2000.0000,0.542,37
4071,tests/train_files/train_shallow_few_dominated_has_large_v03.simpl,4,2000.0000,0.542,37
4072,tests/train_files/train_shallow_few_dominated_has_medium_v01.simpl,4,1454.5454,0.542,6
4073,tests/train_files/train_shallow_few_dominated_has_medium_v02.simpl,4,730.7692,0.542,4
4074,tests/train_files/train_shallow_few_dominated_has_medium_v03.simpl,4,750.0000,0.542,4
4075,tests/train_files/train_shallow_few_dominated_no_large_v01.simpl,4,2039.4738,0.542,35
4076,tests/train_files/train_shallow_few_dominated_no_large_v02.simpl,4,1736.8422,0.542,33
4077,tests/train_files/train_shallow_few_dominated_no_large_v03.simpl,4,2039.4738,0.541,35
4078,tests/train_files/train_shallow_few_dominated_no_medium_v01.simpl,4,590.9091,0.541,2
4079,tests/train_files/train_shallow_few_dominated_no_medium_v02.simpl,4,0.0000,0.541,0
4080,tests/train_files/train_shallow_few_dominated_no_medium_v03.simpl,4,590.9091,0.541,2
4081,tests/train_files/train_shallow_few_light_has_large_v01.simpl,4,2388.8892,0.541,41
4082,tests/train_files/train_shallow_few_light_has_large_v02.simpl,4,2435.2939,0.541,39
4083,tests/train_files/train_shallow_few_light_has_large_v03.simpl,4,1976.1904,0.541,39
4084,tests/train_files/train_shallow_few_light_has_medium_v01.simpl,4,857.1428,0.541,6
4085,tests/train_files/train_shallow_few_light_has_medium_v02.simpl,4,1300.0000,0.541,4
4086,tests/train_files/train_shallow_few_light_has_medium_v03.simpl,4,772.7272,0.540,4
4087,tests/train_files/train_shallow_few_light_no_large_v01.simpl,4,2367.6470,0.540,37
4088,tests/train_files/train_shallow_few_light_no_large_v02.simpl,4,1944.4446,0.540,35
4089,tests/train_files/train_shallow_few_light_no_large_v03.simpl,4,1964.2858,0.540,37
4090,tests/train_files/train_shallow_few_light_no_medium_v01.simpl,4,1111.1111,0.540,2
4091,tests/train_files/train_shallow_few_light_no_medium_v02.simpl,4,0.0000,0.540,0
4092,tests/train_files/train_shallow_few_light_no_medium_v03.simpl,4,611.1111,0.540,2
4093,tests/train_files/train_shallow_few_none_has_large_v01.simpl,4,2500.0002,0.540,43
4094,tests/train_files/train_shallow_few_none_has_large_v02.simpl,4,2552.9412,0.540,41
4095,tests/train_files/train_shallow_few_none_has_large_v03.simpl,4,2071.4287,0.539,41
4096,tests/train_files/train_shallow_few_none_has_medium_v01.simpl,4,750.0000,0.539,6
4097,tests/train_files/train_shallow_few_none_has_medium_v02.simpl,4,800.0000,0.539,4
4098,tests/train_files/train_shallow_few_none_has_medium_v03.simpl,4,772.7272,0.539,4
4099,tests/train_files/train_shallow_few_none_no_large_v01.simpl,4,2361.1111,0.539,39
4100,tests/train_files/train_shallow_few_none_no_large_v02.simpl,4,1761.9048,0.539,37
4101,tests/train_files/train_shallow_few_none_no_large_v03.simpl,4,2150.0000,0.539,39
4102,tests/train_files/train_shallow_few_none_no_medium_v01.simpl,4,1111.1111,0.539,2
4103,tests/train_files/train_shallow_few_none_no_medium_v02.simpl,4,0.0000,0.539,0
4104,tests/train_files/train_shallow_few_none_no_medium_v03.simpl,4,611.1111,0.538,2
4105,tests/train_files/train_shallow_many_dominated_has_large_v01.simpl,4,2850.0000,0.538,32
4106,tests/train_files/train_shallow_many_dominated_has_large_v02.simpl,4,2361.1111,0.538,29
4107,tests/train_files/train_shallow_many_dominated_has_large_v03.simpl,4,2683.3335,0.538,30
4108,tests/train_files/train_shallow_many_dominated_has_medium_v01.simpl,4,2480.7690,0.538,11
4109,tests/train_files/train_shallow_many_dominated_has_medium_v02.simpl,4,1861.1111,0.538,8
4110,tests/train_files/train_shallow_many_dominated_has_medium_v03.simpl,4,2142.8569,0.538,9
4111,tests/train_files/train_shallow_many_dominated_no_large_v01.simpl,4,2794.1177,0.538,31
4112,tests/train_files/train_shallow_many_dominated_no_large_v02.simpl,4,2271.9297,0.538,28
4113,tests/train_files/train_shallow_many_dominated_no_large_v03.simpl,4,2766.6667,0.537,29
4114,tests/train_files/train_shallow_many_dominated_no_medium_v01.simpl,4,2333.3333,0.537,10
4115,tests/train_files/train_shallow_many_dominated_no_medium_v02.simpl,4,1749.9999,0.537,7
4116,tests/train_files/train_shallow_many_dominated_no_medium_v03.simpl,4,1999.9999,0.537,8
4117,tests/train_files/train_shallow_many_light_has_large_v01.simpl,4,3266.6667,0.537,38
4118,tests/train_files/train_shallow_many_light_has_large_v02.simpl,4,2650.0000,0.537,35
4119,tests/train_files/train_shallow_many_light_has_large_v03.simpl,4,2660.8696,0.537,36
4120,tests/train_files/train_shallow_many_light_has_medium_v01.simpl,4,3083.3333,0.537,11
4121,tests/train_files/train_shallow_many_light_has_medium_v02.simpl,4,2320.5127,0.537,8
4122,tests/train_files/train_shallow_many_light_has_medium_v03.simpl,4,1853.8462,0.536,9
4123,tests/train_files/train_shallow_many_light_no_large_v01.simpl,4,3273.6841,0.536,37
4124,tests/train_files/train_shallow_many_light_no_large_v02.simpl,4,2750.0000,0.536,34
4125,tests/train_files/train_shallow_many_light_no_large_v03.simpl,4,2773.9131,0.536,35
4126,tests/train_files/train_shallow_many_light_no_medium_v01.simpl,4,3083.3333,0.536,10
4127,tests/train_files/train_shallow_many_light_no_medium_v02.simpl,4,2333.3333,0.536,7
4128,tests/train_files/train_shallow_many_light_no_medium_v03.simpl,4,2666.6667,0.536,8
4129,tests/train_files/train_shallow_many_none_has_large_v01.simpl,4,3123.8096,0.536,40
4130,tests/train_files/train_shallow_many_none_has_large_v02.simpl,4,2922.2222,0.535,37
4131,tests/train_files/train_shallow_many_none_has_large_v03.simpl,4,2747.8262,0.535,38
4132,tests/train_files/train_shallow_many_none_has_medium_v01.simpl,4,3583.3333,0.535,11
4133,tests/train_files/train_shallow_many_none_has_medium_v02.simpl,4,2820.5127,0.535,8
4134,tests/train_files/train_shallow_many_none_has_medium_v03.simpl,4,2666.6665,0.535,9
4135,tests/train_files/train_shallow_many_none_no_large_v01.simpl,4,3300.0000,0.535,39
4136,tests/train_files/train_shallow_many_none_no_large_v02.simpl,4,3011.1113,0.535,36
4137,tests/train_files/train_shallow_many_none_no_large_v03.simpl,4,3126.3159,0.535,37
4138,tests/train_files/train_shallow_many_none_no_medium_v01.simpl,4,3090.9092,0.535,10
4139,tests/train_files/train_shallow_many_none_no_medium_v02.simpl,4,2333.3333,0.534,7
4140,tests/train_files/train_shallow_many_none_no_medium_v03.simpl,4,2666.6667,0.534,8
4141,tests/train_files/train_shallow_none_dominated_no_large_v01.simpl,4,2470.5881,0.534,42
4142,tests/train_files/train_shallow_none_dominated_no_large_v02.simpl,4,2624.9998,0.534,42
4143,tests/train_files/train_shallow_none_dominated_no_large_v03.simpl,4,2210.5264,0.534,42
4144,tests/train_files/train_shallow_none_dominated_no_medium_v01.simpl,4,111.1111,0.534,1
4145,tests/train_files/train_shallow_none_dominated_no_medium_v02.simpl,4,125.0000,0.534,1
4146,tests/train_files/train_shallow_none_dominated_no_medium_v03.simpl,4,142.8571,0.534,1
4147,tests/train_files/train_shallow_none_none_no_large_v01.simpl,4,2100.0000,0.534,42
4148,tests/train_files/train_shallow_none_none_no_large_v02.simpl,4,2333.3335,0.533,42
4149,tests/train_files/train_shallow_none_none_no_large_v03.simpl,4,2100.0000,0.533,42
4150,tests/train_files/train_shallow_none_none_no_medium_v01.simpl,4,125.0000,0.533,1
4151,tests/train_files/train_shallow_none_none_no_medium_v02.simpl,4,125.0000,0.533,1
4152,tests/train_files/train_shallow_none_none_no_medium_v03.simpl,4,125.0000,0.533,1
4153,tests/train_files/train_shallow_none_none_no_tiny_v01.simpl,4,0.0000,0.533,0
4154,tests/train_files/train_shallow_none_none_no_tiny_v02.simpl,4,0.0000,0.533,0
4155,tests/train_files/train_shallow_none_none_no_tiny_v03.simpl,4,0.0000,0.533,0
4156,tests/train_files/train_deep_few_dominated_has_large_v01.simpl,4,1551.9481,0.533,32
4157,tests/train_files/train_deep_few_dominated_has_large_v02.simpl,4,1650.0000,0.532,30
4158,tests/train_files/train_deep_few_dominated_has_large_v03.simpl,4,1580.9524,0.532,30
4159,tests/train_files/train_deep_few_dominated_has_medium_v01.simpl,4,812.5000,0.532,6
4160,tests/train_files/train_deep_few_dominated_has_medium_v02.simpl,4,700.0000,0.532,4
4161,tests/train_files/train_deep_few_dominated_has_medium_v03.simpl,4,650.0000,0.532,4
4162,tests/train_files/train_deep_few_dominated_no_large_v01.simpl,4,1477.2727,0.532,28
4163,tests/train_files/train_deep_few_dominated_no_large_v02.simpl,4,1181.8182,0.532,26
4164,tests/train_files/train_deep_few_dominated_no_large_v03.simpl,4,1330.0000,0.532,28
4165,tests/train_files/train_deep_few_dominated_no_medium_v01.simpl,4,395.8333,0.532,2
4166,tests/train_files/train_deep_few_dominated_no_medium_v02.simpl,4,0.0000,0.531,0
4167,tests/train_files/train_deep_few_dominated_no_medium_v03.simpl,4,400.0000,0.531,2
4168,tests/train_files/train_deep_few_light_has_large_v01.simpl,4,1666.6666,0.531,34
4169,tests/train_files/train_deep_few_light_has_large_v02.simpl,4,1307.1428,0.531,32
4170,tests/train_files/train_deep_few_light_has_large_v03.simpl,4,1609.0909,0.531,32
4171,tests/train_files/train_deep_few_light_has_medium_v01.simpl,4,1312.5000,0.531,6
4172,tests/train_files/train_deep_few_light_has_medium_v02.simpl,4,1157.8947,0.531,4
4173,tests/train_files/train_deep_few_light_has_medium_v03.simpl,4,714.2856,0.531,4
4174,tests/train_files/train_deep_few_light_no_large_v01.simpl,4,1630.9524,0.531,30
4175,tests/train_files/train_deep_few_light_no_large_v02.simpl,4,1166.6666,0.530,28
4176,tests/train_files/train_deep_few_light_no_large_v03.simpl,4,1568.1819,0.530,30
4177,tests/train_files/train_deep_few_light_no_medium_v01.simpl,4,571.4285,0.530,2
4178,tests/train_files/train_deep_few_light_no_medium_v02.simpl,4,0.0000,0.530,0
4179,tests/train_files/train_deep_few_light_no_medium_v03.simpl,4,571.4285,0.530,2
4180,tests/train_files/train_deep_few_none_has_large_v01.simpl,4,1733.7662,0.530,36
4181,tests/train_files/train_deep_few_none_has_large_v02.simpl,4,1821.4286,0.530,34
4182,tests/train_files/train_deep_few_none_has_large_v03.simpl,4,1666.6666,0.530,34
4183,tests/train_files/train_deep_few_none_has_medium_v01.simpl,4,1333.3333,0.530,6
4184,tests/train_files/train_deep_few_none_has_medium_v02.simpl,4,714.2856,0.529,4
4185,tests/train_files/train_deep_few_none_has_medium_v03.simpl,4,1200.0000,0.529,4
4186,tests/train_files/train_deep_few_none_no_large_v01.simpl,4,1609.0909,0.529,32
4187,tests/train_files/train_deep_few_none_no_large_v02.simpl,4,1304.3478,0.529,30
4188,tests/train_files/train_deep_few_none_no_large_v03.simpl,4,1597.8260,0.529,32
4189,tests/train_files/train_deep_few_none_no_medium_v01.simpl,4,566.6666,0.529,2
4190,tests/train_files/train_deep_few_none_no_medium_v02.simpl,4,0.0000,0.529,0
4191,tests/train_files/train_deep_few_none_no_medium_v03.simpl,4,558.8235,0.529,2
4192,tests/train_files/train_deep_many_dominated_has_large_v01.simpl,4,2506.0605,0.529,25
4193,tests/train_files/train_deep_many_dominated_has_large_v02.simpl,4,2011.9048,0.528,22
4194,tests/train_files/train_deep_many_dominated_has_large_v03.simpl,4,2211.9048,0.528,23
4195,tests/train_files/train_deep_many_dominated_has_medium_v01.simpl,4,2108.3333,0.528,14
4196,tests/train_files/train_deep_many_dominated_has_medium_v02.simpl,4,1805.5557,0.528,10
4197,tests/train_files/train_deep_many_dominated_has_medium_v03.simpl,4,1755.5557,0.528,11
4198,tests/train_files/train_deep_many_dominated_no_large_v01.simpl,4,2550.0000,0.528,24
4199,tests/train_files/train_deep_many_dominated_no_large_v02.simpl,4,1636.3635,0.528,21
4200,tests/train_files/train_deep_many_dominated_no_large_v03.simpl,4,2183.3333,0.528,22
4201,tests/train_files/train_deep_many_dominated_no_medium_v01.simpl,4,2308.8235,0.528,10
4202,tests/train_files/train_deep_many_dominated_no_medium_v02.simpl,4,1400.0000,0.527,7
4203,tests/train_files/train_deep_many_dominated_no_medium_v03.simpl,4,1600.0000,0.527,8
4204,tests/train_files/train_deep_many_light_has_large_v01.simpl,4,2695.4546,0.527,31
4205,tests/train_files/train_deep_many_light_has_large_v02.simpl,4,2039.8550,0.527,28
4206,tests/train_files/train_deep_many_light_has_large_v03.simpl,4,2166.6665,0.527,29
4207,tests/train_files/train_deep_many_light_has_medium_v01.simpl,4,2602.9409,0.527,14
4208,tests/train_files/train_deep_many_light_has_medium_v02.simpl,4,1805.5557,0.527,10
4209,tests/train_files/train_deep_many_light_has_medium_v03.simpl,4,1972.2222,0.527,11
4210,tests/train_files/train_deep_many_light_no_large_v01.simpl,4,2550.0000,0.526,30
4211,tests/train_files/train_deep_many_light_no_large_v02.simpl,4,2140.7407,0.526,27
4212,tests/train_files/train_deep_many_light_no_large_v03.simpl,4,2102.5642,0.526,28
4213,tests/train_files/train_deep_many_light_no_medium_v01.simpl,4,3058.8235,0.526,10
4214,tests/train_files/train_deep_many_light_no_medium_v02.simpl,4,1749.9999,0.526,7
4215,tests/train_files/train_deep_many_light_no_medium_v03.simpl,4,1999.9999,0.526,8
4216,tests/train_files/train_deep_many_none_has_large_v01.simpl,4,2786.3638,0.526,33
4217,tests/train_files/train_deep_many_none_has_large_v02.simpl,4,2293.4783,0.526,30
4218,tests/train_files/train_deep_many_none_has_large_v03.simpl,4,2373.0769,0.526,31
4219,tests/train_files/train_deep_many_none_has_medium_v01.simpl,4,3102.9409,0.525,14
4220,tests/train_files/train_deep_many_none_has_medium_v02.simpl,4,1972.2222,0.525,10
4221,tests/train_files/train_deep_many_none_has_medium_v03.simpl,4,2222.2222,0.525,11
4222,tests/train_files/train_deep_many_none_no_large_v01.simpl,4,2595.2383,0.525,32
4223,tests/train_files/train_deep_many_none_no_large_v02.simpl,4,2166.6665,0.525,29
4224,tests/train_files/train_deep_many_none_no_large_v03.simpl,4,2414.8149,0.525,30
4225,tests/train_files/train_deep_many_none_no_medium_v01.simpl,4,2308.8235,0.525,10
4226,tests/train_files/train_deep_many_none_no_medium_v02.simpl,4,1749.9999,0.525,7
4227,tests/train_files/train_deep_many_none_no_medium_v03.simpl,4,1999.9999,0.525,8
4228,tests/train_files/train_deep_none_dominated_no_large_v01.simpl,4,1750.0000,0.524,35
4229,tests/train_files/train_deep_none_dominated_no_large_v02.simpl,4,1750.0000,0.524,35
4230,tests/train_files/train_deep_none_dominated_no_large_v03.simpl,4,1944.4446,0.524,35
4231,tests/train_files/train_deep_none_dominated_no_medium_v01.simpl,4,83.3333,0.524,1
4232,tests/train_files/train_deep_none_dominated_no_medium_v02.simpl,4,90.9091,0.524,1
4233,tests/train_files/train_deep_none_dominated_no_medium_v03.simpl,4,90.9091,0.524,1
4234,tests/train_files/train_deep_none_none_no_large_v01.simpl,4,1666.6667,0.524,35
4235,tests/train_files/train_deep_none_none_no_large_v02.simpl,4,1842.1053,0.524,35
4236,tests/train_files/train_deep_none_none_no_large_v03.simpl,4,1590.9091,0.524,35
4237,tests/train_files/train_deep_none_none_no_medium_v01.simpl,4,0.0000,0.523,0
4238,tests/train_files/train_deep_none_none_no_medium_v02.simpl,4,0.0000,0.523,0
4239,tests/train_files/train_deep_none_none_no_medium_v03.simpl,4,0.0000,0.523,0
4240,tests/train_files/train_none_few_dominated_has_large_v01.simpl,4,3704.7620,0.523,51
4241,tests/train_files/train_none_few_dominated_has_large_v02.simpl,5,4023.8096,0.523,51
4242,tests/train_files/train_none_few_dominated_has_large_v03.simpl,5,3182.5398,0.523,51
4243,tests/train_files/train_none_few_dominated_has_medium_v01.simpl,5,5749.9995,0.523,11
4244,tests/train_files/train_none_few_dominated_has_medium_v02.simpl,5,3666.6665,0.523,11
4245,tests/train_files/train_none_few_dominated_has_medium_v03.simpl,5,6333.3330,0.523,11
4246,tests/train_files/train_none_few_dominated_no_large_v01.simpl,5,3704.7620,0.522,51
4247,tests/train_files/train_none_few_dominated_no_large_v02.simpl,5,4472.5273,0.522,53
4248,tests/train_files/train_none_few_dominated_no_large_v03.simpl,5,4186.8130,0.522,51
4249,tests/train_files/train_none_few_dominated_no_medium_v01.simpl,5,6333.3330,0.522,11
4250,tests/train_files/train_none_few_dominated_no_medium_v02.simpl,5,6874.9995,0.522,13
4251,tests/train_files/train_none_few_dominated_no_medium_v03.simpl,5,5749.9995,0.522,11
4252,tests/train_files/train_none_few_light_has_large_v01.simpl,5,3562.4998,0.522,53
4253,tests/train_files/train_none_few_light_has_large_v02.simpl,5,4071.4285,0.522,53
4254,tests/train_files/train_none_few_light_has_large_v03.simpl,5,4071.4285,0.522,53
4255,tests/train_files/train_none_few_light_has_medium_v01.simpl,5,4666.6665,0.521,12
4256,tests/train_files/train_none_few_light_has_medium_v02.simpl,5,5999.9995,0.521,12
4257,tests/train_files/train_none_few_light_has_medium_v03.simpl,5,6666.6665,0.521,12
4258,tests/train_files/train_none_few_light_has_tiny_v01.simpl,5,5749.9995,0.521,11
4259,tests/train_files/train_none_few_light_has_tiny_v02.simpl,5,3749.9998,0.521,11
4260,tests/train_files/train_none_few_light_has_tiny_v03.simpl,5,2999.9998,0.521,11
4261,tests/train_files/train_none_few_light_no_large_v01.simpl,5,4269.2305,0.521,53
4262,tests/train_files/train_none_few_light_no_large_v02.simpl,5,4250.0000,0.521,55
4263,tests/train_files/train_none_few_light_no_large_v03.simpl,5,4340.6592,0.521,53
4264,tests/train_files/train_none_few_light_no_medium_v01.simpl,5,4666.6665,0.520,12
4265,tests/train_files/train_none_few_light_no_medium_v02.simpl,5,5666.6665,0.520,14
4266,tests/train_files/train_none_few_light_no_medium_v03.simpl,5,4000.0000,0.520,12
4267,tests/train_files/train_none_few_light_no_tiny_v01.simpl,5,5749.9995,0.520,11
4268,tests/train_files/train_none_few_light_no_tiny_v02.simpl,5,8333.3330,0.520,13
4269,tests/train_files/train_none_few_light_no_tiny_v03.simpl,5,5749.9995,0.520,11
4270,tests/train_files/train_none_few_none_has_large_v01.simpl,5,3050.0000,0.520,55
4271,tests/train_files/train_none_few_none_has_large_v02.simpl,5,4142.8569,0.520,55
4272,tests/train_files/train_none_few_none_has_large_v03.simpl,5,3571.4282,0.520,55
4273,tests/train_files/train_none_few_none_has_medium_v01.simpl,5,5333.3330,0.519,14
4274,tests/train_files/train_none_few_none_has_medium_v02.simpl,5,6500.0000,0.519,14
4275,tests/train_files/train_none_few_none_has_medium_v03.simpl,5,6500.0000,0.519,14
4276,tests/train_files/train_none_few_none_has_tiny_v01.simpl,5,6333.3330,0.519,11
4277,tests/train_files/train_none_few_none_has_tiny_v02.simpl,5,6333.3330,0.519,11
4278,tests/train_files/train_none_few_none_has_tiny_v03.simpl,5,6333.3330,0.519,11
4279,tests/train_files/train_none_few_none_no_large_v01.simpl,5,3571.4282,0.519,55
4280,tests/train_files/train_none_few_none_no_large_v02.simpl,5,3749.9998,0.519,57
4281,tests/train_files/train_none_few_none_no_large_v03.simpl,5,4494.5054,0.518,55
4282,tests/train_files/train_none_few_none_no_medium_v01.simpl,5,3833.3335,0.518,14
4283,tests/train_files/train_none_few_none_no_medium_v02.simpl,5,8500.0000,0.518,16
4284,tests/train_files/train_none_few_none_no_medium_v03.simpl,5,6500.0000,0.518,14
4285,tests/train_files/train_none_few_none_no_tiny_v01.simpl,5,7499.9995,0.518,11
4286,tests/train_files/train_none_few_none_no_tiny_v02.simpl,5,5333.3330,0.518,13
4287,tests/train_files/train_none_few_none_no_tiny_v03.simpl,5,6333.3330,0.518,11
4288,tests/train_files/train_none_many_dominated_has_large_v01.simpl,5,4141.0254,0.518,48
4289,tests/train_files/train_none_many_dominated_has_large_v02.simpl,5,4450.5493,0.518,51
4290,tests/train_files/train_none_many_dominated_has_large_v03.simpl,5,5109.0908,0.517,49
4291,tests/train_files/train_none_many_dominated_has_medium_v01.simpl,5,5000.0000,0.517,20
4292,tests/train_files/train_none_many_dominated_has_medium_v02.simpl,5,6500.0000,0.517,23
4293,tests/train_files/train_none_many_dominated_has_medium_v03.simpl,5,6749.9995,0.517,21
4294,tests/train_files/train_none_many_dominated_no_large_v01.simpl,5,3879.1206,0.517,47
4295,tests/train_files/train_none_many_dominated_no_large_v02.simpl,5,4909.0908,0.517,50
4296,tests/train_files/train_none_many_dominated_no_large_v03.simpl,5,4909.0908,0.517,48
4297,tests/train_files/train_none_many_dominated_no_medium_v01.simpl,5,5000.0000,0.517,19
4298,tests/train_files/train_none_many_dominated_no_medium_v02.simpl,5,10000.0000,0.517,22
4299,tests/train_files/train_none_many_dominated_no_medium_v03.simpl,5,4666.6665,0.516,20
4300,tests/train_files/train_none_many_light_has_large_v01.simpl,5,3891.6667,0.516,54
4301,tests/train_files/train_none_many_light_has_large_v02.simpl,5,4642.8569,0.516,57
4302,tests/train_files/train_none_many_light_has_large_v03.simpl,5,4769.2305,0.516,55
4303,tests/train_files/train_none_many_light_has_medium_v01.simpl,5,6250.0000,0.516,20
4304,tests/train_files/train_none_many_light_has_medium_v02.simpl,5,6416.6665,0.516,23
4305,tests/train_files/train_none_many_light_has_medium_v03.simpl,5,8000.0000,0.516,21
4306,tests/train_files/train_none_many_light_no_large_v01.simpl,5,3633.9282,0.516,53
4307,tests/train_files/train_none_many_light_no_large_v02.simpl,5,4769.2305,0.516,56
4308,tests/train_files/train_none_many_light_no_large_v03.simpl,5,4333.3335,0.515,54
4309,tests/train_files/train_none_many_light_no_medium_v01.simpl,5,7000.0000,0.515,19
4310,tests/train_files/train_none_many_light_no_medium_v02.simpl,5,6500.0000,0.515,22
4311,tests/train_files/train_none_many_light_no_medium_v03.simpl,5,6250.0000,0.515,20
4312,tests/train_files/train_none_many_none_has_large_v01.simpl,5,4357.1426,0.515,56
4313,tests/train_files/train_none_many_none_has_large_v02.simpl,5,5065.9341,0.515,59
4314,tests/train_files/train_none_many_none_has_large_v03.simpl,5,4187.5000,0.515,57
4315,tests/train_files/train_none_many_none_has_medium_v01.simpl,5,6250.0000,0.515,20
4316,tests/train_files/train_none_many_none_has_medium_v02.simpl,5,7749.9995,0.515,23
4317,tests/train_files/train_none_many_none_has_medium_v03.simpl,5,11000.0000,0.514,21
4318,tests/train_files/train_none_many_none_no_large_v01.simpl,5,3333.3335,0.514,55
4319,tests/train_files/train_none_many_none_no_large_v02.simpl,5,4062.4998,0.514,58
4320,tests/train_files/train_none_many_none_no_large_v03.simpl,5,5083.3335,0.514,56
4321,tests/train_files/train_none_many_none_no_medium_v01.simpl,5,7000.0000,0.514,19
4322,tests/train_files/train_none_many_none_no_medium_v02.simpl,5,7249.9995,0.514,22
4323,tests/train_files/train_none_many_none_no_medium_v03.simpl,5,8000.0000,0.514,20
4324,tests/train_files/train_none_none_dominated_no_large_v01.simpl,5,3062.4998,0.514,49
4325,tests/train_files/train_none_none_dominated_no_large_v02.simpl,5,3769.2307,0.514,49
4326,tests/train_files/train_none_none_dominated_no_large_v03.simpl,5,2450.0000,0.513,49
4327,tests/train_files/train_none_none_dominated_no_medium_v01.simpl,5,1999.9999,0.513,8
4328,tests/train_files/train_none_none_dominated_no_medium_v02.simpl,5,2666.6667,0.513,8
4329,tests/train_files/train_none_none_dominated_no_medium_v03.simpl,5,2666.6667,0.513,8
4330,tests/train_files/train_none_none_dominated_no_tiny_v01.simpl,5,333.3333,0.513,1
4331,tests/train_files/train_none_none_dominated_no_tiny_v02.simpl,5,166.6667,0.513,1
4332,tests/train_files/train_none_none_dominated_no_tiny_v03.simpl,5,500.0000,0.513,1
4333,tests/train_files/train_none_none_none_no_large_v01.simpl,5,3409.5239,0.513,50
4334,tests/train_files/train_none_none_none_no_large_v02.simpl,5,2703.9475,0.513,50
4335,tests/train_files/train_none_none_none_no_large_v03.simpl,5,3391.6667,0.512,50
4336,tests/train_files/train_none_none_none_no_medium_v01.simpl,5,2499.9998,0.512,9
4337,tests/train_files/train_none_none_none_no_medium_v02.simpl,5,2499.9998,0.512,9
4338,tests/train_files/train_none_none_none_no_medium_v03.simpl,5,2999.9998,0.512,9
4339,tests/train_files/train_none_none_none_no_tiny_v01.simpl,5,1499.9999,0.512,2
4340,tests/train_files/train_none_none_none_no_tiny_v02.simpl,5,1333.3333,0.512,2
4341,tests/train_files/train_none_none_none_no_tiny_v03.simpl,5,1499.9999,0.512,2
4342,tests/train_files/train_shallow_few_dominated_has_large_v01.simpl,5,2166.6667,0.512,39
4343,tests/train_files/train_shallow_few_dominated_has_large_v02.simpl,5,2000.0000,0.512,37
4344,tests/train_files/train_shallow_few_dominated_has_large_v03.simpl,5,2166.6667,0.511,37
4345,tests/train_files/train_shallow_few_dominated_has_medium_v01.simpl,5,1555.5555,0.511,6
4346,tests/train_files/train_shallow_few_dominated_has_medium_v02.simpl,5,800.0000,0.511,4
4347,tests/train_files/train_shallow_few_dominated_has_medium_v03.simpl,5,1230.7692,0.511,4
4348,tests/train_files/train_shallow_few_dominated_no_large_v01.simpl,5,1950.0000,0.511,35
4349,tests/train_files/train_shallow_few_dominated_no_large_v02.simpl,5,1736.8422,0.511,33
4350,tests/train_files/train_shallow_few_dominated_no_large_v03.simpl,5,1950.0000,0.511,35
4351,tests/train_files/train_shallow_few_dominated_no_medium_v01.simpl,5,576.9230,0.511,2
4352,tests/train_files/train_shallow_few_dominated_no_medium_v02.simpl,5,0.0000,0.511,0
4353,tests/train_files/train_shallow_few_dominated_no_medium_v03.simpl,5,600.0000,0.510,2
4354,tests/train_files/train_shallow_few_light_has_large_v01.simpl,5,2388.8892,0.510,41
4355,tests/train_files/train_shallow_few_light_has_large_v02.simpl,5,2575.0000,0.510,39
4356,tests/train_files/train_shallow_few_light_has_large_v03.simpl,5,2166.6667,0.510,39
4357,tests/train_files/train_shallow_few_light_has_medium_v01.simpl,5,1500.0000,0.510,6
4358,tests/train_files/train_shallow_few_light_has_medium_v02.simpl,5,1230.7692,0.510,4
4359,tests/train_files/train_shallow_few_light_has_medium_v03.simpl,5,772.7272,0.510,4
4360,tests/train_files/train_shallow_few_light_no_large_v01.simpl,5,2200.0000,0.510,37
4361,tests/train_files/train_shallow_few_light_no_large_v02.simpl,5,1944.4446,0.510,35
4362,tests/train_files/train_shallow_few_light_no_large_v03.simpl,5,1815.2174,0.509,37
4363,tests/train_files/train_shallow_few_light_no_medium_v01.simpl,5,611.1111,0.509,2
4364,tests/train_files/train_shallow_few_light_no_medium_v02.simpl,5,0.0000,0.509,0
4365,tests/train_files/train_shallow_few_light_no_medium_v03.simpl,5,600.0000,0.509,2
4366,tests/train_files/train_shallow_few_none_has_large_v01.simpl,5,2377.1931,0.509,43
4367,tests/train_files/train_shallow_few_none_has_large_v02.simpl,5,2305.2632,0.509,41
4368,tests/train_files/train_shallow_few_none_has_large_v03.simpl,5,1742.8572,0.509,41
4369,tests/train_files/train_shallow_few_none_has_medium_v01.simpl,5,1500.0000,0.509,6
4370,tests/train_files/train_shallow_few_none_has_medium_v02.simpl,5,1300.0000,0.508,4
4371,tests/train_files/train_shallow_few_none_has_medium_v03.simpl,5,772.7272,0.508,4
4372,tests/train_files/train_shallow_few_none_no_large_v01.simpl,5,2150.0000,0.508,39
4373,tests/train_files/train_shallow_few_none_no_large_v02.simpl,5,1850.0000,0.508,37
4374,tests/train_files/train_shallow_few_none_no_large_v03.simpl,5,2444.4443,0.508,39
4375,tests/train_files/train_shallow_few_none_no_medium_v01.simpl,5,590.9091,0.508,2
4376,tests/train_files/train_shallow_few_none_no_medium_v02.simpl,5,0.0000,0.508,0
4377,tests/train_files/train_shallow_few_none_no_medium_v03.simpl,5,1111.1111,0.508,2
4378,tests/train_files/train_shallow_many_dominated_has_large_v01.simpl,5,2913.1580,0.508,32
4379,tests/train_files/train_shallow_many_dominated_has_large_v02.simpl,5,2233.3333,0.507,29
4380,tests/train_files/train_shallow_many_dominated_has_large_v03.simpl,5,2727.7778,0.507,30
4381,tests/train_files/train_shallow_many_dominated_has_medium_v01.simpl,5,2980.7690,0.507,11
4382,tests/train_files/train_shallow_many_dominated_has_medium_v02.simpl,5,2403.8462,0.507,8
4383,tests/train_files/train_shallow_many_dominated_has_medium_v03.simpl,5,2476.1904,0.507,9
4384,tests/train_files/train_shallow_many_dominated_no_large_v01.simpl,5,2875.0000,0.507,31
4385,tests/train_files/train_shallow_many_dominated_no_large_v02.simpl,5,2271.9297,0.507,28
4386,tests/train_files/train_shallow_many_dominated_no_large_v03.simpl,5,2192.8569,0.507,29
4387,tests/train_files/train_shallow_many_dominated_no_medium_v01.simpl,5,2333.3333,0.507,10
4388,tests/train_files/train_shallow_many_dominated_no_medium_v02.simpl,5,1749.9999,0.506,7
4389,tests/train_files/train_shallow_many_dominated_no_medium_v03.simpl,5,1999.9999,0.506,8
4390,tests/train_files/train_shallow_many_light_has_large_v01.simpl,5,3266.6667,0.506,38
4391,tests/train_files/train_shallow_many_light_has_large_v02.simpl,5,2630.9524,0.506,35
4392,tests/train_files/train_shallow_many_light_has_large_v03.simpl,5,2718.1819,0.506,36
4393,tests/train_files/train_shallow_many_light_has_medium_v01.simpl,5,2150.0000,0.506,11
4394,tests/train_files/train_shallow_many_light_has_medium_v02.simpl,5,2271.9297,0.506,8
4395,tests/train_files/train_shallow_many_light_has_medium_v03.simpl,5,2625.0000,0.506,9
4396,tests/train_files/train_shallow_many_light_no_large_v01.simpl,5,3055.5557,0.506,37
4397,tests/train_files/train_shallow_many_light_no_large_v02.simpl,5,2685.7144,0.505,34
4398,tests/train_files/train_shallow_many_light_no_large_v03.simpl,5,2950.0000,0.505,35
4399,tests/train_files/train_shallow_many_light_no_medium_v01.simpl,5,3066.6667,0.505,10
4400,tests/train_files/train_shallow_many_light_no_medium_v02.simpl,5,1749.9999,0.505,7
4401,tests/train_files/train_shallow_many_light_no_medium_v03.simpl,5,2666.6667,0.505,8
4402,tests/train_files/train_shallow_many_none_has_large_v01.simpl,5,3200.0000,0.505,40
4403,tests/train_files/train_shallow_many_none_has_large_v02.simpl,5,2831.5791,0.505,37
4404,tests/train_files/train_shallow_many_none_has_large_v03.simpl,5,2950.0000,0.505,38
4405,tests/train_files/train_shallow_many_none_has_medium_v01.simpl,5,3083.3333,0.505,11
4406,tests/train_files/train_shallow_many_none_has_medium_v02.simpl,5,2166.6665,0.504,8
4407,tests/train_files/train_shallow_many_none_has_medium_v03.simpl,5,3153.8462,0.504,9
4408,tests/train_files/train_shallow_many_none_no_large_v01.simpl,5,3466.6667,0.504,39
4409,tests/train_files/train_shallow_many_none_no_large_v02.simpl,5,2777.7778,0.504,36
4410,tests/train_files/train_shallow_many_none_no_large_v03.simpl,5,2859.6492,0.504,37
4411,tests/train_files/train_shallow_many_none_no_medium_v01.simpl,5,3090.9092,0.504,10
4412,tests/train_files/train_shallow_many_none_no_medium_v02.simpl,5,1749.9999,0.504,7
4413,tests/train_files/train_shallow_many_none_no_medium_v03.simpl,5,1999.9999,0.504,8
4414,tests/train_files/train_shallow_none_dominated_no_large_v01.simpl,5,2333.3335,0.504,42
4415,tests/train_files/train_shallow_none_dominated_no_large_v02.simpl,5,2800.0000,0.503,42
4416,tests/train_files/train_shallow_none_dominated_no_large_v03.simpl,5,2100.0000,0.503,42
4417,tests/train_files/train_shallow_none_dominated_no_medium_v01.simpl,5,166.6667,0.503,1
4418,tests/train_files/train_shallow_none_dominated_no_medium_v02.simpl,5,142.8571,0.503,1
4419,tests/train_files/train_shallow_none_dominated_no_medium_v03.simpl,5,166.6667,0.503,1
4420,tests/train_files/train_shallow_none_none_no_large_v01.simpl,5,2333.3335,0.503,42
4421,tests/train_files/train_shallow_none_none_no_large_v02.simpl,5,2470.5881,0.503,42
4422,tests/train_files/train_shallow_none_none_no_large_v03.simpl,5,2210.5264,0.503,42
4423,tests/train_files/train_shallow_none_none_no_medium_v01.simpl,5,111.1111,0.503,1
4424,tests/train_files/train_shallow_none_none_no_medium_v02.simpl,5,125.0000,0.502,1
4425,tests/train_files/train_shallow_none_none_no_medium_v03.simpl,5,111.1111,0.502,1
4426,tests/train_files/train_shallow_none_none_no_tiny_v01.simpl,5,0.0000,0.502,0
4427,tests/train_files/train_shallow_none_none_no_tiny_v02.simpl,5,0.0000,0.502,0
4428,tests/train_files/train_shallow_none_none_no_tiny_v03.simpl,5,0.0000,0.502,0
4429,tests/train_files/train_deep_few_dominated_has_large_v01.simpl,5,1750.0000,0.502,32
4430,tests/train_files/train_deep_few_dominated_has_large_v02.simpl,5,1510.8695,0.502,30
4431,tests/train_files/train_deep_few_dominated_has_large_v03.simpl,5,1518.1819,0.502,30
4432,tests/train_files/train_deep_few_dominated_has_medium_v01.simpl,5,1312.5000,0.502,6
4433,tests/train_files/train_deep_few_dominated_has_medium_v02.simpl,5,700.0000,0.501,4
4434,tests/train_files/train_deep_few_dominated_has_medium_v03.simpl,5,687.4999,0.501,4
4435,tests/train_files/train_deep_few_dominated_no_large_v01.simpl,5,1393.9393,0.501,28
4436,tests/train_files/train_deep_few_dominated_no_large_v02.simpl,5,1238.0952,0.501,26
4437,tests/train_files/train_deep_few_dominated_no_large_v03.simpl,5,1477.2727,0.501,28
4438,tests/train_files/train_deep_few_dominated_no_medium_v01.simpl,5,316.6667,0.501,2
4439,tests/train_files/train_deep_few_dominated_no_medium_v02.simpl,5,0.0000,0.501,0
4440,tests/train_files/train_deep_few_dominated_no_medium_v03.simpl,5,404.7619,0.501,2
4441,tests/train_files/train_deep_few_light_has_large_v01.simpl,5,1816.6666,0.501,34
4442,tests/train_files/train_deep_few_light_has_large_v02.simpl,5,1609.0909,0.500,32
4443,tests/train_files/train_deep_few_light_has_large_v03.simpl,5,1547.8260,0.500,32
4444,tests/train_files/train_deep_few_light_has_medium_v01.simpl,5,1333.3333,0.500,6
4445,tests/train_files/train_deep_few_light_has_medium_v02.simpl,5,687.4999,0.500,4
4446,tests/train_files/train_deep_few_light_has_medium_v03.simpl,5,714.2856,0.500,4
4447,tests/train_files/train_deep_few_light_no_large_v01.simpl,5,1630.9524,0.500,30
4448,tests/train_files/train_deep_few_light_no_large_v02.simpl,5,1217.3914,0.500,28
4449,tests/train_files/train_deep_few_light_no_large_v03.simpl,5,1568.1819,0.500,30
4450,tests/train_files/train_deep_few_light_no_medium_v01.simpl,5,400.0000,0.499,2
4451,tests/train_files/train_deep_few_light_no_medium_v02.simpl,5,0.0000,0.499,0
4452,tests/train_files/train_deep_few_light_no_medium_v03.simpl,5,566.6666,0.499,2
4453,tests/train_files/train_deep_few_none_has_large_v01.simpl,5,1916.6666,0.499,36
4454,tests/train_files/train_deep_few_none_has_large_v02.simpl,5,1700.0000,0.499,34
4455,tests/train_files/train_deep_few_none_has_large_v03.simpl,5,1601.4492,0.499,34
4456,tests/train_files/train_deep_few_none_has_medium_v01.simpl,5,1333.3333,0.499,6
4457,tests/train_files/train_deep_few_none_has_medium_v02.simpl,5,700.0000,0.499,4
4458,tests/train_files/train_deep_few_none_has_medium_v03.simpl,5,714.2856,0.499,4
4459,tests/train_files/train_deep_few_none_no_large_v01.simpl,5,1726.1906,0.498,32
4460,tests/train_files/train_deep_few_none_no_large_v02.simpl,5,1250.0000,0.498,30
4461,tests/train_files/train_deep_few_none_no_large_v03.simpl,5,1659.0909,0.498,32
4462,tests/train_files/train_deep_few_none_no_medium_v01.simpl,5,566.6666,0.498,2
4463,tests/train_files/train_deep_few_none_no_medium_v02.simpl,5,0.0000,0.498,0
4464,tests/train_files/train_deep_few_none_no_medium_v03.simpl,5,566.6666,0.498,2
4465,tests/train_files/train_deep_many_dominated_has_large_v01.simpl,5,2189.3938,0.498,25
4466,tests/train_files/train_deep_many_dominated_has_large_v02.simpl,5,2000.0001,0.498,22
4467,tests/train_files/train_deep_many_dominated_has_large_v03.simpl,5,2145.6521,0.498,23
4468,tests/train_files/train_deep_many_dominated_has_medium_v01.simpl,5,2252.9412,0.497,14
4469,tests/train_files/train_deep_many_dominated_has_medium_v02.simpl,5,1710.5264,0.497,10
4470,tests/train_files/train_deep_many_dominated_has_medium_v03.simpl,5,2210.5261,0.497,11
4471,tests/train_files/train_deep_many_dominated_no_large_v01.simpl,5,2035.7142,0.497,24
4472,tests/train_files/train_deep_many_dominated_no_large_v02.simpl,5,1775.3623,0.497,21
4473,tests/train_files/train_deep_many_dominated_no_large_v03.simpl,5,1969.6970,0.497,22
4474,tests/train_files/train_deep_many_dominated_no_medium_v01.simpl,5,1858.8235,0.497,10
4475,tests/train_files/train_deep_many_dominated_no_medium_v02.simpl,5,1400.0000,0.497,7
4476,tests/train_files/train_deep_many_dominated_no_medium_v03.simpl,5,1600.0000,0.497,8
4477,tests/train_files/train_deep_many_light_has_large_v01.simpl,5,2645.4546,0.496,31
4478,tests/train_files/train_deep_many_light_has_large_v02.simpl,5,1989.8550,0.496,28
4479,tests/train_files/train_deep_many_light_has_large_v03.simpl,5,2330.0000,0.496,29
4480,tests/train_files/train_deep_many_light_has_medium_v01.simpl,5,2583.3330,0.496,14
4481,tests/train_files/train_deep_many_light_has_medium_v02.simpl,5,1940.4762,0.496,10
4482,tests/train_files/train_deep_many_light_has_medium_v03.simpl,5,1881.8181,0.496,11
4483,tests/train_files/train_deep_many_light_no_large_v01.simpl,5,2160.7144,0.496,30
4484,tests/train_files/train_deep_many_light_no_large_v02.simpl,5,2309.0908,0.496,27
4485,tests/train_files/train_deep_many_light_no_large_v03.simpl,5,2166.6667,0.496,28
4486,tests/train_files/train_deep_many_light_no_medium_v01.simpl,5,2297.6191,0.495,10
4487,tests/train_files/train_deep_many_light_no_medium_v02.simpl,5,1749.9999,0.495,7
4488,tests/train_files/train_deep_many_light_no_medium_v03.simpl,5,1999.9999,0.495,8
4489,tests/train_files/train_deep_many_none_has_large_v01.simpl,5,2790.4761,0.495,33
4490,tests/train_files/train_deep_many_none_has_large_v02.simpl,5,2293.4783,0.495,30
4491,tests/train_files/train_deep_many_none_has_large_v03.simpl,5,2400.0000,0.495,31
4492,tests/train_files/train_deep_many_none_has_medium_v01.simpl,5,2624.9998,0.495,14
4493,tests/train_files/train_deep_many_none_has_medium_v02.simpl,5,1722.2222,0.495,10
4494,tests/train_files/train_deep_many_none_has_medium_v03.simpl,5,1768.6274,0.495,11
4495,tests/train_files/train_deep_many_none_no_large_v01.simpl,5,2800.0000,0.494,32
4496,tests/train_files/train_deep_many_none_no_large_v02.simpl,5,2012.8204,0.494,29
4497,tests/train_files/train_deep_many_none_no_large_v03.simpl,5,2600.0000,0.494,30
4498,tests/train_files/train_deep_many_none_no_medium_v01.simpl,5,2312.5000,0.494,10
4499,tests/train_files/train_deep_many_none_no_medium_v02.simpl,5,1749.9999,0.494,7
4500,tests/train_files/train_deep_many_none_no_medium_v03.simpl,5,1999.9999,0.494,8
4501,tests/train_files/train_deep_none_dominated_no_large_v01.simpl,5,1666.6667,0.494,35
4502,tests/train_files/train_deep_none_dominated_no_large_v02.simpl,5,1750.0000,0.494,35
4503,tests/train_files/train_deep_none_dominated_no_large_v03.simpl,5,1842.1053,0.494,35
4504,tests/train_files/train_deep_none_dominated_no_medium_v01.simpl,5,100.0000,0.493,1
4505,tests/train_files/train_deep_none_dominated_no_medium_v02.simpl,5,100.0000,0.493,1
4506,tests/train_files/train_deep_none_dominated_no_medium_v03.simpl,5,83.3333,0.493,1
4507,tests/train_files/train_deep_none_none_no_large_v01.simpl,5,1750.0000,0.493,35
4508,tests/train_files/train_deep_none_none_no_large_v02.simpl,5,1458.3334,0.493,35
4509,tests/train_files/train_deep_none_none_no_large_v03.simpl,5,1521.7391,0.493,35
4510,tests/train_files/train_deep_none_none_no_medium_v01.simpl,5,0.0000,0.493,0
4511,tests/train_files/train_deep_none_none_no_medium_v02.simpl,5,0.0000,0.493,0
4512,tests/train_files/train_deep_none_none_no_medium_v03.simpl,5,0.0000,0.493,0
4513,tests/train_files/train_none_few_dominated_has_large_v01.simpl,5,4186.8130,0.492,51
4514,tests/train_files/train_none_few_dominated_has_large_v02.simpl,5,3437.4998,0.492,51
4515,tests/train_files/train_none_few_dominated_has_large_v03.simpl,5,4186.8130,0.492,51
4516,tests/train_files/train_none_few_dominated_has_medium_v01.simpl,5,6333.3330,0.492,11
4517,tests/train_files/train_none_few_dominated_has_medium_v02.simpl,5,3749.9998,0.492,11
4518,tests/train_files/train_none_few_dominated_has_medium_v03.simpl,5,5400.0000,0.492,11
4519,tests/train_files/train_none_few_dominated_no_large_v01.simpl,5,3704.7620,0.492,51
4520,tests/train_files/train_none_few_dominated_no_large_v02.simpl,5,3990.4763,0.492,53
4521,tests/train_files/train_none_few_dominated_no_large_v03.simpl,5,4488.0952,0.492,51
4522,tests/train_files/train_none_few_dominated_no_medium_v01.simpl,5,4333.3330,0.491,11
4523,tests/train_files/train_none_few_dominated_no_medium_v02.simpl,5,7749.9995,0.491,13
4524,tests/train_files/train_none_few_dominated_no_medium_v03.simpl,5,5749.9995,0.491,11
4525,tests/train_files/train_none_few_light_has_large_v01.simpl,5,4340.6592,0.491,53
4526,tests/train_files/train_none_few_light_has_large_v02.simpl,5,4071.4285,0.491,53
4527,tests/train_files/train_none_few_light_has_large_v03.simpl,5,4340.6592,0.491,53
4528,tests/train_files/train_none_few_light_has_medium_v01.simpl,5,5999.9995,0.491,12
4529,tests/train_files/train_none_few_light_has_medium_v02.simpl,5,5999.9995,0.491,12
4530,tests/train_files/train_none_few_light_has_medium_v03.simpl,5,4666.6665,0.490,12
4531,tests/train_files/train_none_few_light_has_tiny_v01.simpl,5,4333.3330,0.490,11
4532,tests/train_files/train_none_few_light_has_tiny_v02.simpl,5,6333.3330,0.490,11
4533,tests/train_files/train_none_few_light_has_tiny_v03.simpl,5,6333.3330,0.490,11
4534,tests/train_files/train_none_few_light_no_large_v01.simpl,5,4340.6592,0.490,53
4535,tests/train_files/train_none_few_light_no_large_v02.simpl,5,4435.8975,0.490,55
4536,tests/train_files/train_none_few_light_no_large_v03.simpl,5,3900.0000,0.490,53
4537,tests/train_files/train_none_few_light_no_medium_v01.simpl,5,6666.6665,0.490,12
4538,tests/train_files/train_none_few_light_no_medium_v02.simpl,5,7999.9995,0.490,14
4539,tests/train_files/train_none_few_light_no_medium_v03.simpl,5,3999.9998,0.489,12
4540,tests/train_files/train_none_few_light_no_tiny_v01.simpl,5,6333.3330,0.489,11
4541,tests/train_files/train_none_few_light_no_tiny_v02.simpl,5,7749.9995,0.489,13
4542,tests/train_files/train_none_few_light_no_tiny_v03.simpl,5,5749.9995,0.489,11
4543,tests/train_files/train_none_few_none_has_large_v01.simpl,5,3971.4285,0.489,55
4544,tests/train_files/train_none_few_none_has_large_v02.simpl,5,3687.4998,0.489,55
4545,tests/train_files/train_none_few_none_has_large_v03.simpl,5,3499.9998,0.489,55
4546,tests/train_files/train_none_few_none_has_medium_v01.simpl,5,4500.0000,0.489,14
4547,tests/train_files/train_none_few_none_has_medium_v02.simpl,5,4500.0000,0.489,14
4548,tests/train_files/train_none_few_none_has_medium_v03.simpl,5,7333.3330,0.488,14
4549,tests/train_files/train_none_few_none_has_tiny_v01.simpl,5,5166.6665,0.488,11
4550,tests/train_files/train_none_few_none_has_tiny_v02.simpl,5,7499.9995,0.488,11
4551,tests/train_files/train_none_few_none_has_tiny_v03.simpl,5,4333.3330,0.488,11
4552,tests/train_files/train_none_few_none_no_large_v01.simpl,5,4423.0767,0.488,55
4553,tests/train_files/train_none_few_none_no_large_v02.simpl,5,4392.8569,0.488,57
4554,tests/train_files/train_none_few_none_no_large_v03.simpl,5,4494.5054,0.488,55
4555,tests/train_files/train_none_few_none_no_medium_v01.simpl,5,7000.0000,0.488,14
4556,tests/train_files/train_none_few_none_no_medium_v02.simpl,5,5500.0000,0.488,16
4557,tests/train_files/train_none_few_none_no_medium_v03.simpl,5,6500.0000,0.487,14
4558,tests/train_files/train_none_few_none_no_tiny_v01.simpl,5,4333.3330,0.487,11
4559,tests/train_files/train_none_few_none_no_tiny_v02.simpl,5,5333.3330,0.487,13
4560,tests/train_files/train_none_few_none_no_tiny_v03.simpl,5,6333.3330,0.487,11
4561,tests/train_files/train_none_many_dominated_has_large_v01.simpl,5,3700.0000,0.487,48
4562,tests/train_files/train_none_many_dominated_has_large_v02.simpl,5,4916.6665,0.487,51
4563,tests/train_files/train_none_many_dominated_has_large_v03.simpl,5,4066.6667,0.487,49
4564,tests/train_files/train_none_many_dominated_has_medium_v01.simpl,5,6250.0000,0.487,20
4565,tests/train_files/train_none_many_dominated_has_medium_v02.simpl,5,7000.0000,0.487,23
4566,tests/train_files/train_none_many_dominated_has_medium_v03.simpl,5,4500.0000,0.486,21
4567,tests/train_files/train_none_many_dominated_no_large_v01.simpl,5,3879.1206,0.486,47
4568,tests/train_files/train_none_many_dominated_no_large_v02.simpl,5,5075.7573,0.486,50
4569,tests/train_files/train_none_many_dominated_no_large_v03.simpl,5,3904.7617,0.486,48
4570,tests/train_files/train_none_many_dominated_no_medium_v01.simpl,5,3666.6665,0.486,19
4571,tests/train_files/train_none_many_dominated_no_medium_v02.simpl,5,6500.0000,0.486,22
4572,tests/train_files/train_none_many_dominated_no_medium_v03.simpl,5,5000.0000,0.486,20
4573,tests/train_files/train_none_many_light_has_large_v01.simpl,5,3891.6667,0.486,54
4574,tests/train_files/train_none_many_light_has_large_v02.simpl,5,4912.0879,0.486,57
4575,tests/train_files/train_none_many_light_has_large_v03.simpl,5,4123.8096,0.485,55
4576,tests/train_files/train_none_many_light_has_medium_v01.simpl,5,7500.0000,0.485,20
4577,tests/train_files/train_none_many_light_has_medium_v02.simpl,5,7666.6670,0.485,23
4578,tests/train_files/train_none_many_light_has_medium_v03.simpl,5,3642.8569,0.485,21
4579,tests/train_files/train_none_many_light_no_large_v01.simpl,5,4000.0000,0.485,53
4580,tests/train_files/train_none_many_light_no_large_v02.simpl,5,4769.2305,0.485,56
4581,tests/train_files/train_none_many_light_no_large_v03.simpl,5,4916.6665,0.485,54
4582,tests/train_files/train_none_many_light_no_medium_v01.simpl,5,7749.9995,0.485,19
4583,tests/train_files/train_none_many_light_no_medium_v02.simpl,5,6500.0000,0.485,22
4584,tests/train_files/train_none_many_light_no_medium_v03.simpl,5,6250.0000,0.484,20
4585,tests/train_files/train_none_many_none_has_large_v01.simpl,5,4267.8569,0.484,56
4586,tests/train_files/train_none_many_none_has_large_v02.simpl,5,4187.4995,0.484,59
4587,tests/train_files/train_none_many_none_has_large_v03.simpl,5,4780.2197,0.484,57
4588,tests/train_files/train_none_many_none_has_medium_v01.simpl,5,8750.0000,0.484,20
4589,tests/train_files/train_none_many_none_has_medium_v02.simpl,5,5874.9995,0.484,23
4590,tests/train_files/train_none_many_none_has_medium_v03.simpl,5,9000.0000,0.484,21
4591,tests/train_files/train_none_many_none_no_large_v01.simpl,5,4494.5054,0.484,55
4592,tests/train_files/train_none_many_none_no_large_v02.simpl,5,4166.6665,0.484,58
4593,tests/train_files/train_none_many_none_no_large_v03.simpl,5,3901.7854,0.483,56
4594,tests/train_files/train_none_many_none_no_medium_v01.simpl,5,7749.9995,0.483,19
4595,tests/train_files/train_none_many_none_no_medium_v02.simpl,5,10000.0000,0.483,22
4596,tests/train_files/train_none_many_none_no_medium_v03.simpl,5,6250.0000,0.483,20
4597,tests/train_files/train_none_none_dominated_no_large_v01.simpl,5,2722.2224,0.483,49
4598,tests/train_files/train_none_none_dominated_no_large_v02.simpl,5,3266.6667,0.483,49
4599,tests/train_files/train_none_none_dominated_no_large_v03.simpl,5,2578.9475,0.483,49
4600,tests/train_files/train_none_none_dominated_no_medium_v01.simpl,5,888.8889,0.483,8
4601,tests/train_files/train_none_none_dominated_no_medium_v02.simpl,5,2666.6667,0.483,8
4602,tests/train_files/train_none_none_dominated_no_medium_v03.simpl,5,1999.9999,0.482,8
4603,tests/train_files/train_none_none_dominated_no_tiny_v01.simpl,5,500.0000,0.482,1
4604,tests/train_files/train_none_none_dominated_no_tiny_v02.simpl,5,999.9999,0.482,1
4605,tests/train_files/train_none_none_dominated_no_tiny_v03.simpl,5,333.3333,0.482,1
4606,tests/train_files/train_none_none_none_no_large_v01.simpl,5,3642.8572,0.482,50
4607,tests/train_files/train_none_none_none_no_large_v02.simpl,5,3007.3528,0.482,50
4608,tests/train_files/train_none_none_none_no_large_v03.simpl,5,3025.2100,0.482,50
4609,tests/train_files/train_none_none_none_no_medium_v01.simpl,5,1642.8571,0.482,9
4610,tests/train_files/train_none_none_none_no_medium_v02.simpl,5,3666.6667,0.481,9
4611,tests/train_files/train_none_none_none_no_medium_v03.simpl,5,3666.6667,0.481,9
4612,tests/train_files/train_none_none_none_no_tiny_v01.simpl,5,1999.9999,0.481,2
4613,tests/train_files/train_none_none_none_no_tiny_v02.simpl,5,1499.9999,0.481,2
4614,tests/train_files/train_none_none_none_no_tiny_v03.simpl,5,1333.3333,0.481,2
4615,tests/train_files/train_shallow_few_dominated_has_large_v01.simpl,5,2378.1511,0.481,39
4616,tests/train_files/train_shallow_few_dominated_has_large_v02.simpl,5,2500.0000,0.481,37
4617,tests/train_files/train_shallow_few_dominated_has_large_v03.simpl,5,1803.0303,0.481,37
4618,tests/train_files/train_shallow_few_dominated_has_medium_v01.simpl,5,1500.0000,0.481,6
4619,tests/train_files/train_shallow_few_dominated_has_medium_v02.simpl,5,730.7692,0.480,4
4620,tests/train_files/train_shallow_few_dominated_has_medium_v03.simpl,5,1333.3333,0.480,4
4621,tests/train_files/train_shallow_few_dominated_no_large_v01.simpl,5,1795.4546,0.480,35
4622,tests/train_files/train_shallow_few_dominated_no_large_v02.simpl,5,1650.0000,0.480,33
4623,tests/train_files/train_shallow_few_dominated_no_large_v03.simpl,5,2138.8889,0.480,35
4624,tests/train_files/train_shallow_few_dominated_no_medium_v01.simpl,5,600.0000,0.480,2
4625,tests/train_files/train_shallow_few_dominated_no_medium_v02.simpl,5,0.0000,0.480,0
4626,tests/train_files/train_shallow_few_dominated_no_medium_v03.simpl,5,1100.0000,0.480,2
4627,tests/train_files/train_shallow_few_light_has_large_v01.simpl,5,2519.6079,0.480,41
4628,tests/train_files/train_shallow_few_light_has_large_v02.simpl,5,2200.0000,0.479,39
4629,tests/train_files/train_shallow_few_light_has_large_v03.simpl,2,2066.6667,0.479,39
4630,tests/train_files/train_shallow_few_light_has_medium_v01.simpl,2,1500.0000,0.479,6
4631,tests/train_files/train_shallow_few_light_has_medium_v02.simpl,2,750.0000,0.479,4
4632,tests/train_files/train_shallow_few_light_has_medium_v03.simpl,2,800.0000,0.479,4
4633,tests/train_files/train_shallow_few_light_no_large_v01.simpl,2,2050.0000,0.479,37
4634,tests/train_files/train_shallow_few_light_no_large_v02.simpl,2,1666.6667,0.479,35
4635,tests/train_files/train_shallow_few_light_no_large_v03.simpl,2,2000.0000,0.479,37
4636,tests/train_files/train_shallow_few_light_no_medium_v01.simpl,2,611.1111,0.479,2
4637,tests/train_files/train_shallow_few_light_no_medium_v02.simpl,2,0.0000,0.478,0
4638,tests/train_files/train_shallow_few_light_no_medium_v03.simpl,2,1090.9091,0.478,2
4639,tests/train_files/train_shallow_few_none_has_large_v01.simpl,2,2476.1907,0.478,43
4640,tests/train_files/train_shallow_few_none_has_large_v02.simpl,2,2365.0796,0.478,41
4641,tests/train_files/train_shallow_few_none_has_large_v03.simpl,2,2166.6667,0.478,41
4642,tests/train_files/train_shallow_few_none_has_medium_v01.simpl,2,1555.5555,0.478,6
4643,tests/train_files/train_shallow_few_none_has_medium_v02.simpl,2,833.3333,0.478,4
4644,tests/train_files/train_shallow_few_none_has_medium_v03.simpl,2,833.3333,0.478,4
4645,tests/train_files/train_shallow_few_none_no_large_v01.simpl,2,1833.3334,0.478,39
4646,tests/train_files/train_shallow_few_none_no_large_v02.simpl,2,1850.0000,0.477,37
4647,tests/train_files/train_shallow_few_none_no_large_v03.simpl,2,2150.0000,0.477,39
4648,tests/train_files/train_shallow_few_none_no_medium_v01.simpl,2,611.1111,0.477,2
4649,tests/train_files/train_shallow_few_none_no_medium_v02.simpl,2,0.0000,0.477,0
4650,tests/train_files/train_shallow_few_none_no_medium_v03.simpl,2,600.0000,0.477,2
4651,tests/train_files/train_shallow_many_dominated_has_large_v01.simpl,2,2663.1580,0.477,31
4652,tests/train_files/train_shallow_many_dominated_has_large_v02.simpl,2,2150.0000,0.477,28
4653,tests/train_files/train_shallow_many_dominated_has_large_v03.simpl,2,2552.9412,0.477,29
4654,tests/train_files/train_shallow_many_dominated_has_medium_v01.simpl,2,1964.2856,0.477,10
4655,tests/train_files/train_shallow_many_dominated_has_medium_v02.simpl,2,1375.0000,0.476,7
4656,tests/train_files/train_shallow_many_dominated_has_medium_v03.simpl,2,1642.8571,0.476,8
4657,tests/train_files/train_shallow_many_dominated_no_large_v01.simpl,2,2600.0000,0.476,31
4658,tests/train_files/train_shallow_many_dominated_no_large_v02.simpl,2,2566.6667,0.476,28
4659,tests/train_files/train_shallow_many_dominated_no_large_v03.simpl,2,2500.0000,0.476,29
4660,tests/train_files/train_shallow_many_dominated_no_medium_v01.simpl,2,2333.3333,0.476,10
4661,tests/train_files/train_shallow_many_dominated_no_medium_v02.simpl,2,1749.9999,0.476,7
4662,tests/train_files/train_shallow_many_dominated_no_medium_v03.simpl,2,1600.0000,0.476,8
4663,tests/train_files/train_shallow_many_light_has_large_v01.simpl,2,2828.5713,0.476,37
4664,tests/train_files/train_shallow_many_light_has_large_v02.simpl,2,2611.1113,0.475,34
4665,tests/train_files/train_shallow_many_light_has_large_v03.simpl,2,2318.1819,0.475,35
4666,tests/train_files/train_shallow_many_light_has_medium_v01.simpl,2,2547.6189,0.475,10
4667,tests/train_files/train_shallow_many_light_has_medium_v02.simpl,2,1820.5128,0.475,7
4668,tests/train_files/train_shallow_many_light_has_medium_v03.simpl,2,2142.8572,0.475,8
4669,tests/train_files/train_shallow_many_light_no_large_v01.simpl,2,3273.6841,0.475,37
4670,tests/train_files/train_shallow_many_light_no_large_v02.simpl,2,2821.0527,0.475,34
4671,tests/train_files/train_shallow_many_light_no_large_v03.simpl,2,2683.3335,0.475,35
4672,tests/train_files/train_shallow_many_light_no_medium_v01.simpl,2,2340.9092,0.475,10
4673,tests/train_files/train_shallow_many_light_no_medium_v02.simpl,2,1749.9999,0.474,7
4674,tests/train_files/train_shallow_many_light_no_medium_v03.simpl,2,2666.6667,0.474,8
4675,tests/train_files/train_shallow_many_none_has_large_v01.simpl,2,2791.3042,0.474,39
4676,tests/train_files/train_shallow_many_none_has_large_v02.simpl,2,2722.2222,0.474,36
4677,tests/train_files/train_shallow_many_none_has_large_v03.simpl,2,2609.0908,0.474,37
4678,tests/train_files/train_shallow_many_none_has_medium_v01.simpl,2,1999.9999,0.474,10
4679,tests/train_files/train_shallow_many_none_has_medium_v02.simpl,2,1820.5128,0.474,7
4680,tests/train_files/train_shallow_many_none_has_medium_v03.simpl,2,2142.8572,0.474,8
4681,tests/train_files/train_shallow_many_none_no_large_v01.simpl,2,3564.7058,0.474,39
4682,tests/train_files/train_shallow_many_none_no_large_v02.simpl,2,3011.1113,0.473,36
4683,tests/train_files/train_shallow_many_none_no_large_v03.simpl,2,2860.8696,0.473,37
4684,tests/train_files/train_shallow_many_none_no_medium_v01.simpl,2,2340.9092,0.473,10
4685,tests/train_files/train_shallow_many_none_no_medium_v02.simpl,2,2333.3333,0.473,7
4686,tests/train_files/train_shallow_many_none_no_medium_v03.simpl,2,2666.6667,0.473,8
4687,tests/train_files/train_shallow_none_dominated_no_large_v01.simpl,2,2000.0000,0.473,42
4688,tests/train_files/train_shallow_none_dominated_no_large_v02.simpl,2,2470.5881,0.473,42
4689,tests/train_files/train_shallow_none_dominated_no_large_v03.simpl,2,2000.0000,0.473,42
4690,tests/train_files/train_shallow_none_dominated_no_medium_v01.simpl,2,125.0000,0.472,1
4691,tests/train_files/train_shallow_none_dominated_no_medium_v02.simpl,2,166.6667,0.472,1
4692,tests/train_files/train_shallow_none_dominated_no_medium_v03.simpl,2,166.6667,0.472,1
4693,tests/train_files/train_shallow_none_none_no_large_v01.simpl,2,2210.5264,0.472,42
4694,tests/train_files/train_shallow_none_none_no_large_v02.simpl,2,2000.0000,0.472,42
4695,tests/train_files/train_shallow_none_none_no_large_v03.simpl,2,1909.0909,0.472,42
4696,tests/train_files/train_shallow_none_none_no_medium_v01.simpl,2,125.0000,0.472,1
4697,tests/train_files/train_shallow_none_none_no_medium_v02.simpl,2,111.1111,0.472,1
4698,tests/train_files/train_shallow_none_none_no_medium_v03.simpl,2,111.1111,0.472,1
4699,tests/train_files/train_shallow_none_none_no_tiny_v01.simpl,2,0.0000,0.471,0
4700,tests/train_files/train_shallow_none_none_no_tiny_v02.simpl,2,0.0000,0.471,0
4701,tests/train_files/train_shallow_none_none_no_tiny_v03.simpl,2,0.0000,0.471,0
4702,tests/train_files/train_deep_few_dominated_has_large_v01.simpl,2,1392.3076,0.471,32
4703,tests/train_files/train_deep_few_dominated_has_large_v02.simpl,2,1580.9524,0.471,30
4704,tests/train_files/train_deep_few_dominated_has_large_v03.simpl,2,1274.0741,0.471,30
4705,tests/train_files/train_deep_few_dominated_has_medium_v01.simpl,2,1312.5000,0.471,6
4706,tests/train_files/train_deep_few_dominated_has_medium_v02.simpl,2,657.8947,0.471,4
4707,tests/train_files/train_deep_few_dominated_has_medium_v03.simpl,2,700.0000,0.471,4
4708,tests/train_files/train_deep_few_dominated_no_large_v01.simpl,2,1535.7144,0.470,28
4709,tests/train_files/train_deep_few_dominated_no_large_v02.simpl,2,1130.4348,0.470,26
4710,tests/train_files/train_deep_few_dominated_no_large_v03.simpl,2,1325.0000,0.470,28
4711,tests/train_files/train_deep_few_dominated_no_medium_v01.simpl,2,566.6666,0.470,2
4712,tests/train_files/train_deep_few_dominated_no_medium_v02.simpl,2,0.0000,0.470,0
4713,tests/train_files/train_deep_few_dominated_no_medium_v03.simpl,2,555.5555,0.470,2
4714,tests/train_files/train_deep_few_light_has_large_v01.simpl,2,1850.0000,0.470,34
4715,tests/train_files/train_deep_few_light_has_large_v02.simpl,2,1541.6666,0.470,32
4716,tests/train_files/train_deep_few_light_has_large_v03.simpl,2,1676.1906,0.470,32
4717,tests/train_files/train_deep_few_light_has_medium_v01.simpl,2,857.1428,0.469,6
4718,tests/train_files/train_deep_few_light_has_medium_v02.simpl,2,687.4999,0.469,4
4719,tests/train_files/train_deep_few_light_has_medium_v03.simpl,2,700.0000,0.469,4
4720,tests/train_files/train_deep_few_light_no_large_v01.simpl,2,1630.9524,0.469,30
4721,tests/train_files/train_deep_few_light_no_large_v02.simpl,2,1166.6666,0.469,28
4722,tests/train_files/train_deep_few_light_no_large_v03.simpl,2,1410.0000,0.469,30
4723,tests/train_files/train_deep_few_light_no_medium_v01.simpl,2,562.4999,0.469,2
4724,tests/train_files/train_deep_few_light_no_medium_v02.simpl,2,0.0000,0.469,0
4725,tests/train_files/train_deep_few_light_no_medium_v03.simpl,2,392.1569,0.469,2
4726,tests/train_files/train_deep_few_none_has_large_v01.simpl,2,1757.5757,0.468,36
4727,tests/train_files/train_deep_few_none_has_large_v02.simpl,2,1771.4286,0.468,34
4728,tests/train_files/train_deep_few_none_has_large_v03.simpl,2,1700.0000,0.468,34
4729,tests/train_files/train_deep_few_none_has_medium_v01.simpl,2,833.3333,0.468,6
4730,tests/train_files/train_deep_few_none_has_medium_v02.simpl,2,714.2856,0.468,4
4731,tests/train_files/train_deep_few_none_has_medium_v03.simpl,2,700.0000,0.468,4
4732,tests/train_files/train_deep_few_none_no_large_v01.simpl,2,1659.0909,0.468,32
4733,tests/train_files/train_deep_few_none_no_large_v02.simpl,2,1304.3478,0.468,30
4734,tests/train_files/train_deep_few_none_no_large_v03.simpl,2,1440.0000,0.468,32
4735,tests/train_files/train_deep_few_none_no_medium_v01.simpl,2,558.8235,0.467,2
4736,tests/train_files/train_deep_few_none_no_medium_v02.simpl,2,0.0000,0.467,0
4737,tests/train_files/train_deep_few_none_no_medium_v03.simpl,2,566.6666,0.467,2
4738,tests/train_files/train_deep_many_dominated_has_large_v01.simpl,2,1976.1904,0.467,24
4739,tests/train_files/train_deep_many_dominated_has_large_v02.simpl,2,1595.2380,0.467,21
4740,tests/train_files/train_deep_many_dominated_has_large_v03.simpl,2,1666.6667,0.467,22
4741,tests/train_files/train_deep_many_dominated_has_medium_v01.simpl,2,1400.0000,0.467,7
4742,tests/train_files/train_deep_many_dominated_has_medium_v02.simpl,2,1000.0000,0.467,5
4743,tests/train_files/train_deep_many_dominated_has_medium_v03.simpl,2,857.1428,0.467,6
4744,tests/train_files/train_deep_many_dominated_no_large_v01.simpl,2,2250.0000,0.466,24
4745,tests/train_files/train_deep_many_dominated_no_large_v02.simpl,2,1750.0000,0.466,21
4746,tests/train_files/train_deep_many_dominated_no_large_v03.simpl,2,2208.6958,0.466,22
4747,tests/train_files/train_deep_many_dominated_no_medium_v01.simpl,2,1858.8235,0.466,10
4748,tests/train_files/train_deep_many_dominated_no_medium_v02.simpl,2,1749.9999,0.466,7
4749,tests/train_files/train_deep_many_dominated_no_medium_v03.simpl,2,1333.3334,0.466,8
4750,tests/train_files/train_deep_many_light_has_large_v01.simpl,2,2261.9048,0.466,30
4751,tests/train_files/train_deep_many_light_has_large_v02.simpl,2,1956.5217,0.466,27
4752,tests/train_files/train_deep_many_light_has_large_v03.simpl,2,2046.1538,0.466,28
4753,tests/train_files/train_deep_many_light_has_medium_v01.simpl,2,1749.9999,0.465,7
4754,tests/train_files/train_deep_many_light_has_medium_v02.simpl,2,1250.0000,0.465,5
4755,tests/train_files/train_deep_many_light_has_medium_v03.simpl,2,1499.9999,0.465,6
4756,tests/train_files/train_deep_many_light_no_large_v01.simpl,2,2454.5454,0.465,30
4757,tests/train_files/train_deep_many_light_no_large_v02.simpl,2,2309.0908,0.465,27
4758,tests/train_files/train_deep_many_light_no_large_v03.simpl,2,2012.4222,0.465,28
4759,tests/train_files/train_deep_many_light_no_medium_v01.simpl,2,1862.5000,0.465,10
4760,tests/train_files/train_deep_many_light_no_medium_v02.simpl,2,1749.9999,0.465,7
4761,tests/train_files/train_deep_many_light_no_medium_v03.simpl,2,1999.9999,0.464,8
4762,tests/train_files/train_deep_many_none_has_large_v01.simpl,2,2590.4761,0.464,32
4763,tests/train_files/train_deep_many_none_has_large_v02.simpl,2,2090.9092,0.464,29
4764,tests/train_files/train_deep_many_none_has_large_v03.simpl,2,2123.0769,0.464,30
4765,tests/train_files/train_deep_many_none_has_medium_v01.simpl,2,1749.9999,0.464,7
4766,tests/train_files/train_deep_many_none_has_medium_v02.simpl,2,1250.0000,0.464,5
4767,tests/train_files/train_deep_many_none_has_medium_v03.simpl,2,1499.9999,0.464,6
4768,tests/train_files/train_deep_many_none_no_large_v01.simpl,2,2545.4546,0.464,32
4769,tests/train_files/train_deep_many_none_no_large_v02.simpl,2,2166.6665,0.464,29
4770,tests/train_files/train_deep_many_none_no_large_v03.simpl,2,2556.5217,0.463,30
4771,tests/train_files/train_deep_many_none_no_medium_v01.simpl,2,3058.8235,0.463,10
4772,tests/train_files/train_deep_many_none_no_medium_v02.simpl,2,1749.9999,0.463,7
4773,tests/train_files/train_deep_many_none_no_medium_v03.simpl,2,1999.9999,0.463,8
4774,tests/train_files/train_deep_none_dominated_no_large_v01.simpl,2,1842.1053,0.463,35
4775,tests/train_files/train_deep_none_dominated_no_large_v02.simpl,2,2058.8235,0.463,35
4776,tests/train_files/train_deep_none_dominated_no_large_v03.simpl,2,1590.9091,0.463,35
4777,tests/train_files/train_deep_none_dominated_no_medium_v01.simpl,2,83.3333,0.463,1
4778,tests/train_files/train_deep_none_dominated_no_medium_v02.simpl,2,90.9091,0.463,1
4779,tests/train_files/train_deep_none_dominated_no_medium_v03.simpl,2,90.9091,0.462,1
4780,tests/train_files/train_deep_none_none_no_large_v01.simpl,2,1666.6667,0.462,35
4781,tests/train_files/train_deep_none_none_no_large_v02.simpl,2,1458.3334,0.462,35
4782,tests/train_files/train_deep_none_none_no_large_v03.simpl,2,1590.9091,0.462,35
4783,tests/train_files/train_deep_none_none_no_medium_v01.simpl,2,0.0000,0.462,0
4784,tests/train_files/train_deep_none_none_no_medium_v02.simpl,2,0.0000,0.462,0
4785,tests/train_files/train_deep_none_none_no_medium_v03.simpl,2,0.0000,0.462,0
4786,tests/train_files/train_none_few_dominated_has_large_v01.simpl,2,3928.5713,0.462,51
4787,tests/train_files/train_none_few_dominated_has_large_v02.simpl,2,3800.0002,0.462,51
4788,tests/train_files/train_none_few_dominated_has_large_v03.simpl,2,4282.0513,0.461,51
4789,tests/train_files/train_none_few_dominated_has_medium_v01.simpl,2,5749.9995,0.461,11
4790,tests/train_files/train_none_few_dominated_has_medium_v02.simpl,2,5749.9995,0.461,11
4791,tests/train_files/train_none_few_dominated_has_medium_v03.simpl,2,4874.9995,0.461,11
4792,tests/train_files/train_none_few_dominated_no_large_v01.simpl,2,3704.7620,0.461,51
4793,tests/train_files/train_none_few_dominated_no_large_v02.simpl,2,4472.5273,0.461,53
4794,tests/train_files/train_none_few_dominated_no_large_v03.simpl,2,4282.0513,0.461,51
4795,tests/train_files/train_none_few_dominated_no_medium_v01.simpl,2,3749.9998,0.461,11
4796,tests/train_files/train_none_few_dominated_no_medium_v02.simpl,2,4749.9995,0.461,13
4797,tests/train_files/train_none_few_dominated_no_medium_v03.simpl,2,5749.9995,0.460,11
4798,tests/train_files/train_none_few_light_has_large_v01.simpl,2,4071.4285,0.460,53
4799,tests/train_files/train_none_few_light_has_large_v02.simpl,2,4071.4285,0.460,53
4800,tests/train_files/train_none_few_light_has_large_v03.simpl,2,4071.4285,0.460,53
4801,tests/train_files/train_none_few_light_has_medium_v01.simpl,2,5999.9995,0.460,12
4802,tests/train_files/train_none_few_light_has_medium_v02.simpl,2,4666.6665,0.460,12
4803,tests/train_files/train_none_few_light_has_medium_v03.simpl,2,5999.9995,0.460,12
4804,tests/train_files/train_none_few_light_has_tiny_v01.simpl,2,3749.9998,0.460,11
4805,tests/train_files/train_none_few_light_has_tiny_v02.simpl,2,6333.3330,0.460,11
4806,tests/train_files/train_none_few_light_has_tiny_v03.simpl,2,6333.3330,0.459,11
4807,tests/train_files/train_none_few_light_no_large_v01.simpl,2,4071.4285,0.459,53
4808,tests/train_files/train_none_few_light_no_large_v02.simpl,2,4519.2305,0.459,55
4809,tests/train_files/train_none_few_light_no_large_v03.simpl,2,4435.8975,0.459,53
4810,tests/train_files/train_none_few_light_no_medium_v01.simpl,2,5999.9995,0.459,12
4811,tests/train_files/train_none_few_light_no_medium_v02.simpl,2,8666.6660,0.459,14
4812,tests/train_files/train_none_few_light_no_medium_v03.simpl,2,6666.6665,0.459,12
4813,tests/train_files/train_none_few_light_no_tiny_v01.simpl,2,5749.9995,0.459,11
4814,tests/train_files/train_none_few_light_no_tiny_v02.simpl,2,4749.9995,0.459,13
4815,tests/train_files/train_none_few_light_no_tiny_v03.simpl,2,6333.3330,0.458,11
4816,tests/train_files/train_none_few_none_has_large_v01.simpl,2,4142.8569,0.458,55
4817,tests/train_files/train_none_few_none_has_large_v02.simpl,2,3971.4285,0.458,55
4818,tests/train_files/train_none_few_none_has_large_v03.simpl,2,4423.0767,0.458,55
4819,tests/train_files/train_none_few_none_has_medium_v01.simpl,2,4500.0000,0.458,14
4820,tests/train_files/train_none_few_none_has_medium_v02.simpl,2,4500.0000,0.458,14
4821,tests/train_files/train_none_few_none_has_medium_v03.simpl,2,7333.3330,0.458,14
4822,tests/train_files/train_none_few_none_has_tiny_v01.simpl,2,4999.9995,0.458,11
4823,tests/train_files/train_none_few_none_has_tiny_v02.simpl,2,3749.9998,0.458,11
4824,tests/train_files/train_none_few_none_has_tiny_v03.simpl,2,4333.3330,0.457,11
4825,tests/train_files/train_none_few_none_no_large_v01.simpl,2,4423.0767,0.457,55
4826,tests/train_files/train_none_few_none_no_large_v02.simpl,2,4150.0000,0.457,57
4827,tests/train_files/train_none_few_none_no_large_v03.simpl,2,4214.2856,0.457,55
4828,tests/train_files/train_none_few_none_no_medium_v01.simpl,2,7333.3330,0.457,14
4829,tests/train_files/train_none_few_none_no_medium_v02.simpl,2,5500.0000,0.457,16
4830,tests/train_files/train_none_few_none_no_medium_v03.simpl,2,4500.0000,0.457,14
4831,tests/train_files/train_none_few_none_no_tiny_v01.simpl,2,6333.3330,0.457,11
4832,tests/train_files/train_none_few_none_no_tiny_v02.simpl,2,5333.3330,0.457,13
4833,tests/train_files/train_none_few_none_no_tiny_v03.simpl,2,7499.9995,0.456,11
4834,tests/train_files/train_none_many_dominated_has_large_v01.simpl,2,3932.6921,0.456,48
4835,tests/train_files/train_none_many_dominated_has_large_v02.simpl,2,4916.6665,0.456,51
4836,tests/train_files/train_none_many_dominated_has_large_v03.simpl,2,4583.3330,0.456,49
4837,tests/train_files/train_none_many_dominated_has_medium_v01.simpl,2,5500.0000,0.456,20
4838,tests/train_files/train_none_many_dominated_has_medium_v02.simpl,2,7000.0000,0.456,23
4839,tests/train_files/train_none_many_dominated_has_medium_v03.simpl,2,5500.0000,0.456,21
4840,tests/train_files/train_none_many_dominated_no_large_v01.simpl,2,3879.1206,0.456,47
4841,tests/train_files/train_none_many_dominated_no_large_v02.simpl,2,4750.0000,0.456,50
4842,tests/train_files/train_none_many_dominated_no_large_v03.simpl,2,4583.3330,0.455,48
4843,tests/train_files/train_none_many_dominated_no_medium_v01.simpl,2,6500.0000,0.455,19
4844,tests/train_files/train_none_many_dominated_no_medium_v02.simpl,2,6000.0000,0.455,22
4845,tests/train_files/train_none_many_dominated_no_medium_v03.simpl,2,5500.0000,0.455,20
4846,tests/train_files/train_none_many_light_has_large_v01.simpl,2,4214.2856,0.455,54
4847,tests/train_files/train_none_many_light_has_large_v02.simpl,2,4912.0879,0.455,57
4848,tests/train_files/train_none_many_light_has_large_v03.simpl,2,4769.2305,0.455,55
4849,tests/train_files/train_none_many_light_has_medium_v01.simpl,2,6250.0000,0.455,20
4850,tests/train_files/train_none_many_light_has_medium_v02.simpl,2,7749.9995,0.454,23
4851,tests/train_files/train_none_many_light_has_medium_v03.simpl,2,6000.0000,0.454,21
4852,tests/train_files/train_none_many_light_no_large_v01.simpl,2,3453.7812,0.454,53
4853,tests/train_files/train_none_many_light_no_large_v02.simpl,2,4769.2305,0.454,56
4854,tests/train_files/train_none_many_light_no_large_v03.simpl,2,4100.0000,0.454,54
4855,tests/train_files/train_none_many_light_no_medium_v01.simpl,2,6500.0000,0.454,19
4856,tests/train_files/train_none_many_light_no_medium_v02.simpl,2,7249.9995,0.454,22
4857,tests/train_files/train_none_many_light_no_medium_v03.simpl,2,7500.0000,0.454,20
4858,tests/train_files/train_none_many_none_has_large_v01.simpl,2,3901.7854,0.454,56
4859,tests/train_files/train_none_many_none_has_large_v02.simpl,2,4923.0767,0.453,59
4860,tests/train_files/train_none_many_none_has_large_v03.simpl,2,4257.1426,0.453,57
4861,tests/train_files/train_none_many_none_has_medium_v01.simpl,2,8000.0000,0.453,20
4862,tests/train_files/train_none_many_none_has_medium_v02.simpl,2,7000.0000,0.453,23
4863,tests/train_files/train_none_many_none_has_medium_v03.simpl,2,6000.0000,0.453,21
4864,tests/train_files/train_none_many_none_no_large_v01.simpl,2,3971.4285,0.453,55
4865,tests/train_files/train_none_many_none_no_large_v02.simpl,2,4517.8569,0.453,58
4866,tests/train_files/train_none_many_none_no_large_v03.simpl,2,4756.4102,0.453,56
4867,tests/train_files/train_none_many_none_no_medium_v01.simpl,2,5749.9995,0.453,19
4868,tests/train_files/train_none_many_none_no_medium_v02.simpl,2,7249.9995,0.452,22
4869,tests/train_files/train_none_many_none_no_medium_v03.simpl,2,8750.0000,0.452,20
4870,tests/train_files/train_none_none_dominated_no_large_v01.simpl,2,3769.2307,0.452,49
4871,tests/train_files/train_none_none_dominated_no_large_v02.simpl,2,2882.3528,0.452,49
4872,tests/train_files/train_none_none_dominated_no_large_v03.simpl,2,3769.2307,0.452,49
4873,tests/train_files/train_none_none_dominated_no_medium_v01.simpl,2,3999.9998,0.452,8
4874,tests/train_files/train_none_none_dominated_no_medium_v02.simpl,2,2666.6667,0.452,8
4875,tests/train_files/train_none_none_dominated_no_medium_v03.simpl,2,1999.9999,0.452,8
4876,tests/train_files/train_none_none_dominated_no_tiny_v01.simpl,2,500.0000,0.452,1
4877,tests/train_files/train_none_none_dominated_no_tiny_v02.simpl,2,500.0000,0.451,1
4878,tests/train_files/train_none_none_dominated_no_tiny_v03.simpl,2,500.0000,0.451,1
4879,tests/train_files/train_none_none_none_no_large_v01.simpl,2,2721.8047,0.451,50
4880,tests/train_files/train_none_none_none_no_large_v02.simpl,2,3912.0879,0.451,50
4881,tests/train_files/train_none_none_none_no_large_v03.simpl,2,3229.1665,0.451,50
4882,tests/train_files/train_none_none_none_no_medium_v01.simpl,2,4999.9995,0.451,9
4883,tests/train_files/train_none_none_none_no_medium_v02.simpl,2,2999.9998,0.451,9
4884,tests/train_files/train_none_none_none_no_medium_v03.simpl,2,2999.9998,0.451,9
4885,tests/train_files/train_none_none_none_no_tiny_v01.simpl,2,999.9999,0.451,1
4886,tests/train_files/train_none_none_none_no_tiny_v02.simpl,2,999.9999,0.450,1
4887,tests/train_files/train_none_none_none_no_tiny_v03.simpl,2,999.9999,0.450,1
4888,tests/train_files/train_shallow_few_dominated_has_large_v01.simpl,2,2277.7778,0.450,39
4889,tests/train_files/train_shallow_few_dominated_has_large_v02.simpl,2,2284.3137,0.450,37
4890,tests/train_files/train_shallow_few_dominated_has_large_v03.simpl,2,1914.2858,0.450,37
4891,tests/train_files/train_shallow_few_dominated_has_medium_v01.simpl,2,1500.0000,0.450,6
4892,tests/train_files/train_shallow_few_dominated_has_medium_v02.simpl,2,1272.7272,0.450,4
4893,tests/train_files/train_shallow_few_dominated_has_medium_v03.simpl,2,1272.7272,0.450,4
4894,tests/train_files/train_shallow_few_dominated_no_large_v01.simpl,2,1789.4738,0.450,34
4895,tests/train_files/train_shallow_few_dominated_no_large_v02.simpl,2,1833.3334,0.449,33
4896,tests/train_files/train_shallow_few_dominated_no_large_v03.simpl,2,1619.0476,0.449,34
4897,tests/train_files/train_shallow_few_dominated_no_medium_v01.simpl,2,90.9091,0.449,1
4898,tests/train_files/train_shallow_few_dominated_no_medium_v02.simpl,2,0.0000,0.449,0
4899,tests/train_files/train_shallow_few_dominated_no_medium_v03.simpl,2,100.0000,0.449,1
4900,tests/train_files/train_shallow_few_light_has_large_v01.simpl,2,2477.9412,0.449,41
4901,tests/train_files/train_shallow_few_light_has_large_v02.simpl,2,2575.0000,0.449,39
4902,tests/train_files/train_shallow_few_light_has_large_v03.simpl,2,2066.6667,0.449,39
4903,tests/train_files/train_shallow_few_light_has_medium_v01.simpl,2,1055.5555,0.449,6
4904,tests/train_files/train_shallow_few_light_has_medium_v02.simpl,2,1272.7272,0.448,4
4905,tests/train_files/train_shallow_few_light_has_medium_v03.simpl,2,800.0000,0.448,4
4906,tests/train_files/train_shallow_few_light_no_large_v01.simpl,2,2317.6470,0.448,37
4907,tests/train_files/train_shallow_few_light_no_large_v02.simpl,2,1666.6667,0.448,35
4908,tests/train_files/train_shallow_few_light_no_large_v03.simpl,2,2200.0000,0.448,37
4909,tests/train_files/train_shallow_few_light_no_medium_v01.simpl,2,600.0000,0.448,2
4910,tests/train_files/train_shallow_few_light_no_medium_v02.simpl,2,0.0000,0.448,0
4911,tests/train_files/train_shallow_few_light_no_medium_v03.simpl,2,600.0000,0.448,2
4912,tests/train_files/train_shallow_few_none_has_large_v01.simpl,2,2142.8572,0.448,43
4913,tests/train_files/train_shallow_few_none_has_large_v02.simpl,2,2388.8892,0.447,41
4914,tests/train_files/train_shallow_few_none_has_large_v03.simpl,2,2142.8572,0.447,41
4915,tests/train_files/train_shallow_few_none_has_medium_v01.simpl,2,1384.6154,0.447,6
4916,tests/train_files/train_shallow_few_none_has_medium_v02.simpl,2,833.3333,0.447,4
4917,tests/train_files/train_shallow_few_none_has_medium_v03.simpl,2,1333.3333,0.447,4
4918,tests/train_files/train_shallow_few_none_no_large_v01.simpl,2,2200.0000,0.447,39
4919,tests/train_files/train_shallow_few_none_no_large_v02.simpl,2,1850.0000,0.447,37
4920,tests/train_files/train_shallow_few_none_no_large_v03.simpl,2,1902.1740,0.447,39
4921,tests/train_files/train_shallow_few_none_no_medium_v01.simpl,2,1100.0000,0.447,2
4922,tests/train_files/train_shallow_few_none_no_medium_v02.simpl,2,0.0000,0.446,0
4923,tests/train_files/train_shallow_few_none_no_medium_v03.simpl,2,1111.1111,0.446,2
4924,tests/train_files/train_shallow_many_dominated_has_large_v01.simpl,2,2542.8572,0.446,31
4925,tests/train_files/train_shallow_many_dominated_has_large_v02.simpl,2,2352.9412,0.446,28
4926,tests/train_files/train_shallow_many_dominated_has_large_v03.simpl,2,2477.7778,0.446,29
4927,tests/train_files/train_shallow_many_dominated_has_medium_v01.simpl,2,1614.2856,0.446,10
4928,tests/train_files/train_shallow_many_dominated_has_medium_v02.simpl,2,1403.8462,0.446,7
4929,tests/train_files/train_shallow_many_dominated_has_medium_v03.simpl,2,1624.9999,0.446,8
4930,tests/train_files/train_shallow_many_dominated_no_large_v01.simpl,2,2657.8948,0.445,31
4931,tests/train_files/train_shallow_many_dominated_no_large_v02.simpl,2,2635.2939,0.445,28
4932,tests/train_files/train_shallow_many_dominated_no_large_v03.simpl,2,2333.3335,0.445,29
4933,tests/train_files/train_shallow_many_dominated_no_medium_v01.simpl,2,2321.4285,0.445,10
4934,tests/train_files/train_shallow_many_dominated_no_medium_v02.simpl,2,1749.9999,0.445,7
4935,tests/train_files/train_shallow_many_dominated_no_medium_v03.simpl,2,1999.9999,0.445,8
4936,tests/train_files/train_shallow_many_light_has_large_v01.simpl,2,2745.6140,0.445,37
4937,tests/train_files/train_shallow_many_light_has_large_v02.simpl,2,2450.0000,0.445,34
4938,tests/train_files/train_shallow_many_light_has_large_v03.simpl,2,2726.3159,0.445,35
4939,tests/train_files/train_shallow_many_light_has_medium_v01.simpl,2,2583.3333,0.444,10
4940,tests/train_files/train_shallow_many_light_has_medium_v02.simpl,2,1392.8572,0.444,7
4941,tests/train_files/train_shallow_many_light_has_medium_v03.simpl,2,2166.6667,0.444,8
4942,tests/train_files/train_shallow_many_light_no_large_v01.simpl,2,3055.5557,0.444,37
4943,tests/train_files/train_shallow_many_light_no_large_v02.simpl,2,2988.2354,0.444,34
4944,tests/train_files/train_shallow_many_light_no_large_v03.simpl,2,2754.3862,0.444,35
4945,tests/train_files/train_shallow_many_light_no_medium_v01.simpl,2,1890.9091,0.444,10
4946,tests/train_files/train_shallow_many_light_no_medium_v02.simpl,2,1400.0000,0.444,7
4947,tests/train_files/train_shallow_many_light_no_medium_v03.simpl,2,1999.9999,0.444,8
4948,tests/train_files/train_shallow_many_none_has_large_v01.simpl,2,2850.8772,0.443,39
4949,tests/train_files/train_shallow_many_none_has_large_v02.simpl,2,2464.9124,0.443,36
4950,tests/train_files/train_shallow_many_none_has_large_v03.simpl,2,2676.1904,0.443,37
4951,tests/train_files/train_shallow_many_none_has_medium_v01.simpl,2,2564.1025,0.443,10
4952,tests/train_files/train_shallow_many_none_has_medium_v02.simpl,2,1820.5128,0.443,7
4953,tests/train_files/train_shallow_many_none_has_medium_v03.simpl,2,2153.8462,0.443,8
4954,tests/train_files/train_shallow_many_none_no_large_v01.simpl,2,3564.7058,0.443,39
4955,tests/train_files/train_shallow_many_none_no_large_v02.simpl,2,2718.1819,0.443,36
4956,tests/train_files/train_shallow_many_none_no_large_v03.simpl,2,3050.0000,0.443,37
4957,tests/train_files/train_shallow_many_none_no_medium_v01.simpl,2,3083.3333,0.442,10
4958,tests/train_files/train_shallow_many_none_no_medium_v02.simpl,2,2333.3333,0.442,7
4959,tests/train_files/train_shallow_many_none_no_medium_v03.simpl,2,2666.6667,0.442,8
4960,tests/train_files/train_shallow_none_dominated_no_large_v01.simpl,2,1909.0909,0.442,42
4961,tests/train_files/train_shallow_none_dominated_no_large_v02.simpl,2,2624.9998,0.442,42
4962,tests/train_files/train_shallow_none_dominated_no_large_v03.simpl,2,2000.0000,0.442,42
4963,tests/train_files/train_shallow_none_dominated_no_medium_v01.simpl,2,142.8571,0.442,1
4964,tests/train_files/train_shallow_none_dominated_no_medium_v02.simpl,2,125.0000,0.442,1
4965,tests/train_files/train_shallow_none_dominated_no_medium_v03.simpl,2,125.0000,0.442,1
4966,tests/train_files/train_shallow_none_none_no_large_v01.simpl,2,2333.3335,0.441,42
4967,tests/train_files/train_shallow_none_none_no_large_v02.simpl,2,2470.5881,0.441,42
4968,tests/train_files/train_shallow_none_none_no_large_v03.simpl,2,1909.0909,0.441,42
4969,tests/train_files/train_shallow_none_none_no_medium_v01.simpl,2,111.1111,0.441,1
4970,tests/train_files/train_shallow_none_none_no_medium_v02.simpl,2,83.3333,0.441,1
4971,tests/train_files/train_shallow_none_none_no_medium_v03.simpl,2,125.0000,0.441,1
4972,tests/train_files/train_shallow_none_none_no_tiny_v01.simpl,2,0.0000,0.441,0
4973,tests/train_files/train_shallow_none_none_no_tiny_v02.simpl,2,0.0000,0.441,0
4974,tests/train_files/train_shallow_none_none_no_tiny_v03.simpl,2,0.0000,0.441,0
4975,tests/train_files/train_deep_few_dominated_has_large_v01.simpl,2,1440.0000,0.440,32
4976,tests/train_files/train_deep_few_dominated_has_large_v02.simpl,2,1408.3334,0.440,30
4977,tests/train_files/train_deep_few_dominated_has_large_v03.simpl,2,1360.0000,0.440,30
4978,tests/train_files/train_deep_few_dominated_has_medium_v01.simpl,2,812.5000,0.440,6
4979,tests/train_files/train_deep_few_dominated_has_medium_v02.simpl,2,657.8947,0.440,4
4980,tests/train_files/train_deep_few_dominated_has_medium_v03.simpl,2,700.0000,0.440,4
4981,tests/train_files/train_deep_few_dominated_no_large_v01.simpl,2,1535.7144,0.440,28
4982,tests/train_files/train_deep_few_dominated_no_large_v02.simpl,2,1181.8182,0.440,26
4983,tests/train_files/train_deep_few_dominated_no_large_v03.simpl,2,1600.0000,0.440,28
4984,tests/train_files/train_deep_few_dominated_no_medium_v01.simpl,2,566.6666,0.439,2
4985,tests/train_files/train_deep_few_dominated_no_medium_v02.simpl,2,0.0000,0.439,0
4986,tests/train_files/train_deep_few_dominated_no_medium_v03.simpl,2,316.6667,0.439,2
4987,tests/train_files/train_deep_few_light_has_large_v01.simpl,2,1850.0000,0.439,34
4988,tests/train_files/train_deep_few_light_has_large_v02.simpl,2,1676.1906,0.439,32
4989,tests/train_files/train_deep_few_light_has_large_v03.simpl,2,1609.0909,0.439,32
4990,tests/train_files/train_deep_few_light_has_medium_v01.simpl,2,777.7778,0.439,6
4991,tests/train_files/train_deep_few_light_has_medium_v02.simpl,2,714.2856,0.439,4
4992,tests/train_files/train_deep_few_light_has_medium_v03.simpl,2,1200.0000,0.439,4
4993,tests/train_files/train_deep_few_light_no_large_v01.simpl,2,1700.0000,0.438,30
4994,tests/train_files/train_deep_few_light_no_large_v02.simpl,2,1272.7273,0.438,28
4995,tests/train_files/train_deep_few_light_no_large_v03.simpl,2,1458.3334,0.438,30
4996,tests/train_files/train_deep_few_light_no_medium_v01.simpl,2,566.6666,0.438,2
4997,tests/train_files/train_deep_few_light_no_medium_v02.simpl,2,0.0000,0.438,0
4998,tests/train_files/train_deep_few_light_no_medium_v03.simpl,2,400.0000,0.438,2
4999,tests/train_files/train_deep_few_none_has_large_v01.simpl,2,1721.7391,0.438,36
5000,tests/train_files/train_deep_few_none_has_large_v02.simpl,2,1850.0000,0.438,34
5001,tests/train_files/train_deep_few_none_has_large_v03.simpl,2,1634.7826,0.438,34
5002,tests/train_files/train_deep_few_none_has_medium_v01.simpl,2,777.7778,0.437,6
5003,tests/train_files/train_deep_few_none_has_medium_v02.simpl,2,700.0000,0.437,4
5004,tests/train_files/train_deep_few_none_has_medium_v03.simpl,2,700.0000,0.437,4
5005,tests/train_files/train_deep_few_none_no_large_v01.simpl,2,1726.1906,0.437,32
5006,tests/train_files/train_deep_few_none_no_large_v02.simpl,2,1250.0000,0.437,30
5007,tests/train_files/train_deep_few_none_no_large_v03.simpl,2,1809.5239,0.437,32
5008,tests/train_files/train_deep_few_none_no_medium_v01.simpl,2,576.9230,0.437,2
5009,tests/train_files/train_deep_few_none_no_medium_v02.simpl,2,0.0000,0.437,0
5010,tests/train_files/train_deep_few_none_no_medium_v03.simpl,2,566.6666,0.436,2
5011,tests/train_files/train_deep_many_dominated_has_large_v01.simpl,2,1976.1904,0.436,24
5012,tests/train_files/train_deep_many_dominated_has_large_v02.simpl,2,1761.9048,0.436,21
5013,tests/train_files/train_deep_many_dominated_has_large_v03.simpl,2,1727.2727,0.436,22
5014,tests/train_files/train_deep_many_dominated_has_medium_v01.simpl,5,2233.3333,0.436,14
5015,tests/train_files/train_deep_many_dominated_has_medium_v02.simpl,5,1543.8596,0.436,10
5016,tests/train_files/train_deep_many_dominated_has_medium_v03.simpl,5,1755.5555,0.436,11
5017,tests/train_files/train_deep_many_dominated_no_large_v01.simpl,5,2589.4736,0.436,24
5018,tests/train_files/train_deep_many_dominated_no_large_v02.simpl,5,2036.3636,0.436,21
5019,tests/train_files/train_deep_many_dominated_no_large_v03.simpl,5,2160.0000,0.435,22
5020,tests/train_files/train_deep_many_dominated_no_medium_v01.simpl,5,2308.8235,0.435,10
5021,tests/train_files/train_deep_many_dominated_no_medium_v02.simpl,5,1400.0000,0.435,7
5022,tests/train_files/train_deep_many_dominated_no_medium_v03.simpl,5,1600.0000,0.435,8
5023,tests/train_files/train_deep_many_light_has_large_v01.simpl,5,2661.9050,0.435,31
5024,tests/train_files/train_deep_many_light_has_large_v02.simpl,5,2064.8147,0.435,28
5025,tests/train_files/train_deep_many_light_has_large_v03.simpl,5,2206.5217,0.435,29
5026,tests/train_files/train_deep_many_light_has_medium_v01.simpl,5,2252.9412,0.435,14
5027,tests/train_files/train_deep_many_light_has_medium_v02.simpl,5,1710.5264,0.435,10
5028,tests/train_files/train_deep_many_light_has_medium_v03.simpl,5,2190.4761,0.434,11
5029,tests/train_files/train_deep_many_light_no_large_v01.simpl,5,2550.0000,0.434,30
5030,tests/train_files/train_deep_many_light_no_large_v02.simpl,5,2075.7576,0.434,27
5031,tests/train_files/train_deep_many_light_no_large_v03.simpl,5,2102.5642,0.434,28
5032,tests/train_files/train_deep_many_light_no_medium_v01.simpl,5,2308.8235,0.434,10
5033,tests/train_files/train_deep_many_light_no_medium_v02.simpl,5,1749.9999,0.434,7
5034,tests/train_files/train_deep_many_light_no_medium_v03.simpl,5,1999.9999,0.434,8
5035,tests/train_files/train_deep_many_none_has_large_v01.simpl,5,2503.6230,0.434,33
5036,tests/train_files/train_deep_many_none_has_large_v02.simpl,5,2392.8572,0.434,30
5037,tests/train_files/train_deep_many_none_has_large_v03.simpl,5,2227.5862,0.433,31
5038,tests/train_files/train_deep_many_none_has_medium_v01.simpl,5,2275.0000,0.433,14
5039,tests/train_files/train_deep_many_none_has_medium_v02.simpl,5,1722.2222,0.433,10
5040,tests/train_files/train_deep_many_none_has_medium_v03.simpl,5,1910.5264,0.433,11
5041,tests/train_files/train_deep_many_none_no_large_v01.simpl,5,2435.7144,0.433,32
5042,tests/train_files/train_deep_many_none_no_large_v02.simpl,5,2400.0000,0.433,29
5043,tests/train_files/train_deep_many_none_no_large_v03.simpl,5,2289.8550,0.433,30
5044,tests/train_files/train_deep_many_none_no_medium_v01.simpl,5,2305.5557,0.433,10
5045,tests/train_files/train_deep_many_none_no_medium_v02.simpl,5,2333.3333,0.433,7
5046,tests/train_files/train_deep_many_none_no_medium_v03.simpl,5,1999.9999,0.432,8
5047,tests/train_files/train_deep_none_dominated_no_large_v01.simpl,5,2058.8235,0.432,35
5048,tests/train_files/train_deep_none_dominated_no_large_v02.simpl,5,2058.8235,0.432,35
5049,tests/train_files/train_deep_none_dominated_no_large_v03.simpl,5,1521.7391,0.432,35
5050,tests/train_files/train_deep_none_dominated_no_medium_v01.simpl,5,83.3333,0.432,1
5051,tests/train_files/train_deep_none_dominated_no_medium_v02.simpl,5,100.0000,0.432,1
5052,tests/train_files/train_deep_none_dominated_no_medium_v03.simpl,5,66.6667,0.432,1
5053,tests/train_files/train_deep_none_none_no_large_v01.simpl,5,1750.0000,0.432,35
5054,tests/train_files/train_deep_none_none_no_large_v02.simpl,5,1750.0000,0.432,35
5055,tests/train_files/train_deep_none_none_no_large_v03.simpl,5,1400.0000,0.431,35
5056,tests/train_files/train_deep_none_none_no_medium_v01.simpl,5,0.0000,0.431,0
5057,tests/train_files/train_deep_none_none_no_medium_v02.simpl,5,0.0000,0.431,0
5058,tests/train_files/train_deep_none_none_no_medium_v03.simpl,5,0.0000,0.431,0
5059,tests/train_files/train_none_few_dominated_has_large_v01.simpl,5,3633.3335,0.431,51
5060,tests/train_files/train_none_few_dominated_has_large_v02.simpl,5,3704.7620,0.431,51
5061,tests/train_files/train_none_few_dominated_has_large_v03.simpl,5,3800.0002,0.431,51
5062,tests/train_files/train_none_few_dominated_has_medium_v01.simpl,5,4333.3330,0.431,11
5063,tests/train_files/train_none_few_dominated_has_medium_v02.simpl,5,4333.3330,0.431,11
5064,tests/train_files/train_none_few_dominated_has_medium_v03.simpl,5,6333.3330,0.430,11
5065,tests/train_files/train_none_few_dominated_no_large_v01.simpl,5,3633.3335,0.430,51
5066,tests/train_files/train_none_few_dominated_no_large_v02.simpl,5,4472.5273,0.430,53
5067,tests/train_files/train_none_few_dominated_no_large_v03.simpl,5,4186.8130,0.430,51
5068,tests/train_files/train_none_few_dominated_no_medium_v01.simpl,5,6333.3330,0.430,11
5069,tests/train_files/train_none_few_dominated_no_medium_v02.simpl,5,8333.3330,0.430,13
5070,tests/train_files/train_none_few_dominated_no_medium_v03.simpl,5,7499.9995,0.430,11
5071,tests/train_files/train_none_few_light_has_large_v01.simpl,5,3562.4998,0.430,53
5072,tests/train_files/train_none_few_light_has_large_v02.simpl,5,4340.6592,0.430,53
5073,tests/train_files/train_none_few_light_has_large_v03.simpl,5,4340.6592,0.429,53
5074,tests/train_files/train_none_few_light_has_medium_v01.simpl,5,3999.9998,0.429,12
5075,tests/train_files/train_none_few_light_has_medium_v02.simpl,5,5999.9995,0.429,12
5076,tests/train_files/train_none_few_light_has_medium_v03.simpl,5,5999.9995,0.429,12
5077,tests/train_files/train_none_few_light_has_tiny_v01.simpl,5,6333.3330,0.429,11
5078,tests/train_files/train_none_few_light_has_tiny_v02.simpl,5,3749.9998,0.429,11
5079,tests/train_files/train_none_few_light_has_tiny_v03.simpl,5,3749.9998,0.429,11
5080,tests/train_files/train_none_few_light_no_large_v01.simpl,5,3453.7812,0.429,53
5081,tests/train_files/train_none_few_light_no_large_v02.simpl,5,4123.8096,0.429,55
5082,tests/train_files/train_none_few_light_no_large_v03.simpl,5,4071.4285,0.428,53
5083,tests/train_files/train_none_few_light_no_medium_v01.simpl,5,3333.3333,0.428,12
5084,tests/train_files/train_none_few_light_no_medium_v02.simpl,5,4999.9995,0.428,14
5085,tests/train_files/train_none_few_light_no_medium_v03.simpl,5,3999.9998,0.428,12
5086,tests/train_files/train_none_few_light_no_tiny_v01.simpl,5,7499.9995,0.428,11
5087,tests/train_files/train_none_few_light_no_tiny_v02.simpl,5,8333.3330,0.428,13
5088,tests/train_files/train_none_few_light_no_tiny_v03.simpl,5,4999.9995,0.428,11
5089,tests/train_files/train_none_few_none_has_large_v01.simpl,5,4494.5054,0.428,55
5090,tests/train_files/train_none_few_none_has_large_v02.simpl,5,3971.4285,0.427,55
5091,tests/train_files/train_none_few_none_has_large_v03.simpl,5,3971.4285,0.427,55
5092,tests/train_files/train_none_few_none_has_medium_v01.simpl,5,5333.3330,0.427,14
5093,tests/train_files/train_none_few_none_has_medium_v02.simpl,5,6500.0000,0.427,14
5094,tests/train_files/train_none_few_none_has_medium_v03.simpl,5,4666.6665,0.427,14
5095,tests/train_files/train_none_few_none_has_tiny_v01.simpl,5,6333.3330,0.427,11
5096,tests/train_files/train_none_few_none_has_tiny_v02.simpl,5,7499.9995,0.427,11
5097,tests/train_files/train_none_few_none_has_tiny_v03.simpl,5,3666.6665,0.427,11
5098,tests/train_files/train_none_few_none_no_large_v01.simpl,5,4214.2856,0.427,55
5099,tests/train_files/train_none_few_none_no_large_v02.simpl,5,4392.8569,0.426,57
5100,tests/train_files/train_none_few_none_no_large_v03.simpl,5,3971.4285,0.426,55
5101,tests/train_files/train_none_few_none_no_medium_v01.simpl,5,3111.1111,0.426,14
5102,tests/train_files/train_none_few_none_no_medium_v02.simpl,5,8500.0000,0.426,16
5103,tests/train_files/train_none_few_none_no_medium_v03.simpl,5,5250.0000,0.426,14
5104,tests/train_files/train_none_few_none_no_tiny_v01.simpl,5,6333.3330,0.426,11
5105,tests/train_files/train_none_few_none_no_tiny_v02.simpl,5,8333.3330,0.426,13
5106,tests/train_files/train_none_few_none_no_tiny_v03.simpl,5,6333.3330,0.426,11
5107,tests/train_files/train_none_many_dominated_has_large_v01.simpl,5,4583.3330,0.426,48
5108,tests/train_files/train_none_many_dominated_has_large_v02.simpl,5,5242.4243,0.425,51
5109,tests/train_files/train_none_many_dominated_has_large_v03.simpl,5,4783.3330,0.425,49
5110,tests/train_files/train_none_many_dominated_has_medium_v01.simpl,5,6250.0000,0.425,20
5111,tests/train_files/train_none_many_dominated_has_medium_v02.simpl,5,7000.0000,0.425,23
5112,tests/train_files/train_none_many_dominated_has_medium_v03.simpl,5,5500.0000,0.425,21
5113,tests/train_files/train_none_many_dominated_no_large_v01.simpl,5,4154.7617,0.425,47
5114,tests/train_files/train_none_many_dominated_no_large_v02.simpl,5,4583.3330,0.425,50
5115,tests/train_files/train_none_many_dominated_no_large_v03.simpl,5,4909.0908,0.425,48
5116,tests/train_files/train_none_many_dominated_no_medium_v01.simpl,5,5749.9995,0.425,19
5117,tests/train_files/train_none_many_dominated_no_medium_v02.simpl,5,5374.9995,0.424,22
5118,tests/train_files/train_none_many_dominated_no_medium_v03.simpl,5,4000.0000,0.424,20
5119,tests/train_files/train_none_many_light_has_large_v01.simpl,5,4125.0000,0.424,54
5120,tests/train_files/train_none_many_light_has_large_v02.simpl,5,4912.0879,0.424,57
5121,tests/train_files/train_none_many_light_has_large_v03.simpl,5,4769.2305,0.424,55
5122,tests/train_files/train_none_many_light_has_medium_v01.simpl,5,6250.0000,0.424,20
5123,tests/train_files/train_none_many_light_has_medium_v02.simpl,5,6416.6665,0.424,23
5124,tests/train_files/train_none_many_light_has_medium_v03.simpl,5,6000.0000,0.424,21
5125,tests/train_files/train_none_many_light_no_large_v01.simpl,5,3766.6667,0.424,53
5126,tests/train_files/train_none_many_light_no_large_v02.simpl,5,4769.2305,0.423,56
5127,tests/train_files/train_none_many_light_no_large_v03.simpl,5,4100.0000,0.423,54
5128,tests/train_files/train_none_many_light_no_medium_v01.simpl,5,3874.9998,0.423,19
5129,tests/train_files/train_none_many_light_no_medium_v02.simpl,5,6000.0000,0.423,22
5130,tests/train_files/train_none_many_light_no_medium_v03.simpl,5,5500.0000,0.423,20
5131,tests/train_files/train_none_many_none_has_large_v01.simpl,5,4267.8569,0.423,56
5132,tests/train_files/train_none_many_none_has_large_v02.simpl,5,4187.4995,0.423,59
5133,tests/train_files/train_none_many_none_has_large_v03.simpl,5,4400.0000,0.423,57
5134,tests/train_files/train_none_many_none_has_medium_v01.simpl,5,4375.0000,0.423,20
5135,tests/train_files/train_none_many_none_has_medium_v02.simpl,5,5666.6670,0.422,23
5136,tests/train_files/train_none_many_none_has_medium_v03.simpl,5,6749.9995,0.422,21
5137,tests/train_files/train_none_many_none_no_large_v01.simpl,5,4214.2856,0.422,55
5138,tests/train_files/train_none_many_none_no_large_v02.simpl,5,3833.3335,0.422,58
5139,tests/train_files/train_none_many_none_no_large_v03.simpl,5,5083.3335,0.422,56
5140,tests/train_files/train_none_many_none_no_medium_v01.simpl,5,5749.9995,0.422,19
5141,tests/train_files/train_none_many_none_no_medium_v02.simpl,5,7249.9995,0.422,22
5142,tests/train_files/train_none_many_none_no_medium_v03.simpl,5,6250.0000,0.422,20
5143,tests/train_files/train_none_none_dominated_no_large_v01.simpl,5,3062.4998,0.422,49
5144,tests/train_files/train_none_none_dominated_no_large_v02.simpl,5,3769.2307,0.421,49
5145,tests/train_files/train_none_none_dominated_no_large_v03.simpl,5,3062.4998,0.421,49
5146,tests/train_files/train_none_none_dominated_no_medium_v01.simpl,5,2666.6667,0.421,8
5147,tests/train_files/train_none_none_dominated_no_medium_v02.simpl,5,1999.9999,0.421,8
5148,tests/train_files/train_none_none_dominated_no_medium_v03.simpl,5,3999.9998,0.421,8
5149,tests/train_files/train_none_none_dominated_no_tiny_v01.simpl,5,500.0000,0.421,1
5150,tests/train_files/train_none_none_dominated_no_tiny_v02.simpl,5,500.0000,0.421,1
5151,tests/train_files/train_none_none_dominated_no_tiny_v03.simpl,5,333.3333,0.421,1
5152,tests/train_files/train_none_none_none_no_large_v01.simpl,5,3409.5239,0.421,50
5153,tests/train_files/train_none_none_none_no_large_v02.simpl,5,3625.0000,0.420,50
5154,tests/train_files/train_none_none_none_no_large_v03.simpl,5,3625.0000,0.420,50
5155,tests/train_files/train_none_none_none_no_medium_v01.simpl,5,4999.9995,0.420,9
5156,tests/train_files/train_none_none_none_no_medium_v02.simpl,5,2100.0000,0.420,9
5157,tests/train_files/train_none_none_none_no_medium_v03.simpl,5,3666.6667,0.420,9
5158,tests/train_files/train_none_none_none_no_tiny_v01.simpl,5,1499.9999,0.420,2
5159,tests/train_files/train_none_none_none_no_tiny_v02.simpl,5,1333.3333,0.420,2
5160,tests/train_files/train_none_none_none_no_tiny_v03.simpl,5,1333.3333,0.420,2
5161,tests/train_files/train_shallow_few_dominated_has_large_v01.simpl,5,2311.1111,0.420,39
5162,tests/train_files/train_shallow_few_dominated_has_large_v02.simpl,5,2317.6470,0.419,37
5163,tests/train_files/train_shallow_few_dominated_has_large_v03.simpl,5,2284.3137,0.419,37
5164,tests/train_files/train_shallow_few_dominated_has_medium_v01.simpl,5,1500.0000,0.419,6
5165,tests/train_files/train_shallow_few_dominated_has_medium_v02.simpl,5,833.3333,0.419,4
5166,tests/train_files/train_shallow_few_dominated_has_medium_v03.simpl,5,800.0000,0.419,4
5167,tests/train_files/train_shallow_few_dominated_no_large_v01.simpl,5,1869.0476,0.419,35
5168,tests/train_files/train_shallow_few_dominated_no_large_v02.simpl,5,1833.3334,0.419,33
5169,tests/train_files/train_shallow_few_dominated_no_large_v03.simpl,5,2039.4738,0.419,35
5170,tests/train_files/train_shallow_few_dominated_no_medium_v01.simpl,5,583.3333,0.418,2
5171,tests/train_files/train_shallow_few_dominated_no_medium_v02.simpl,5,0.0000,0.418,0
5172,tests/train_files/train_shallow_few_dominated_no_medium_v03.simpl,5,1076.9230,0.418,2
5173,tests/train_files/train_shallow_few_light_has_large_v01.simpl,5,2519.6079,0.418,41
5174,tests/train_files/train_shallow_few_light_has_large_v02.simpl,5,2200.0000,0.418,39
5175,tests/train_files/train_shallow_few_light_has_large_v03.simpl,5,1976.1904,0.418,39
5176,tests/train_files/train_shallow_few_light_has_medium_v01.simpl,5,1500.0000,0.418,6
5177,tests/train_files/train_shallow_few_light_has_medium_v02.simpl,5,833.3333,0.418,4
5178,tests/train_files/train_shallow_few_light_has_medium_v03.simpl,5,1214.2856,0.418,4
5179,tests/train_files/train_shallow_few_light_no_large_v01.simpl,5,1836.3636,0.417,37
5180,tests/train_files/train_shallow_few_light_no_large_v02.simpl,5,1590.9091,0.417,35
5181,tests/train_files/train_shallow_few_light_no_large_v03.simpl,5,1964.2858,0.417,37
5182,tests/train_files/train_shallow_few_light_no_medium_v01.simpl,5,600.0000,0.417,2
5183,tests/train_files/train_shallow_few_light_no_medium_v02.simpl,5,0.0000,0.417,0
5184,tests/train_files/train_shallow_few_light_no_medium_v03.simpl,5,611.1111,0.417,2
5185,tests/train_files/train_shallow_few_none_has_large_v01.simpl,5,2051.9480,0.417,43
5186,tests/train_files/train_shallow_few_none_has_large_v02.simpl,5,2142.8572,0.417,41
5187,tests/train_files/train_shallow_few_none_has_large_v03.simpl,5,2388.8892,0.417,41
5188,tests/train_files/train_shallow_few_none_has_medium_v01.simpl,5,1000.0000,0.416,6
5189,tests/train_files/train_shallow_few_none_has_medium_v02.simpl,5,1300.0000,0.416,4
5190,tests/train_files/train_shallow_few_none_has_medium_v03.simpl,5,772.7272,0.416,4
5191,tests/train_files/train_shallow_few_none_no_large_v01.simpl,5,2250.0000,0.416,39
5192,tests/train_files/train_shallow_few_none_no_large_v02.simpl,5,1761.9048,0.416,37
5193,tests/train_files/train_shallow_few_none_no_large_v03.simpl,5,2250.0000,0.416,39
5194,tests/train_files/train_shallow_few_none_no_medium_v01.simpl,5,611.1111,0.416,2
5195,tests/train_files/train_shallow_few_none_no_medium_v02.simpl,5,0.0000,0.416,0
5196,tests/train_files/train_shallow_few_none_no_medium_v03.simpl,5,1100.0000,0.416,2
5197,tests/train_files/train_shallow_many_dominated_has_large_v01.simpl,5,3061.7646,0.415,32
5198,tests/train_files/train_shallow_many_dominated_has_large_v02.simpl,5,2350.0000,0.415,29
5199,tests/train_files/train_shallow_many_dominated_has_large_v03.simpl,5,2527.7778,0.415,30
5200,tests/train_files/train_shallow_many_dominated_has_medium_v01.simpl,5,2449.9998,0.415,11
5201,tests/train_files/train_shallow_many_dominated_has_medium_v02.simpl,5,2320.5127,0.415,8
5202,tests/train_files/train_shallow_many_dominated_has_medium_v03.simpl,5,1853.8462,0.415,9
5203,tests/train_files/train_shallow_many_dominated_no_large_v01.simpl,5,3175.0000,0.415,31
5204,tests/train_files/train_shallow_many_dominated_no_large_v02.simpl,5,2401.9607,0.415,28
5205,tests/train_files/train_shallow_many_dominated_no_large_v03.simpl,5,2600.0000,0.415,29
5206,tests/train_files/train_shallow_many_dominated_no_medium_v01.simpl,5,2326.9231,0.414,10
5207,tests/train_files/train_shallow_many_dominated_no_medium_v02.simpl,5,2333.3333,0.414,7
5208,tests/train_files/train_shallow_many_dominated_no_medium_v03.simpl,5,1999.9999,0.414,8
5209,tests/train_files/train_shallow_many_light_has_large_v01.simpl,5,2866.6665,0.414,38
5210,tests/train_files/train_shallow_many_light_has_large_v02.simpl,5,2700.0000,0.414,35
5211,tests/train_files/train_shallow_many_light_has_large_v03.simpl,5,2660.8696,0.414,36
5212,tests/train_files/train_shallow_many_light_has_medium_v01.simpl,5,3083.3333,0.414,11
5213,tests/train_files/train_shallow_many_light_has_medium_v02.simpl,5,2333.3333,0.414,8
5214,tests/train_files/train_shallow_many_light_has_medium_v03.simpl,5,3153.8462,0.414,9
5215,tests/train_files/train_shallow_many_light_no_large_v01.simpl,5,3447.0586,0.413,37
5216,tests/train_files/train_shallow_many_light_no_large_v02.simpl,5,2750.0000,0.413,34
5217,tests/train_files/train_shallow_many_light_no_large_v03.simpl,5,3100.0000,0.413,35
5218,tests/train_files/train_shallow_many_light_no_medium_v01.simpl,5,3071.4285,0.413,10
5219,tests/train_files/train_shallow_many_light_no_medium_v02.simpl,5,2333.3333,0.413,7
5220,tests/train_files/train_shallow_many_light_no_medium_v03.simpl,5,2666.6667,0.413,8
5221,tests/train_files/train_shallow_many_none_has_large_v01.simpl,5,3144.4443,0.413,40
5222,tests/train_files/train_shallow_many_none_has_large_v02.simpl,5,2922.2222,0.413,37
5223,tests/train_files/train_shallow_many_none_has_large_v03.simpl,5,2876.1904,0.413,38
5224,tests/train_files/train_shallow_many_none_has_medium_v01.simpl,5,2854.1665,0.412,11
5225,tests/train_files/train_shallow_many_none_has_medium_v02.simpl,5,2284.3137,0.412,8
5226,tests/train_files/train_shallow_many_none_has_medium_v03.simpl,5,2666.6667,0.412,9
5227,tests/train_files/train_shallow_many_none_no_large_v01.simpl,5,3466.6667,0.412,39
5228,tests/train_files/train_shallow_many_none_no_large_v02.simpl,5,3105.8823,0.412,36
5229,tests/train_files/train_shallow_many_none_no_large_v03.simpl,5,3211.1113,0.412,37
5230,tests/train_files/train_shallow_many_none_no_medium_v01.simpl,5,2340.9092,0.412,10
5231,tests/train_files/train_shallow_many_none_no_medium_v02.simpl,5,2333.3333,0.412,7
5232,tests/train_files/train_shallow_many_none_no_medium_v03.simpl,5,2666.6667,0.412,8
5233,tests/train_files/train_shallow_none_dominated_no_large_v01.simpl,5,2333.3335,0.411,42
5234,tests/train_files/train_shallow_none_dominated_no_large_v02.simpl,5,2624.9998,0.411,42
5235,tests/train_files/train_shallow_none_dominated_no_large_v03.simpl,5,2470.5881,0.411,42
5236,tests/train_files/train_shallow_none_dominated_no_medium_v01.simpl,5,142.8571,0.411,1
5237,tests/train_files/train_shallow_none_dominated_no_medium_v02.simpl,5,125.0000,0.411,1
5238,tests/train_files/train_shallow_none_dominated_no_medium_v03.simpl,5,142.8571,0.411,1
5239,tests/train_files/train_shallow_none_none_no_large_v01.simpl,5,2210.5264,0.411,42
5240,tests/train_files/train_shallow_none_none_no_large_v02.simpl,5,2210.5264,0.411,42
5241,tests/train_files/train_shallow_none_none_no_large_v03.simpl,5,2100.0000,0.411,42
5242,tests/train_files/train_shallow_none_none_no_medium_v01.simpl,5,125.0000,0.410,1
5243,tests/train_files/train_shallow_none_none_no_medium_v02.simpl,5,111.1111,0.410,1
5244,tests/train_files/train_shallow_none_none_no_medium_v03.simpl,5,125.0000,0.410,1
5245,tests/train_files/train_shallow_none_none_no_tiny_v01.simpl,5,0.0000,0.410,0
5246,tests/train_files/train_shallow_none_none_no_tiny_v02.simpl,5,0.0000,0.410,0
5247,tests/train_files/train_shallow_none_none_no_tiny_v03.simpl,5,0.0000,0.410,0
5248,tests/train_files/train_deep_few_dominated_has_large_v01.simpl,5,1676.1906,0.410,32
5249,tests/train_files/train_deep_few_dominated_has_large_v02.simpl,5,1650.0000,0.410,30
5250,tests/train_files/train_deep_few_dominated_has_large_v03.simpl,5,1630.9524,0.409,30
5251,tests/train_files/train_deep_few_dominated_has_medium_v01.simpl,5,666.6667,0.409,6
5252,tests/train_files/train_deep_few_dominated_has_medium_v02.simpl,5,666.6666,0.409,4
5253,tests/train_files/train_deep_few_dominated_has_medium_v03.simpl,5,666.6666,0.409,4
5254,tests/train_files/train_deep_few_dominated_no_large_v01.simpl,5,1375.0000,0.409,28
5255,tests/train_files/train_deep_few_dominated_no_large_v02.simpl,5,1083.3334,0.409,26
5256,tests/train_files/train_deep_few_dominated_no_large_v03.simpl,5,1373.9131,0.409,28
5257,tests/train_files/train_deep_few_dominated_no_medium_v01.simpl,5,566.6666,0.409,2
5258,tests/train_files/train_deep_few_dominated_no_medium_v02.simpl,5,0.0000,0.409,0
5259,tests/train_files/train_deep_few_dominated_no_medium_v03.simpl,5,388.8889,0.408,2
5260,tests/train_files/train_deep_few_light_has_large_v01.simpl,5,1771.4286,0.408,34
5261,tests/train_files/train_deep_few_light_has_large_v02.simpl,5,1547.8260,0.408,32
5262,tests/train_files/train_deep_few_light_has_large_v03.simpl,5,1491.6666,0.408,32
5263,tests/train_files/train_deep_few_light_has_medium_v01.simpl,5,857.1428,0.408,6
5264,tests/train_files/train_deep_few_light_has_medium_v02.simpl,5,700.0000,0.408,4
5265,tests/train_files/train_deep_few_light_has_medium_v03.simpl,5,547.6190,0.408,4
5266,tests/train_files/train_deep_few_light_no_large_v01.simpl,5,1650.0000,0.408,30
5267,tests/train_files/train_deep_few_light_no_large_v02.simpl,5,1217.3914,0.408,28
5268,tests/train_files/train_deep_few_light_no_large_v03.simpl,5,1568.1819,0.407,30
5269,tests/train_files/train_deep_few_light_no_medium_v01.simpl,5,566.6666,0.407,2
5270,tests/train_files/train_deep_few_light_no_medium_v02.simpl,5,0.0000,0.407,0
5271,tests/train_files/train_deep_few_light_no_medium_v03.simpl,5,400.0000,0.407,2
5272,tests/train_files/train_deep_few_none_has_large_v01.simpl,5,1833.3334,0.407,36
5273,tests/train_files/train_deep_few_none_has_large_v02.simpl,5,1771.4286,0.407,34
5274,tests/train_files/train_deep_few_none_has_large_v03.simpl,5,1700.0000,0.407,34
5275,tests/train_files/train_deep_few_none_has_medium_v01.simpl,5,1294.1176,0.407,6
5276,tests/train_files/train_deep_few_none_has_medium_v02.simpl,5,1200.0000,0.407,4
5277,tests/train_files/train_deep_few_none_has_medium_v03.simpl,5,1214.2856,0.406,4
5278,tests/train_files/train_deep_few_none_no_large_v01.simpl,5,1726.1906,0.406,32
5279,tests/train_files/train_deep_few_none_no_large_v02.simpl,5,1428.5714,0.406,30
5280,tests/train_files/train_deep_few_none_no_large_v03.simpl,5,1659.0909,0.406,32
5281,tests/train_files/train_deep_few_none_no_medium_v01.simpl,5,562.4999,0.406,2
5282,tests/train_files/train_deep_few_none_no_medium_v02.simpl,5,0.0000,0.406,0
5283,tests/train_files/train_deep_few_none_no_medium_v03.simpl,5,566.6666,0.406,2
5284,tests/train_files/train_deep_many_dominated_has_large_v01.simpl,5,2542.8572,0.406,25
5285,tests/train_files/train_deep_many_dominated_has_large_v02.simpl,5,1833.3334,0.406,22
5286,tests/train_files/train_deep_many_dominated_has_large_v03.simpl,5,2011.9048,0.405,23
5287,tests/train_files/train_deep_many_dominated_has_medium_v01.simpl,5,2252.9412,0.405,14
5288,tests/train_files/train_deep_many_dominated_has_medium_v02.simpl,5,1735.2941,0.405,10
5289,tests/train_files/train_deep_many_dominated_has_medium_v03.simpl,5,1710.5264,0.405,11
5290,tests/train_files/train_deep_many_dominated_no_large_v01.simpl,5,2289.4736,0.405,24
5291,tests/train_files/train_deep_many_dominated_no_large_v02.simpl,5,1726.6666,0.405,21
5292,tests/train_files/train_deep_many_dominated_no_large_v03.simpl,5,2160.0000,0.405,22
5293,tests/train_files/train_deep_many_dominated_no_medium_v01.simpl,5,2308.8235,0.405,10
5294,tests/train_files/train_deep_many_dominated_no_medium_v02.simpl,5,1400.0000,0.405,7
5295,tests/train_files/train_deep_many_dominated_no_medium_v03.simpl,5,1600.0000,0.404,8
5296,tests/train_files/train_deep_many_light_has_large_v01.simpl,5,2416.6665,0.404,31
5297,tests/train_files/train_deep_many_light_has_large_v02.simpl,5,2297.6189,0.404,28
5298,tests/train_files/train_deep_many_light_has_large_v03.simpl,5,2206.5217,0.404,29
5299,tests/train_files/train_deep_many_light_has_medium_v01.simpl,5,2233.3333,0.404,14
5300,tests/train_files/train_deep_many_light_has_medium_v02.simpl,5,1972.2222,0.404,10
5301,tests/train_files/train_deep_many_light_has_medium_v03.simpl,5,1922.2222,0.404,11
5302,tests/train_files/train_deep_many_light_no_large_v01.simpl,5,2500.0000,0.404,30
5303,tests/train_files/train_deep_many_light_no_large_v02.simpl,5,2119.0476,0.404,27
5304,tests/train_files/train_deep_many_light_no_large_v03.simpl,5,2400.0000,0.403,28
5305,tests/train_files/train_deep_many_light_no_medium_v01.simpl,5,2305.5557,0.403,10
5306,tests/train_files/train_deep_many_light_no_medium_v02.simpl,5,1749.9999,0.403,7
5307,tests/train_files/train_deep_many_light_no_medium_v03.simpl,5,1600.0000,0.403,8
5308,tests/train_files/train_deep_many_none_has_large_v01.simpl,5,2691.6665,0.403,33
5309,tests/train_files/train_deep_many_none_has_large_v02.simpl,5,2293.4783,0.403,30
5310,tests/train_files/train_deep_many_none_has_large_v03.simpl,5,2410.0000,0.403,31
5311,tests/train_files/train_deep_many_none_has_medium_v01.simpl,5,2275.0000,0.403,14
5312,tests/train_files/train_deep_many_none_has_medium_v02.simpl,5,1985.2941,0.403,10
5313,tests/train_files/train_deep_many_none_has_medium_v03.simpl,5,1910.5264,0.402,11
5314,tests/train_files/train_deep_many_none_no_large_v01.simpl,5,2758.3333,0.402,32
5315,tests/train_files/train_deep_many_none_no_large_v02.simpl,5,2400.0000,0.402,29
5316,tests/train_files/train_deep_many_none_no_large_v03.simpl,5,2480.0000,0.402,30
5317,tests/train_files/train_deep_many_none_no_medium_v01.simpl,5,3062.5000,0.402,10
5318,tests/train_files/train_deep_many_none_no_medium_v02.simpl,5,1400.0000,0.402,7
5319,tests/train_files/train_deep_many_none_no_medium_v03.simpl,5,1999.9999,0.402,8
5320,tests/train_files/train_deep_none_dominated_no_large_v01.simpl,5,1666.6667,0.402,35
5321,tests/train_files/train_deep_none_dominated_no_large_v02.simpl,5,1944.4446,0.401,35
5322,tests/train_files/train_deep_none_dominated_no_large_v03.simpl,5,1944.4446,0.401,35
5323,tests/train_files/train_deep_none_dominated_no_medium_v01.simpl,5,90.9091,0.401,1
5324,tests/train_files/train_deep_none_dominated_no_medium_v02.simpl,5,90.9091,0.401,1
5325,tests/train_files/train_deep_none_dominated_no_medium_v03.simpl,5,90.9091,0.401,1
5326,tests/train_files/train_deep_none_none_no_large_v01.simpl,5,1842.1053,0.401,35
5327,tests/train_files/train_deep_none_none_no_large_v02.simpl,5,1944.4446,0.401,35
5328,tests/train_files/train_deep_none_none_no_large_v03.simpl,5,1590.9091,0.401,35
5329,tests/train_files/train_deep_none_none_no_medium_v01.simpl,5,0.0000,0.401,0
5330,tests/train_files/train_deep_none_none_no_medium_v02.simpl,5,0.0000,0.400,0
5331,tests/train_files/train_deep_none_none_no_medium_v03.simpl,5,0.0000,0.400,0
5332,tests/train_files/train_none_few_dominated_has_large_v01.simpl,5,4186.8130,0.400,51
5333,tests/train_files/train_none_few_dominated_has_large_v02.simpl,5,4186.8130,0.400,51
5334,tests/train_files/train_none_few_dominated_has_large_v03.simpl,5,4282.0513,0.400,51
5335,tests/train_files/train_none_few_dominated_has_medium_v01.simpl,5,6333.3330,0.400,11
5336,tests/train_files/train_none_few_dominated_has_medium_v02.simpl,5,4333.3330,0.400,11
5337,tests/train_files/train_none_few_dominated_has_medium_v03.simpl,5,6333.3330,0.400,11
5338,tests/train_files/train_none_few_dominated_no_large_v01.simpl,5,4186.8130,0.400,51
5339,tests/train_files/train_none_few_dominated_no_large_v02.simpl,5,4214.2856,0.399,53
5340,tests/train_files/train_none_few_dominated_no_large_v03.simpl,5,3431.3726,0.399,51
5341,tests/train_files/train_none_few_dominated_no_medium_v01.simpl,5,3666.6665,0.399,11
5342,tests/train_files/train_none_few_dominated_no_medium_v02.simpl,5,5333.3330,0.399,13
5343,tests/train_files/train_none_few_dominated_no_medium_v03.simpl,5,3666.6665,0.399,11
5344,tests/train_files/train_none_few_light_has_large_v01.simpl,5,4583.3330,0.399,53
5345,tests/train_files/train_none_few_light_has_large_v02.simpl,5,4000.0000,0.399,53
5346,tests/train_files/train_none_few_light_has_large_v03.simpl,5,3838.0952,0.399,53
5347,tests/train_files/train_none_few_light_has_medium_v01.simpl,5,4000.0000,0.399,12
5348,tests/train_files/train_none_few_light_has_medium_v02.simpl,5,5999.9995,0.398,12
5349,tests/train_files/train_none_few_light_has_medium_v03.simpl,5,6666.6665,0.398,12
5350,tests/train_files/train_none_few_light_has_tiny_v01.simpl,5,6333.3330,0.398,11
5351,tests/train_files/train_none_few_light_has_tiny_v02.simpl,5,6333.3330,0.398,11
5352,tests/train_files/train_none_few_light_has_tiny_v03.simpl,5,2999.9998,0.398,11
5353,tests/train_files/train_none_few_light_no_large_v01.simpl,5,4071.4285,0.398,53
5354,tests/train_files/train_none_few_light_no_large_v02.simpl,5,4519.2305,0.398,55
5355,tests/train_files/train_none_few_light_no_large_v03.simpl,5,4071.4285,0.398,53
5356,tests/train_files/train_none_few_light_no_medium_v01.simpl,5,5333.3330,0.398,12
5357,tests/train_files/train_none_few_light_no_medium_v02.simpl,5,7999.9995,0.397,14
5358,tests/train_files/train_none_few_light_no_medium_v03.simpl,5,6666.6665,0.397,12
5359,tests/train_files/train_none_few_light_no_tiny_v01.simpl,5,3749.9998,0.397,11
5360,tests/train_files/train_none_few_light_no_tiny_v02.simpl,5,5333.3330,0.397,13
5361,tests/train_files/train_none_few_light_no_tiny_v03.simpl,5,3749.9998,0.397,11
5362,tests/train_files/train_none_few_none_has_large_v01.simpl,5,4142.8569,0.397,55
5363,tests/train_files/train_none_few_none_has_large_v02.simpl,5,3844.4443,0.397,55
5364,tests/train_files/train_none_few_none_has_large_v03.simpl,5,3404.7620,0.397,55
5365,tests/train_files/train_none_few_none_has_medium_v01.simpl,5,7333.3330,0.397,14
5366,tests/train_files/train_none_few_none_has_medium_v02.simpl,5,4500.0000,0.396,14
5367,tests/train_files/train_none_few_none_has_medium_v03.simpl,5,6500.0000,0.396,14
5368,tests/train_files/train_none_few_none_has_tiny_v01.simpl,5,4333.3330,0.396,11
5369,tests/train_files/train_none_few_none_has_tiny_v02.simpl,5,6333.3330,0.396,11
5370,tests/train_files/train_none_few_none_has_tiny_v03.simpl,5,6333.3330,0.396,11
5371,tests/train_files/train_none_few_none_no_large_v01.simpl,5,3404.7620,0.396,55
5372,tests/train_files/train_none_few_none_no_large_v02.simpl,5,4500.0000,0.396,57
5373,tests/train_files/train_none_few_none_no_large_v03.simpl,5,4494.5054,0.396,55
5374,tests/train_files/train_none_few_none_no_medium_v01.simpl,5,6500.0000,0.396,14
5375,tests/train_files/train_none_few_none_no_medium_v02.simpl,5,6333.3330,0.395,16
5376,tests/train_files/train_none_few_none_no_medium_v03.simpl,5,3833.3335,0.395,14
5377,tests/train_files/train_none_few_none_no_tiny_v01.simpl,5,4333.3330,0.395,11
5378,tests/train_files/train_none_few_none_no_tiny_v02.simpl,5,8333.3330,0.395,13
5379,tests/train_files/train_none_few_none_no_tiny_v03.simpl,5,5749.9995,0.395,11
5380,tests/train_files/train_none_many_dominated_has_large_v01.simpl,5,4742.4243,0.395,48
5381,tests/train_files/train_none_many_dominated_has_large_v02.simpl,5,5051.9478,0.395,51
5382,tests/train_files/train_none_many_dominated_has_large_v03.simpl,5,4783.3330,0.395,49
5383,tests/train_files/train_none_many_dominated_has_medium_v01.simpl,5,8000.0000,0.395,20
5384,tests/train_files/train_none_many_dominated_has_medium_v02.simpl,5,7000.0000,0.394,23
5385,tests/train_files/train_none_many_dominated_has_medium_v03.simpl,5,5500.0000,0.394,21
5386,tests/train_files/train_none_many_dominated_no_large_v01.simpl,5,3533.3335,0.394,47
5387,tests/train_files/train_none_many_dominated_no_large_v02.simpl,5,4474.3589,0.394,50
5388,tests/train_files/train_none_many_dominated_no_large_v03.simpl,5,4583.3330,0.394,48
5389,tests/train_files/train_none_many_dominated_no_medium_v01.simpl,5,7000.0000,0.394,19
5390,tests/train_files/train_none_many_dominated_no_medium_v02.simpl,5,5333.3330,0.394,22
5391,tests/train_files/train_none_many_dominated_no_medium_v03.simpl,5,5500.0000,0.394,20
5392,tests/train_files/train_none_many_light_has_large_v01.simpl,5,3891.6667,0.394,54
5393,tests/train_files/train_none_many_light_has_large_v02.simpl,5,4769.2305,0.393,57
5394,tests/train_files/train_none_many_light_has_large_v03.simpl,5,4500.0000,0.393,55
5395,tests/train_files/train_none_many_light_has_medium_v01.simpl,5,7142.8574,0.393,20
5396,tests/train_files/train_none_many_light_has_medium_v02.simpl,5,7000.0000,0.393,23
5397,tests/train_files/train_none_many_light_has_medium_v03.simpl,5,6000.0000,0.393,21
5398,tests/train_files/train_none_many_light_no_large_v01.simpl,5,4269.2305,0.393,53
5399,tests/train_files/train_none_many_light_no_large_v02.simpl,5,4935.8975,0.393,56
5400,tests/train_files/train_none_many_light_no_large_v03.simpl,5,4602.5640,0.393,54
5401,tests/train_files/train_none_many_light_no_medium_v01.simpl,5,7000.0000,0.393,19
5402,tests/train_files/train_none_many_light_no_medium_v02.simpl,5,6500.0000,0.392,22
5403,tests/train_files/train_none_many_light_no_medium_v03.simpl,5,8000.0000,0.392,20
5404,tests/train_files/train_none_many_none_has_large_v01.simpl,5,4357.1426,0.392,56
5405,tests/train_files/train_none_many_none_has_large_v02.simpl,5,4642.8569,0.392,59
5406,tests/train_files/train_none_many_none_has_large_v03.simpl,5,4923.0771,0.392,57
5407,tests/train_files/train_none_many_none_has_medium_v01.simpl,5,5500.0000,0.392,20
5408,tests/train_files/train_none_many_none_has_medium_v02.simpl,5,5666.6670,0.392,23
5409,tests/train_files/train_none_many_none_has_medium_v03.simpl,5,6000.0000,0.392,21
5410,tests/train_files/train_none_many_none_no_large_v01.simpl,5,3971.4285,0.391,55
5411,tests/train_files/train_none_many_none_no_large_v02.simpl,5,3708.3335,0.391,58
5412,tests/train_files/train_none_many_none_no_large_v03.simpl,5,4756.4102,0.391,56
5413,tests/train_files/train_none_many_none_no_medium_v01.simpl,5,5500.0000,0.391,19
5414,tests/train_files/train_none_many_none_no_medium_v02.simpl,5,7249.9995,0.391,22
5415,tests/train_files/train_none_many_none_no_medium_v03.simpl,5,4166.6670,0.391,20
5416,tests/train_files/train_none_none_dominated_no_large_v01.simpl,5,3062.4998,0.391,49
5417,tests/train_files/train_none_none_dominated_no_large_v02.simpl,5,3769.2307,0.391,49
5418,tests/train_files/train_none_none_dominated_no_large_v03.simpl,5,3769.2307,0.391,49
5419,tests/train_files/train_none_none_dominated_no_medium_v01.simpl,5,1999.9999,0.390,8
5420,tests/train_files/train_none_none_dominated_no_medium_v02.simpl,5,1999.9999,0.390,8
5421,tests/train_files/train_none_none_dominated_no_medium_v03.simpl,5,1999.9999,0.390,8
5422,tests/train_files/train_none_none_dominated_no_tiny_v01.simpl,5,500.0000,0.390,1
5423,tests/train_files/train_none_none_dominated_no_tiny_v02.simpl,5,333.3333,0.390,1
5424,tests/train_files/train_none_none_dominated_no_tiny_v03.simpl,5,500.0000,0.390,1
5425,tests/train_files/train_none_none_none_no_large_v01.simpl,5,3409.5239,0.390,50
5426,tests/train_files/train_none_none_none_no_large_v02.simpl,5,3625.0000,0.390,50
5427,tests/train_files/train_none_none_none_no_large_v03.simpl,5,3409.5239,0.390,50
5428,tests/train_files/train_none_none_none_no_medium_v01.simpl,5,2999.9998,0.389,9
5429,tests/train_files/train_none_none_none_no_medium_v02.simpl,5,2999.9998,0.389,9
5430,tests/train_files/train_none_none_none_no_medium_v03.simpl,5,2999.9998,0.389,9
5431,tests/train_files/train_none_none_none_no_tiny_v01.simpl,5,833.3333,0.389,2
5432,tests/train_files/train_none_none_none_no_tiny_v02.simpl,5,1499.9999,0.389,2
5433,tests/train_files/train_none_none_none_no_tiny_v03.simpl,5,1333.3333,0.389,2
5434,tests/train_files/train_shallow_few_dominated_has_large_v01.simpl,5,2066.6667,0.389,39
5435,tests/train_files/train_shallow_few_dominated_has_large_v02.simpl,5,2000.0000,0.389,37
5436,tests/train_files/train_shallow_few_dominated_has_large_v03.simpl,5,2200.0000,0.389,37
5437,tests/train_files/train_shallow_few_dominated_has_medium_v01.simpl,5,1500.0000,0.388,6
5438,tests/train_files/train_shallow_few_dominated_has_medium_v02.simpl,5,1272.7272,0.388,4
5439,tests/train_files/train_shallow_few_dominated_has_medium_v03.simpl,5,772.7272,0.388,4
5440,tests/train_files/train_shallow_few_dominated_no_large_v01.simpl,5,2039.4738,0.388,35
5441,tests/train_files/train_shallow_few_dominated_no_large_v02.simpl,5,1650.0000,0.388,33
5442,tests/train_files/train_shallow_few_dominated_no_large_v03.simpl,5,2138.8889,0.388,35
5443,tests/train_files/train_shallow_few_dominated_no_medium_v01.simpl,5,1090.9091,0.388,2
5444,tests/train_files/train_shallow_few_dominated_no_medium_v02.simpl,5,0.0000,0.388,0
5445,tests/train_files/train_shallow_few_dominated_no_medium_v03.simpl,5,600.0000,0.388,2
5446,tests/train_files/train_shallow_few_light_has_large_v01.simpl,5,2552.9412,0.387,41
5447,tests/train_files/train_shallow_few_light_has_large_v02.simpl,5,2401.9607,0.387,39
5448,tests/train_files/train_shallow_few_light_has_large_v03.simpl,5,2066.6667,0.387,39
5449,tests/train_files/train_shallow_few_light_has_medium_v01.simpl,5,833.3334,0.387,6
5450,tests/train_files/train_shallow_few_light_has_medium_v02.simpl,5,1214.2856,0.387,4
5451,tests/train_files/train_shallow_few_light_has_medium_v03.simpl,5,1333.3333,0.387,4
5452,tests/train_files/train_shallow_few_light_no_large_v01.simpl,5,2144.7368,0.387,37
5453,tests/train_files/train_shallow_few_light_no_large_v02.simpl,5,1944.4446,0.387,35
5454,tests/train_files/train_shallow_few_light_no_large_v03.simpl,5,1964.2858,0.387,37
5455,tests/train_files/train_shallow_few_light_no_medium_v01.simpl,5,600.0000,0.386,2
5456,tests/train_files/train_shallow_few_light_no_medium_v02.simpl,5,0.0000,0.386,0
5457,tests/train_files/train_shallow_few_light_no_medium_v03.simpl,5,600.0000,0.386,2
5458,tests/train_files/train_shallow_few_none_has_large_v01.simpl,5,2500.0002,0.386,43
5459,tests/train_files/train_shallow_few_none_has_large_v02.simpl,5,2552.9412,0.386,41
5460,tests/train_files/train_shallow_few_none_has_large_v03.simpl,5,1984.8485,0.386,41
5461,tests/train_files/train_shallow_few_none_has_medium_v01.simpl,5,1000.0000,0.386,6
5462,tests/train_files/train_shallow_few_none_has_medium_v02.simpl,5,1300.0000,0.386,4
5463,tests/train_files/train_shallow_few_none_has_medium_v03.simpl,5,1333.3333,0.386,4
5464,tests/train_files/train_shallow_few_none_no_large_v01.simpl,5,2311.1111,0.385,39
5465,tests/train_files/train_shallow_few_none_no_large_v02.simpl,5,2055.5557,0.385,37
5466,tests/train_files/train_shallow_few_none_no_large_v03.simpl,5,1977.2727,0.385,39
5467,tests/train_files/train_shallow_few_none_no_medium_v01.simpl,5,600.0000,0.385,2
5468,tests/train_files/train_shallow_few_none_no_medium_v02.simpl,5,0.0000,0.385,0
5469,tests/train_files/train_shallow_few_none_no_medium_v03.simpl,5,433.3333,0.385,2
5470,tests/train_files/train_shallow_many_dominated_has_large_v01.simpl,5,2661.7646,0.385,32
5471,tests/train_files/train_shallow_many_dominated_has_large_v02.simpl,5,2611.1111,0.385,29
5472,tests/train_files/train_shallow_many_dominated_has_large_v03.simpl,5,2600.0000,0.385,30
5473,tests/train_files/train_shallow_many_dominated_has_medium_v01.simpl,5,2964.2856,0.384,11
5474,tests/train_files/train_shallow_many_dominated_has_medium_v02.simpl,5,1892.8572,0.384,8
5475,tests/train_files/train_shallow_many_dominated_has_medium_v03.simpl,5,2142.8569,0.384,9
5476,tests/train_files/train_shallow_many_dominated_no_large_v01.simpl,5,3094.1177,0.384,31
5477,tests/train_files/train_shallow_many_dominated_no_large_v02.simpl,5,2271.9297,0.384,28
5478,tests/train_files/train_shallow_many_dominated_no_large_v03.simpl,5,2438.5967,0.384,29
5479,tests/train_files/train_shallow_many_dominated_no_medium_v01.simpl,5,1890.9091,0.384,10
5480,tests/train_files/train_shallow_many_dominated_no_medium_v02.simpl,5,1400.0000,0.384,7
5481,tests/train_files/train_shallow_many_dominated_no_medium_v03.simpl,5,1999.9999,0.384,8
5482,tests/train_files/train_shallow_many_light_has_large_v01.simpl,5,2945.6140,0.383,38
5483,tests/train_files/train_shallow_many_light_has_large_v02.simpl,5,2955.8823,0.383,35
5484,tests/train_files/train_shallow_many_light_has_large_v03.simpl,5,2926.3159,0.383,36
5485,tests/train_files/train_shallow_many_light_has_medium_v01.simpl,5,2522.7271,0.383,11
5486,tests/train_files/train_shallow_many_light_has_medium_v02.simpl,5,2820.5127,0.383,8
5487,tests/train_files/train_shallow_many_light_has_medium_v03.simpl,5,1987.1794,0.383,9
5488,tests/train_files/train_shallow_many_light_no_large_v01.simpl,5,3133.3335,0.383,37
5489,tests/train_files/train_shallow_many_light_no_large_v02.simpl,5,2900.0000,0.383,34
5490,tests/train_files/train_shallow_many_light_no_large_v03.simpl,5,3021.0527,0.382,35
5491,tests/train_files/train_shallow_many_light_no_medium_v01.simpl,5,3062.5000,0.382,10
5492,tests/train_files/train_shallow_many_light_no_medium_v02.simpl,5,1749.9999,0.382,7
5493,tests/train_files/train_shallow_many_light_no_medium_v03.simpl,5,2666.6667,0.382,8
5494,tests/train_files/train_shallow_many_none_has_large_v01.simpl,5,3377.7778,0.382,40
5495,tests/train_files/train_shallow_many_none_has_large_v02.simpl,5,2972.2222,0.382,37
5496,tests/train_files/train_shallow_many_none_has_large_v03.simpl,5,2809.0908,0.382,38
5497,tests/train_files/train_shallow_many_none_has_medium_v01.simpl,5,3083.3333,0.382,11
5498,tests/train_files/train_shallow_many_none_has_medium_v02.simpl,5,2833.3333,0.382,8
5499,tests/train_files/train_shallow_many_none_has_medium_v03.simpl,5,2666.6667,0.381,9
5500,tests/train_files/train_shallow_many_none_no_large_v01.simpl,5,3466.6667,0.381,39
5501,tests/train_files/train_shallow_many_none_no_large_v02.simpl,5,2780.9524,0.381,36
5502,tests/train_files/train_shallow_many_none_no_large_v03.simpl,5,2808.3335,0.381,37
5503,tests/train_files/train_shallow_many_none_no_medium_v01.simpl,5,3083.3333,0.381,10
5504,tests/train_files/train_shallow_many_none_no_medium_v02.simpl,5,2333.3333,0.381,7
5505,tests/train_files/train_shallow_many_none_no_medium_v03.simpl,5,2666.6667,0.381,8
5506,tests/train_files/train_shallow_none_dominated_no_large_v01.simpl,5,2000.0000,0.381,42
5507,tests/train_files/train_shallow_none_dominated_no_large_v02.simpl,5,2800.0000,0.381,42
5508,tests/train_files/train_shallow_none_dominated_no_large_v03.simpl,5,2470.5881,0.380,42
5509,tests/train_files/train_shallow_none_dominated_no_medium_v01.simpl,5,142.8571,0.380,1
5510,tests/train_files/train_shallow_none_dominated_no_medium_v02.simpl,5,142.8571,0.380,1
5511,tests/train_files/train_shallow_none_dominated_no_medium_v03.simpl,5,125.0000,0.380,1
5512,tests/train_files/train_shallow_none_none_no_large_v01.simpl,5,1909.0909,0.380,42
5513,tests/train_files/train_shallow_none_none_no_large_v02.simpl,5,2000.0000,0.380,42
5514,tests/train_files/train_shallow_none_none_no_large_v03.simpl,5,1750.0000,0.380,42
5515,tests/train_files/train_shallow_none_none_no_medium_v01.simpl,5,142.8571,0.380,1
5516,tests/train_files/train_shallow_none_none_no_medium_v02.simpl,5,125.0000,0.380,1
5517,tests/train_files/train_shallow_none_none_no_medium_v03.simpl,5,125.0000,0.379,1
5518,tests/train_files/train_shallow_none_none_no_tiny_v01.simpl,5,0.0000,0.379,0
5519,tests/train_files/train_shallow_none_none_no_tiny_v02.simpl,5,0.0000,0.379,0
5520,tests/train_files/train_shallow_none_none_no_tiny_v03.simpl,5,0.0000,0.379,0
5521,tests/train_files/train_deep_few_dominated_has_large_v01.simpl,5,1726.1906,0.379,32
5522,tests/train_files/train_deep_few_dominated_has_large_v02.simpl,5,1580.9524,0.379,30
5523,tests/train_files/train_deep_few_dominated_has_large_v03.simpl,5,1408.3334,0.379,30
5524,tests/train_files/train_deep_few_dominated_has_medium_v01.simpl,5,1333.3333,0.379,6
5525,tests/train_files/train_deep_few_dominated_has_medium_v02.simpl,5,687.4999,0.379,4
5526,tests/train_files/train_deep_few_dominated_has_medium_v03.simpl,5,700.0000,0.378,4
5527,tests/train_files/train_deep_few_dominated_no_large_v01.simpl,5,1330.0000,0.378,28
5528,tests/train_files/train_deep_few_dominated_no_large_v02.simpl,5,1300.0000,0.378,26
5529,tests/train_files/train_deep_few_dominated_no_large_v03.simpl,5,1535.7144,0.378,28
5530,tests/train_files/train_deep_few_dominated_no_medium_v01.simpl,5,400.0000,0.378,2
5531,tests/train_files/train_deep_few_dominated_no_medium_v02.simpl,5,0.0000,0.378,0
5532,tests/train_files/train_deep_few_dominated_no_medium_v03.simpl,5,388.8889,0.378,2
5533,tests/train_files/train_deep_few_light_has_large_v01.simpl,5,1634.7826,0.378,34
5534,tests/train_files/train_deep_few_light_has_large_v02.simpl,5,1676.1906,0.378,32
5535,tests/train_files/train_deep_few_light_has_large_v03.simpl,5,1491.6666,0.377,32
5536,tests/train_files/train_deep_few_light_has_medium_v01.simpl,5,833.3333,0.377,6
5537,tests/train_files/train_deep_few_light_has_medium_v02.simpl,5,687.4999,0.377,4
5538,tests/train_files/train_deep_few_light_has_medium_v03.simpl,5,700.0000,0.377,4
5539,tests/train_files/train_deep_few_light_no_large_v01.simpl,5,1510.8695,0.377,30
5540,tests/train_files/train_deep_few_light_no_large_v02.simpl,5,1217.3914,0.377,28
5541,tests/train_files/train_deep_few_light_no_large_v03.simpl,5,1410.0000,0.377,30
5542,tests/train_files/train_deep_few_light_no_medium_v01.simpl,5,555.5555,0.377,2
5543,tests/train_files/train_deep_few_light_no_medium_v02.simpl,5,0.0000,0.377,0
5544,tests/train_files/train_deep_few_light_no_medium_v03.simpl,5,566.6666,0.376,2
5545,tests/train_files/train_deep_few_none_has_large_v01.simpl,5,1790.9091,0.376,36
5546,tests/train_files/train_deep_few_none_has_large_v02.simpl,5,1700.0000,0.376,34
5547,tests/train_files/train_deep_few_none_has_large_v03.simpl,5,1700.0000,0.376,34
5548,tests/train_files/train_deep_few_none_has_medium_v01.simpl,5,1277.7777,0.376,6
5549,tests/train_files/train_deep_few_none_has_medium_v02.simpl,5,714.2856,0.376,4
5550,tests/train_files/train_deep_few_none_has_medium_v03.simpl,5,547.6190,0.376,4
5551,tests/train_files/train_deep_few_none_no_large_v01.simpl,5,1440.0000,0.376,32
5552,tests/train_files/train_deep_few_none_no_large_v02.simpl,5,1250.0000,0.376,30
5553,tests/train_files/train_deep_few_none_no_large_v03.simpl,5,1597.8260,0.375,32
5554,tests/train_files/train_deep_few_none_no_medium_v01.simpl,5,566.6666,0.375,2
5555,tests/train_files/train_deep_few_none_no_medium_v02.simpl,5,0.0000,0.375,0
5556,tests/train_files/train_deep_few_none_no_medium_v03.simpl,5,558.8235,0.375,2
5557,tests/train_files/train_deep_many_dominated_has_large_v01.simpl,5,2409.5239,0.375,25
5558,tests/train_files/train_deep_many_dominated_has_large_v02.simpl,5,1810.6060,0.375,22
5559,tests/train_files/train_deep_many_dominated_has_large_v03.simpl,5,2011.9048,0.375,23
5560,tests/train_files/train_deep_many_dominated_has_medium_v01.simpl,5,2086.2744,0.375,14
5561,tests/train_files/train_deep_many_dominated_has_medium_v02.simpl,5,1388.8889,0.375,10
5562,tests/train_files/train_deep_many_dominated_has_medium_v03.simpl,5,1910.5264,0.374,11
5563,tests/train_files/train_deep_many_dominated_no_large_v01.simpl,5,2250.0000,0.374,24
5564,tests/train_files/train_deep_many_dominated_no_large_v02.simpl,5,1803.0303,0.374,21
5565,tests/train_files/train_deep_many_dominated_no_large_v03.simpl,5,2183.3333,0.374,22
5566,tests/train_files/train_deep_many_dominated_no_medium_v01.simpl,5,2305.5557,0.374,10
5567,tests/train_files/train_deep_many_dominated_no_medium_v02.simpl,5,1166.6666,0.374,7
5568,tests/train_files/train_deep_many_dominated_no_medium_v03.simpl,5,1600.0000,0.374,8
5569,tests/train_files/train_deep_many_light_has_large_v01.simpl,5,2511.9048,0.374,31
5570,tests/train_files/train_deep_many_light_has_large_v02.simpl,5,2083.3333,0.373,28
5571,tests/train_files/train_deep_many_light_has_large_v03.simpl,5,2406.5217,0.373,29
5572,tests/train_files/train_deep_many_light_has_medium_v01.simpl,5,2275.0000,0.373,14
5573,tests/train_files/train_deep_many_light_has_medium_v02.simpl,5,1972.2222,0.373,10
5574,tests/train_files/train_deep_many_light_has_medium_v03.simpl,5,2222.2222,0.373,11
5575,tests/train_files/train_deep_many_light_no_large_v01.simpl,5,2800.0000,0.373,30
5576,tests/train_files/train_deep_many_light_no_large_v02.simpl,5,2036.2318,0.373,27
5577,tests/train_files/train_deep_many_light_no_large_v03.simpl,5,2202.8984,0.373,28
5578,tests/train_files/train_deep_many_light_no_medium_v01.simpl,5,2312.5000,0.373,10
5579,tests/train_files/train_deep_many_light_no_medium_v02.simpl,5,1749.9999,0.372,7
5580,tests/train_files/train_deep_many_light_no_medium_v03.simpl,5,1600.0000,0.372,8
5581,tests/train_files/train_deep_many_none_has_large_v01.simpl,5,2840.4761,0.372,33
5582,tests/train_files/train_deep_many_none_has_large_v02.simpl,5,2340.9092,0.372,30
5583,tests/train_files/train_deep_many_none_has_large_v03.simpl,5,2540.9092,0.372,31
5584,tests/train_files/train_deep_many_none_has_medium_v01.simpl,5,2624.9998,0.372,14
5585,tests/train_files/train_deep_many_none_has_medium_v02.simpl,5,1722.2222,0.372,10
5586,tests/train_files/train_deep_many_none_has_medium_v03.simpl,5,2222.2222,0.372,11
5587,tests/train_files/train_deep_many_none_no_large_v01.simpl,5,2950.0000,0.372,32
5588,tests/train_files/train_deep_many_none_no_large_v02.simpl,5,2316.6667,0.371,29
5589,tests/train_files/train_deep_many_none_no_large_v03.simpl,5,2446.1538,0.371,30
5590,tests/train_files/train_deep_many_none_no_medium_v01.simpl,5,2316.6667,0.371,10
5591,tests/train_files/train_deep_many_none_no_medium_v02.simpl,5,1749.9999,0.371,7
5592,tests/train_files/train_deep_many_none_no_medium_v03.simpl,5,1600.0000,0.371,8
5593,tests/train_files/train_deep_none_dominated_no_large_v01.simpl,5,1944.4446,0.371,35
5594,tests/train_files/train_deep_none_dominated_no_large_v02.simpl,5,2058.8235,0.371,35
5595,tests/train_files/train_deep_none_dominated_no_large_v03.simpl,5,1521.7391,0.371,35
5596,tests/train_files/train_deep_none_dominated_no_medium_v01.simpl,5,90.9091,0.371,1
5597,tests/train_files/train_deep_none_dominated_no_medium_v02.simpl,5,90.9091,0.370,1
5598,tests/train_files/train_deep_none_dominated_no_medium_v03.simpl,5,111.1111,0.370,1
5599,tests/train_files/train_deep_none_none_no_large_v01.simpl,5,1666.6667,0.370,35
5600,tests/train_files/train_deep_none_none_no_large_v02.simpl,5,1842.1053,0.370,35
5601,tests/train_files/train_deep_none_none_no_large_v03.simpl,5,1590.9091,0.370,35
5602,tests/train_files/train_deep_none_none_no_medium_v01.simpl,5,0.0000,0.370,0
5603,tests/train_files/train_deep_none_none_no_medium_v02.simpl,5,0.0000,0.370,0
5604,tests/train_files/train_deep_none_none_no_medium_v03.simpl,5,0.0000,0.370,0
5605,tests/train_files/train_none_few_dominated_has_large_v01.simpl,5,4488.0952,0.370,51
5606,tests/train_files/train_none_few_dominated_has_large_v02.simpl,5,4186.8130,0.369,51
5607,tests/train_files/train_none_few_dominated_has_large_v03.simpl,5,4023.8096,0.369,51
5608,tests/train_files/train_none_few_dominated_has_medium_v01.simpl,5,5749.9995,0.369,11
5609,tests/train_files/train_none_few_dominated_has_medium_v02.simpl,5,5749.9995,0.369,11
5610,tests/train_files/train_none_few_dominated_has_medium_v03.simpl,5,6333.3330,0.369,11
5611,tests/train_files/train_none_few_dominated_no_large_v01.simpl,5,3928.5713,0.369,51
5612,tests/train_files/train_none_few_dominated_no_large_v02.simpl,5,3794.6426,0.369,53
5613,tests/train_files/train_none_few_dominated_no_large_v03.simpl,5,3508.9282,0.369,51
5614,tests/train_files/train_none_few_dominated_no_medium_v01.simpl,5,5749.9995,0.369,11
5615,tests/train_files/train_none_few_dominated_no_medium_v02.simpl,5,5333.3330,0.368,13
5616,tests/train_files/train_none_few_dominated_no_medium_v03.simpl,5,5749.9995,0.368,11
5617,tests/train_files/train_none_few_light_has_large_v01.simpl,5,4071.4285,0.368,53
5618,tests/train_files/train_none_few_light_has_large_v02.simpl,5,4000.0000,0.368,53
5619,tests/train_files/train_none_few_light_has_large_v03.simpl,5,3633.9282,0.368,53
5620,tests/train_files/train_none_few_light_has_medium_v01.simpl,5,4000.0000,0.368,12
5621,tests/train_files/train_none_few_light_has_medium_v02.simpl,5,4666.6665,0.368,12
5622,tests/train_files/train_none_few_light_has_medium_v03.simpl,5,7999.9995,0.368,12
5623,tests/train_files/train_none_few_light_has_tiny_v01.simpl,5,5499.9995,0.368,11
5624,tests/train_files/train_none_few_light_has_tiny_v02.simpl,5,3749.9998,0.367,11
5625,tests/train_files/train_none_few_light_has_tiny_v03.simpl,5,6333.3330,0.367,11
5626,tests/train_files/train_none_few_light_no_large_v01.simpl,5,4269.2305,0.367,53
5627,tests/train_files/train_none_few_light_no_large_v02.simpl,5,4250.0000,0.367,55
5628,tests/train_files/train_none_few_light_no_large_v03.simpl,5,4071.4285,0.367,53
5629,tests/train_files/train_none_few_light_no_medium_v01.simpl,5,3999.9998,0.367,12
5630,tests/train_files/train_none_few_light_no_medium_v02.simpl,5,7999.9995,0.367,14
5631,tests/train_files/train_none_few_light_no_medium_v03.simpl,5,3333.3333,0.367,12
5632,tests/train_files/train_none_few_light_no_tiny_v01.simpl,5,5749.9995,0.367,11
5633,tests/train_files/train_none_few_light_no_tiny_v02.simpl,5,5333.3330,0.366,13
5634,tests/train_files/train_none_few_light_no_tiny_v03.simpl,5,4333.3330,0.366,11
5635,tests/train_files/train_none_few_none_has_large_v01.simpl,5,3687.4998,0.366,55
5636,tests/train_files/train_none_few_none_has_large_v02.simpl,5,3499.9998,0.366,55
5637,tests/train_files/train_none_few_none_has_large_v03.simpl,5,3758.9282,0.366,55
5638,tests/train_files/train_none_few_none_has_medium_v01.simpl,5,4500.0000,0.366,14
5639,tests/train_files/train_none_few_none_has_medium_v02.simpl,5,3428.5713,0.366,14
5640,tests/train_files/train_none_few_none_has_medium_v03.simpl,5,6500.0000,0.366,14
5641,tests/train_files/train_none_few_none_has_tiny_v01.simpl,5,6333.3330,0.366,11
5642,tests/train_files/train_none_few_none_has_tiny_v02.simpl,5,3166.6665,0.365,11
5643,tests/train_files/train_none_few_none_has_tiny_v03.simpl,5,6333.3330,0.365,11
5644,tests/train_files/train_none_few_none_no_large_v01.simpl,5,3499.9998,0.365,55
5645,tests/train_files/train_none_few_none_no_large_v02.simpl,5,3749.9998,0.365,57
5646,tests/train_files/train_none_few_none_no_large_v03.simpl,5,4142.8569,0.365,55
5647,tests/train_files/train_none_few_none_no_medium_v01.simpl,5,3833.3335,0.365,14
5648,tests/train_files/train_none_few_none_no_medium_v02.simpl,5,8500.0000,0.365,16
5649,tests/train_files/train_none_few_none_no_medium_v03.simpl,5,6500.0000,0.365,14
5650,tests/train_files/train_none_few_none_no_tiny_v01.simpl,5,6333.3330,0.364,11
5651,tests/train_files/train_none_few_none_no_tiny_v02.simpl,5,5333.3330,0.364,13
5652,tests/train_files/train_none_few_none_no_tiny_v03.simpl,5,5749.9995,0.364,11
5653,tests/train_files/train_none_many_dominated_has_large_v01.simpl,5,3700.0000,0.364,48
5654,tests/train_files/train_none_many_dominated_has_large_v02.simpl,5,4916.6665,0.364,51
5655,tests/train_files/train_none_many_dominated_has_large_v03.simpl,5,4783.3330,0.364,49
5656,tests/train_files/train_none_many_dominated_has_medium_v01.simpl,5,5500.0000,0.364,20
5657,tests/train_files/train_none_many_dominated_has_medium_v02.simpl,5,7000.0000,0.364,23
5658,tests/train_files/train_none_many_dominated_has_medium_v03.simpl,5,6000.0000,0.364,21
5659,tests/train_files/train_none_many_dominated_no_large_v01.simpl,5,3738.0952,0.363,47
5660,tests/train_files/train_none_many_dominated_no_large_v02.simpl,5,5075.7573,0.363,50
5661,tests/train_files/train_none_many_dominated_no_large_v03.simpl,5,4307.6924,0.363,48
5662,tests/train_files/train_none_many_dominated_no_medium_v01.simpl,5,3833.3335,0.363,19
5663,tests/train_files/train_none_many_dominated_no_medium_v02.simpl,5,6500.0000,0.363,22
5664,tests/train_files/train_none_many_dominated_no_medium_v03.simpl,5,5500.0000,0.363,20
5665,tests/train_files/train_none_many_light_has_large_v01.simpl,5,3980.9524,0.363,54
5666,tests/train_files/train_none_many_light_has_large_v02.simpl,5,4912.0879,0.363,57
5667,tests/train_files/train_none_many_light_has_large_v03.simpl,5,4769.2305,0.363,55
5668,tests/train_files/train_none_many_light_has_medium_v01.simpl,5,5500.0000,0.362,20
5669,tests/train_files/train_none_many_light_has_medium_v02.simpl,5,7000.0000,0.362,23
5670,tests/train_files/train_none_many_light_has_medium_v03.simpl,5,6000.0000,0.362,21
5671,tests/train_files/train_none_many_light_no_large_v01.simpl,5,4000.0000,0.362,53
5672,tests/train_files/train_none_many_light_no_large_v02.simpl,5,4500.0000,0.362,56
5673,tests/train_files/train_none_many_light_no_large_v03.simpl,5,4483.5166,0.362,54
5674,tests/train_files/train_none_many_light_no_medium_v01.simpl,5,5749.9995,0.362,19
5675,tests/train_files/train_none_many_light_no_medium_v02.simpl,5,7249.9995,0.362,22
5676,tests/train_files/train_none_many_light_no_medium_v03.simpl,5,5416.6665,0.362,20
5677,tests/train_files/train_none_many_none_has_large_v01.simpl,5,4267.8569,0.361,56
5678,tests/train_files/train_none_many_none_has_large_v02.simpl,5,4923.0767,0.361,59
5679,tests/train_files/train_none_many_none_has_large_v03.simpl,5,4780.2197,0.361,57
5680,tests/train_files/train_none_many_none_has_medium_v01.simpl,5,6250.0000,0.361,20
5681,tests/train_files/train_none_many_none_has_medium_v02.simpl,5,7749.9995,0.361,23
5682,tests/train_files/train_none_many_none_has_medium_v03.simpl,5,6749.9995,0.361,21
5683,tests/train_files/train_none_many_none_no_large_v01.simpl,5,4214.2856,0.361,55
5684,tests/train_files/train_none_many_none_no_large_v02.simpl,5,4062.4998,0.361,58
5685,tests/train_files/train_none_many_none_no_large_v03.simpl,5,4476.1904,0.361,56
5686,tests/train_files/train_none_many_none_no_medium_v01.simpl,5,9000.0000,0.360,19
5687,tests/train_files/train_none_many_none_no_medium_v02.simpl,5,7249.9995,0.360,22
5688,tests/train_files/train_none_many_none_no_medium_v03.simpl,5,8750.0000,0.360,20
5689,tests/train_files/train_none_none_dominated_no_large_v01.simpl,5,3769.2307,0.360,49
5690,tests/train_files/train_none_none_dominated_no_large_v02.simpl,5,3500.0000,0.360,49
5691,tests/train_files/train_none_none_dominated_no_large_v03.simpl,5,2882.3528,0.360,49
5692,tests/train_files/train_none_none_dominated_no_medium_v01.simpl,5,2666.6667,0.360,8
5693,tests/train_files/train_none_none_dominated_no_medium_v02.simpl,5,2666.6667,0.360,8
5694,tests/train_files/train_none_none_dominated_no_medium_v03.simpl,5,888.8889,0.360,8
5695,tests/train_files/train_none_none_dominated_no_tiny_v01.simpl,5,333.3333,0.359,1
5696,tests/train_files/train_none_none_dominated_no_tiny_v02.simpl,5,500.0000,0.359,1
5697,tests/train_files/train_none_none_dominated_no_tiny_v03.simpl,5,500.0000,0.359,1
5698,tests/train_files/train_none_none_none_no_large_v01.simpl,5,3642.8572,0.359,50
5699,tests/train_files/train_none_none_none_no_large_v02.simpl,5,3666.6667,0.359,50
5700,tests/train_files/train_none_none_none_no_large_v03.simpl,5,3409.5239,0.359,50
5701,tests/train_files/train_none_none_none_no_medium_v01.simpl,5,2999.9998,0.359,9
5702,tests/train_files/train_none_none_none_no_medium_v02.simpl,5,2999.9998,0.359,9
5703,tests/train_files/train_none_none_none_no_medium_v03.simpl,5,2999.9998,0.359,9
5704,tests/train_files/train_none_none_none_no_tiny_v01.simpl,5,1499.9999,0.358,2
5705,tests/train_files/train_none_none_none_no_tiny_v02.simpl,5,1499.9999,0.358,2
5706,tests/train_files/train_none_none_none_no_tiny_v03.simpl,5,1999.9999,0.358,2
5707,tests/train_files/train_shallow_few_dominated_has_large_v01.simpl,5,2166.6667,0.358,39
5708,tests/train_files/train_shallow_few_dominated_has_large_v02.simpl,5,2000.0000,0.358,37
5709,tests/train_files/train_shallow_few_dominated_has_large_v03.simpl,5,2061.4036,0.358,37
5710,tests/train_files/train_shallow_few_dominated_has_medium_v01.simpl,5,1500.0000,0.358,6
5711,tests/train_files/train_shallow_few_dominated_has_medium_v02.simpl,5,750.0000,0.358,4
5712,tests/train_files/train_shallow_few_dominated_has_medium_v03.simpl,5,1272.7272,0.358,4
5713,tests/train_files/train_shallow_few_dominated_no_large_v01.simpl,5,1869.0476,0.357,35
5714,tests/train_files/train_shallow_few_dominated_no_large_v02.simpl,5,1833.3334,0.357,33
5715,tests/train_files/train_shallow_few_dominated_no_large_v03.simpl,5,2138.8889,0.357,35
5716,tests/train_files/train_shallow_few_dominated_no_medium_v01.simpl,5,1076.9230,0.357,2
5717,tests/train_files/train_shallow_few_dominated_no_medium_v02.simpl,5,0.0000,0.357,0
5718,tests/train_files/train_shallow_few_dominated_no_medium_v03.simpl,5,590.9091,0.357,2
5719,tests/train_files/train_shallow_few_light_has_large_v01.simpl,5,2271.9299,0.357,41
5720,tests/train_files/train_shallow_few_light_has_large_v02.simpl,5,2435.2939,0.357,39
5721,tests/train_files/train_shallow_few_light_has_large_v03.simpl,5,1893.9393,0.357,39
5722,tests/train_files/train_shallow_few_light_has_medium_v01.simpl,5,1416.6666,0.356,6
5723,tests/train_files/train_shallow_few_light_has_medium_v02.simpl,5,1333.3333,0.356,4
5724,tests/train_files/train_shallow_few_light_has_medium_v03.simpl,5,1300.0000,0.356,4
5725,tests/train_files/train_shallow_few_light_no_large_v01.simpl,5,2050.0000,0.356,37
5726,tests/train_files/train_shallow_few_light_no_large_v02.simpl,5,1944.4446,0.356,35
5727,tests/train_files/train_shallow_few_light_no_large_v03.simpl,5,2144.7368,0.356,37
5728,tests/train_files/train_shallow_few_light_no_medium_v01.simpl,5,600.0000,0.356,2
5729,tests/train_files/train_shallow_few_light_no_medium_v02.simpl,5,0.0000,0.356,0
5730,tests/train_files/train_shallow_few_light_no_medium_v03.simpl,5,1090.9091,0.355,2
5731,tests/train_files/train_shallow_few_none_has_large_v01.simpl,5,2377.1931,0.355,43
5732,tests/train_files/train_shallow_few_none_has_large_v02.simpl,5,2200.0000,0.355,41
5733,tests/train_files/train_shallow_few_none_has_large_v03.simpl,5,1984.8485,0.355,41
5734,tests/train_files/train_shallow_few_none_has_medium_v01.simpl,5,1416.6666,0.355,6
5735,tests/train_files/train_shallow_few_none_has_medium_v02.simpl,5,633.3334,0.355,4
5736,tests/train_files/train_shallow_few_none_has_medium_v03.simpl,5,1333.3333,0.355,4
5737,tests/train_files/train_shallow_few_none_no_large_v01.simpl,5,2059.5237,0.355,39
5738,tests/train_files/train_shallow_few_none_no_large_v02.simpl,5,2055.5557,0.355,37
5739,tests/train_files/train_shallow_few_none_no_large_v03.simpl,5,2059.5237,0.354,39
5740,tests/train_files/train_shallow_few_none_no_medium_v01.simpl,5,1111.1111,0.354,2
5741,tests/train_files/train_shallow_few_none_no_medium_v02.simpl,5,0.0000,0.354,0
5742,tests/train_files/train_shallow_few_none_no_medium_v03.simpl,5,1111.1111,0.354,2
5743,tests/train_files/train_shallow_many_dominated_has_large_v01.simpl,5,3061.7646,0.354,32
5744,tests/train_files/train_shallow_many_dominated_has_large_v02.simpl,5,2602.9412,0.354,29
5745,tests/train_files/train_shallow_many_dominated_has_large_v03.simpl,5,2660.5264,0.354,30
5746,tests/train_files/train_shallow_many_dominated_has_medium_v01.simpl,5,2333.3333,0.354,11
5747,tests/train_files/train_shallow_many_dominated_has_medium_v02.simpl,5,2309.5237,0.354,8
5748,tests/train_files/train_shallow_many_dominated_has_medium_v03.simpl,5,2642.8569,0.353,9
5749,tests/train_files/train_shallow_many_dominated_no_large_v01.simpl,5,2657.8948,0.353,31
5750,tests/train_files/train_shallow_many_dominated_no_large_v02.simpl,5,2479.1665,0.353,28
5751,tests/train_files/train_shallow_many_dominated_no_large_v03.simpl,5,2438.5967,0.353,29
5752,tests/train_files/train_shallow_many_dominated_no_medium_v01.simpl,5,2333.3333,0.353,10
5753,tests/train_files/train_shallow_many_dominated_no_medium_v02.simpl,5,1749.9999,0.353,7
5754,tests/train_files/train_shallow_many_dominated_no_medium_v03.simpl,5,1999.9999,0.353,8
5755,tests/train_files/train_shallow_many_light_has_large_v01.simpl,5,3028.5713,0.353,38
5756,tests/train_files/train_shallow_many_light_has_large_v02.simpl,5,2510.8696,0.353,35
5757,tests/train_files/train_shallow_many_light_has_large_v03.simpl,5,2976.3159,0.352,36
5758,tests/train_files/train_shallow_many_light_has_medium_v01.simpl,5,3083.3333,0.352,11
5759,tests/train_files/train_shallow_many_light_has_medium_v02.simpl,5,1903.8462,0.352,8
5760,tests/train_files/train_shallow_many_light_has_medium_v03.simpl,5,3153.8462,0.352,9
5761,tests/train_files/train_shallow_many_light_no_large_v01.simpl,5,3355.5557,0.352,37
5762,tests/train_files/train_shallow_many_light_no_large_v02.simpl,5,2900.0000,0.352,34
5763,tests/train_files/train_shallow_many_light_no_large_v03.simpl,5,3021.0527,0.352,35
5764,tests/train_files/train_shallow_many_light_no_medium_v01.simpl,5,3083.3333,0.352,10
5765,tests/train_files/train_shallow_many_light_no_medium_v02.simpl,5,2333.3333,0.352,7
5766,tests/train_files/train_shallow_many_light_no_medium_v03.simpl,5,2666.6667,0.351,8
5767,tests/train_files/train_shallow_many_none_has_large_v01.simpl,5,3123.8096,0.351,40
5768,tests/train_files/train_shallow_many_none_has_large_v02.simpl,5,2972.2222,0.351,37
5769,tests/train_files/train_shallow_many_none_has_large_v03.simpl,5,2876.1904,0.351,38
5770,tests/train_files/train_shallow_many_none_has_medium_v01.simpl,5,3606.0605,0.351,11
5771,tests/train_files/train_shallow_many_none_has_medium_v02.simpl,5,2333.3333,0.351,8
5772,tests/train_files/train_shallow_many_none_has_medium_v03.simpl,5,2642.8572,0.351,9
5773,tests/train_files/train_shallow_many_none_no_large_v01.simpl,5,3050.4199,0.351,39
5774,tests/train_files/train_shallow_many_none_no_large_v02.simpl,5,2777.7778,0.351,36
5775,tests/train_files/train_shallow_many_none_no_large_v03.simpl,5,2918.1819,0.350,37
5776,tests/train_files/train_shallow_many_none_no_medium_v01.simpl,5,2340.9092,0.350,10
5777,tests/train_files/train_shallow_many_none_no_medium_v02.simpl,5,2333.3333,0.350,7
5778,tests/train_files/train_shallow_many_none_no_medium_v03.simpl,5,2666.6667,0.350,8
5779,tests/train_files/train_shallow_none_dominated_no_large_v01.simpl,5,2333.3335,0.350,42
5780,tests/train_files/train_shallow_none_dominated_no_large_v02.simpl,5,2624.9998,0.350,42
5781,tests/train_files/train_shallow_none_dominated_no_large_v03.simpl,5,1750.0000,0.350,42
5782,tests/train_files/train_shallow_none_dominated_no_medium_v01.simpl,5,166.6667,0.350,1
5783,tests/train_files/train_shallow_none_dominated_no_medium_v02.simpl,5,125.0000,0.350,1
5784,tests/train_files/train_shallow_none_dominated_no_medium_v03.simpl,5,142.8571,0.349,1
5785,tests/train_files/train_shallow_none_none_no_large_v01.simpl,5,2210.5264,0.349,42
5786,tests/train_files/train_shallow_none_none_no_large_v02.simpl,5,2624.9998,0.349,42
5787,tests/train_files/train_shallow_none_none_no_large_v03.simpl,5,2210.5264,0.349,42
5788,tests/train_files/train_shallow_none_none_no_medium_v01.simpl,5,125.0000,0.349,1
5789,tests/train_files/train_shallow_none_none_no_medium_v02.simpl,5,125.0000,0.349,1
5790,tests/train_files/train_shallow_none_none_no_medium_v03.simpl,5,100.0000,0.349,1
5791,tests/train_files/train_shallow_none_none_no_tiny_v01.simpl,5,0.0000,0.349,0
5792,tests/train_files/train_shallow_none_none_no_tiny_v02.simpl,5,0.0000,0.349,0
5793,tests/train_files/train_shallow_none_none_no_tiny_v03.simpl,5,0.0000,0.348,0
5794,tests/train_files/train_deep_few_dominated_has_large_v01.simpl,5,1575.7576,0.348,32
5795,tests/train_files/train_deep_few_dominated_has_large_v02.simpl,5,1510.8695,0.348,30
5796,tests/train_files/train_deep_few_dominated_has_large_v03.simpl,5,1518.1819,0.348,30
5797,tests/train_files/train_deep_few_dominated_has_medium_v01.simpl,5,833.3333,0.348,6
5798,tests/train_files/train_deep_few_dominated_has_medium_v02.simpl,5,700.0000,0.348,4
5799,tests/train_files/train_deep_few_dominated_has_medium_v03.simpl,5,1200.0000,0.348,4
5800,tests/train_files/train_deep_few_dominated_no_large_v01.simpl,5,1600.0000,0.348,28
5801,tests/train_files/train_deep_few_dominated_no_large_v02.simpl,5,1181.8182,0.347,26
5802,tests/train_files/train_deep_few_dominated_no_large_v03.simpl,5,1485.7144,0.347,28
5803,tests/train_files/train_deep_few_dominated_no_medium_v01.simpl,5,395.8333,0.347,2
5804,tests/train_files/train_deep_few_dominated_no_medium_v02.simpl,5,0.0000,0.347,0
5805,tests/train_files/train_deep_few_dominated_no_medium_v03.simpl,5,555.5555,0.347,2
5806,tests/train_files/train_deep_few_light_has_large_v01.simpl,5,1634.7826,0.347,34
5807,tests/train_files/train_deep_few_light_has_large_v02.simpl,5,1609.0909,0.347,32
5808,tests/train_files/train_deep_few_light_has_large_v03.simpl,5,1440.0000,0.347,32
5809,tests/train_files/train_deep_few_light_has_medium_v01.simpl,5,833.3333,0.347,6
5810,tests/train_files/train_deep_few_light_has_medium_v02.simpl,5,714.2856,0.346,4
5811,tests/train_files/train_deep_few_light_has_medium_v03.simpl,5,650.0000,0.346,4
5812,tests/train_files/train_deep_few_light_no_large_v01.simpl,5,1630.9524,0.346,30
5813,tests/train_files/train_deep_few_light_no_large_v02.simpl,5,1333.3334,0.346,28
5814,tests/train_files/train_deep_few_light_no_large_v03.simpl,5,1568.1819,0.346,30
5815,tests/train_files/train_deep_few_light_no_medium_v01.simpl,5,400.0000,0.346,2
5816,tests/train_files/train_deep_few_light_no_medium_v02.simpl,5,0.0000,0.346,0
5817,tests/train_files/train_deep_few_light_no_medium_v03.simpl,5,566.6666,0.346,2
5818,tests/train_files/train_deep_few_none_has_large_v01.simpl,5,1658.3334,0.346,36
5819,tests/train_files/train_deep_few_none_has_large_v02.simpl,5,1570.0000,0.345,34
5820,tests/train_files/train_deep_few_none_has_large_v03.simpl,5,1700.0000,0.345,34
5821,tests/train_files/train_deep_few_none_has_medium_v01.simpl,5,833.3333,0.345,6
5822,tests/train_files/train_deep_few_none_has_medium_v02.simpl,5,700.0000,0.345,4
5823,tests/train_files/train_deep_few_none_has_medium_v03.simpl,5,666.6666,0.345,4
5824,tests/train_files/train_deep_few_none_no_large_v01.simpl,5,1726.1906,0.345,32
5825,tests/train_files/train_deep_few_none_no_large_v02.simpl,5,1250.0000,0.345,30
5826,tests/train_files/train_deep_few_none_no_large_v03.simpl,5,1597.8260,0.345,32
5827,tests/train_files/train_deep_few_none_no_medium_v01.simpl,5,562.4999,0.345,2
5828,tests/train_files/train_deep_few_none_no_medium_v02.simpl,5,0.0000,0.344,0
5829,tests/train_files/train_deep_few_none_no_medium_v03.simpl,5,566.6666,0.344,2
5830,tests/train_files/train_deep_many_dominated_has_large_v01.simpl,5,2628.0701,0.344,25
5831,tests/train_files/train_deep_many_dominated_has_large_v02.simpl,5,2095.2380,0.344,22
5832,tests/train_files/train_deep_many_dominated_has_large_v03.simpl,5,1834.4155,0.344,23
5833,tests/train_files/train_deep_many_dominated_has_medium_v01.simpl,5,2602.9409,0.344,14
5834,tests/train_files/train_deep_many_dominated_has_medium_v02.simpl,5,1735.2941,0.344,10
5835,tests/train_files/train_deep_many_dominated_has_medium_v03.simpl,5,2222.2222,0.344,11
5836,tests/train_files/train_deep_many_dominated_no_large_v01.simpl,5,2035.7142,0.344,24
5837,tests/train_files/train_deep_many_dominated_no_large_v02.simpl,5,1803.0303,0.343,21
5838,tests/train_files/train_deep_many_dominated_no_large_v03.simpl,5,2138.4614,0.343,22
5839,tests/train_files/train_deep_many_dominated_no_medium_v01.simpl,5,1855.5555,0.343,10
5840,tests/train_files/train_deep_many_dominated_no_medium_v02.simpl,5,1749.9999,0.343,7
5841,tests/train_files/train_deep_many_dominated_no_medium_v03.simpl,5,1600.0000,0.343,8
5842,tests/train_files/train_deep_many_light_has_large_v01.simpl,5,2566.6665,0.343,31
5843,tests/train_files/train_deep_many_light_has_large_v02.simpl,5,1779.1006,0.343,28
5844,tests/train_files/train_deep_many_light_has_large_v03.simpl,5,2264.8147,0.343,29
5845,tests/train_files/train_deep_many_light_has_medium_v01.simpl,5,2252.9412,0.343,14
5846,tests/train_files/train_deep_many_light_has_medium_v02.simpl,5,1735.2941,0.342,10
5847,tests/train_files/train_deep_many_light_has_medium_v03.simpl,5,1910.5264,0.342,11
5848,tests/train_files/train_deep_many_light_no_large_v01.simpl,5,2905.2632,0.342,30
5849,tests/train_files/train_deep_many_light_no_large_v02.simpl,5,2036.2318,0.342,27
5850,tests/train_files/train_deep_many_light_no_large_v03.simpl,5,2133.3335,0.342,28
5851,tests/train_files/train_deep_many_light_no_medium_v01.simpl,5,3058.8235,0.342,10
5852,tests/train_files/train_deep_many_light_no_medium_v02.simpl,5,1749.9999,0.342,7
5853,tests/train_files/train_deep_many_light_no_medium_v03.simpl,5,1999.9999,0.342,8
5854,tests/train_files/train_deep_many_none_has_large_v01.simpl,5,2611.5386,0.342,33
5855,tests/train_files/train_deep_many_none_has_large_v02.simpl,5,2006.4102,0.341,30
5856,tests/train_files/train_deep_many_none_has_large_v03.simpl,5,2443.4783,0.341,31
5857,tests/train_files/train_deep_many_none_has_medium_v01.simpl,5,2275.0000,0.341,14
5858,tests/train_files/train_deep_many_none_has_medium_v02.simpl,5,1985.2941,0.341,10
5859,tests/train_files/train_deep_many_none_has_medium_v03.simpl,5,2210.5261,0.341,11
5860,tests/train_files/train_deep_many_none_no_large_v01.simpl,5,2800.0000,0.341,32
5861,tests/train_files/train_deep_many_none_no_large_v02.simpl,5,2356.5217,0.341,29
5862,tests/train_files/train_deep_many_none_no_large_v03.simpl,5,2414.8149,0.341,30
5863,tests/train_files/train_deep_many_none_no_medium_v01.simpl,5,2308.8235,0.341,10
5864,tests/train_files/train_deep_many_none_no_medium_v02.simpl,5,1749.9999,0.340,7
5865,tests/train_files/train_deep_many_none_no_medium_v03.simpl,5,2666.6667,0.340,8
5866,tests/train_files/train_deep_none_dominated_no_large_v01.simpl,5,1842.1053,0.340,35
5867,tests/train_files/train_deep_none_dominated_no_large_v02.simpl,5,1944.4446,0.340,35
5868,tests/train_files/train_deep_none_dominated_no_large_v03.simpl,5,1842.1053,0.340,35
5869,tests/train_files/train_deep_none_dominated_no_medium_v01.simpl,5,83.3333,0.340,1
5870,tests/train_files/train_deep_none_dominated_no_medium_v02.simpl,5,90.9091,0.340,1
5871,tests/train_files/train_deep_none_dominated_no_medium_v03.simpl,5,83.3333,0.340,1
5872,tests/train_files/train_deep_none_none_no_large_v01.simpl,5,1666.6667,0.340,35
5873,tests/train_files/train_deep_none_none_no_large_v02.simpl,5,1750.0000,0.339,35
5874,tests/train_files/train_deep_none_none_no_large_v03.simpl,5,1296.2963,0.339,35
5875,tests/train_files/train_deep_none_none_no_medium_v01.simpl,5,0.0000,0.339,0
5876,tests/train_files/train_deep_none_none_no_medium_v02.simpl,5,0.0000,0.339,0
5877,tests/train_files/train_deep_none_none_no_medium_v03.simpl,5,0.0000,0.339,0
5878,tests/train_files/train_none_few_dominated_has_large_v01.simpl,5,3508.9282,0.339,51
5879,tests/train_files/train_none_few_dominated_has_large_v02.simpl,5,4186.8130,0.339,51
5880,tests/train_files/train_none_few_dominated_has_large_v03.simpl,5,4282.0513,0.339,51
5881,tests/train_files/train_none_few_dominated_has_medium_v01.simpl,5,5749.9995,0.338,11
5882,tests/train_files/train_none_few_dominated_has_medium_v02.simpl,5,6333.3330,0.338,11
5883,tests/train_files/train_none_few_dominated_has_medium_v03.simpl,5,3749.9998,0.338,11
5884,tests/train_files/train_none_few_dominated_no_large_v01.simpl,5,4186.8130,0.338,51
5885,tests/train_files/train_none_few_dominated_no_large_v02.simpl,5,4214.2856,0.338,53
5886,tests/train_files/train_none_few_dominated_no_large_v03.simpl,5,3508.9282,0.338,51
5887,tests/train_files/train_none_few_dominated_no_medium_v01.simpl,5,6333.3330,0.338,11
5888,tests/train_files/train_none_few_dominated_no_medium_v02.simpl,5,7749.9995,0.338,13
5889,tests/train_files/train_none_few_dominated_no_medium_v03.simpl,5,5749.9995,0.338,11
5890,tests/train_files/train_none_few_light_has_large_v01.simpl,5,3766.6667,0.337,53
5891,tests/train_files/train_none_few_light_has_large_v02.simpl,5,3078.9475,0.337,53
5892,tests/train_files/train_none_few_light_has_large_v03.simpl,5,4340.6592,0.337,53
5893,tests/train_files/train_none_few_light_has_medium_v01.simpl,5,4666.6665,0.337,12
5894,tests/train_files/train_none_few_light_has_medium_v02.simpl,5,4000.0000,0.337,12
5895,tests/train_files/train_none_few_light_has_medium_v03.simpl,5,6666.6665,0.337,12
5896,tests/train_files/train_none_few_light_has_tiny_v01.simpl,5,4333.3330,0.337,11
5897,tests/train_files/train_none_few_light_has_tiny_v02.simpl,5,3749.9998,0.337,11
5898,tests/train_files/train_none_few_light_has_tiny_v03.simpl,5,5499.9995,0.337,11
5899,tests/train_files/train_none_few_light_no_large_v01.simpl,5,4269.2305,0.336,53
5900,tests/train_files/train_none_few_light_no_large_v02.simpl,5,4626.3735,0.336,55
5901,tests/train_files/train_none_few_light_no_large_v03.simpl,5,4340.6592,0.336,53
5902,tests/train_files/train_none_few_light_no_medium_v01.simpl,5,4666.6665,0.336,12
5903,tests/train_files/train_none_few_light_no_medium_v02.simpl,5,8666.6660,0.336,14
5904,tests/train_files/train_none_few_light_no_medium_v03.simpl,5,7999.9995,0.336,12
5905,tests/train_files/train_none_few_light_no_tiny_v01.simpl,5,6333.3330,0.336,11
5906,tests/train_files/train_none_few_light_no_tiny_v02.simpl,5,7749.9995,0.336,13
5907,tests/train_files/train_none_few_light_no_tiny_v03.simpl,5,6333.3330,0.336,11
5908,tests/train_files/train_none_few_none_has_large_v01.simpl,5,3499.9998,0.335,55
5909,tests/train_files/train_none_few_none_has_large_v02.simpl,5,3844.4443,0.335,55
5910,tests/train_files/train_none_few_none_has_large_v03.simpl,5,4214.2856,0.335,55
5911,tests/train_files/train_none_few_none_has_medium_v01.simpl,5,6500.0000,0.335,14
5912,tests/train_files/train_none_few_none_has_medium_v02.simpl,5,3833.3335,0.335,14
5913,tests/train_files/train_none_few_none_has_medium_v03.simpl,5,4500.0000,0.335,14
5914,tests/train_files/train_none_few_none_has_tiny_v01.simpl,5,4333.3330,0.335,11
5915,tests/train_files/train_none_few_none_has_tiny_v02.simpl,5,6333.3330,0.335,11
5916,tests/train_files/train_none_few_none_has_tiny_v03.simpl,5,4333.3330,0.335,11
5917,tests/train_files/train_none_few_none_no_large_v01.simpl,5,4214.2856,0.334,55
5918,tests/train_files/train_none_few_none_no_large_v02.simpl,5,4500.0000,0.334,57
5919,tests/train_files/train_none_few_none_no_large_v03.simpl,5,4494.5054,0.334,55
5920,tests/train_files/train_none_few_none_no_medium_v01.simpl,5,4500.0000,0.334,14
5921,tests/train_files/train_none_few_none_no_medium_v02.simpl,5,8500.0000,0.334,16
5922,tests/train_files/train_none_few_none_no_medium_v03.simpl,5,7333.3330,0.334,14
5923,tests/train_files/train_none_few_none_no_tiny_v01.simpl,5,3749.9998,0.334,11
5924,tests/train_files/train_none_few_none_no_tiny_v02.simpl,5,3166.6665,0.334,13
5925,tests/train_files/train_none_few_none_no_tiny_v03.simpl,5,6333.3330,0.334,11
5926,tests/train_files/train_none_many_dominated_has_large_v01.simpl,5,4021.9778,0.333,48
5927,tests/train_files/train_none_many_dominated_has_large_v02.simpl,5,5242.4243,0.333,51
5928,tests/train_files/train_none_many_dominated_has_large_v03.simpl,5,4783.3330,0.333,49
5929,tests/train_files/train_none_many_dominated_has_medium_v01.simpl,5,4166.6670,0.333,20
5930,tests/train_files/train_none_many_dominated_has_medium_v02.simpl,5,5666.6670,0.333,23
5931,tests/train_files/train_none_many_dominated_has_medium_v03.simpl,5,6000.0000,0.333,21
5932,tests/train_files/train_none_many_dominated_no_large_v01.simpl,5,4250.0000,0.333,47
5933,tests/train_files/train_none_many_dominated_no_large_v02.simpl,5,4238.0952,0.333,50
5934,tests/train_files/train_none_many_dominated_no_large_v03.simpl,5,4909.0908,0.333,48
5935,tests/train_files/train_none_many_dominated_no_medium_v01.simpl,5,5000.0000,0.332,19
5936,tests/train_files/train_none_many_dominated_no_medium_v02.simpl,5,6500.0000,0.332,22
5937,tests/train_files/train_none_many_dominated_no_medium_v03.simpl,5,8000.0000,0.332,20
5938,tests/train_files/train_none_many_light_has_large_v01.simpl,5,4214.2856,0.332,54
5939,tests/train_files/train_none_many_light_has_large_v02.simpl,5,4912.0879,0.332,57
5940,tests/train_files/train_none_many_light_has_large_v03.simpl,5,4500.0000,0.332,55
5941,tests/train_files/train_none_many_light_has_medium_v01.simpl,5,8000.0000,0.332,20
5942,tests/train_files/train_none_many_light_has_medium_v02.simpl,5,7000.0000,0.332,23
5943,tests/train_files/train_none_many_light_has_medium_v03.simpl,5,6000.0000,0.332,21
5944,tests/train_files/train_none_many_light_no_large_v01.simpl,5,4000.0000,0.331,53
5945,tests/train_files/train_none_many_light_no_large_v02.simpl,5,4769.2305,0.331,56
5946,tests/train_files/train_none_many_light_no_large_v03.simpl,5,4602.5640,0.331,54
5947,tests/train_files/train_none_many_light_no_medium_v01.simpl,5,3874.9998,0.331,19
5948,tests/train_files/train_none_many_light_no_medium_v02.simpl,5,4208.3330,0.331,22
5949,tests/train_files/train_none_many_light_no_medium_v03.simpl,5,8000.0000,0.331,20
5950,tests/train_files/train_none_many_none_has_large_v01.simpl,5,3624.9998,0.331,56
5951,tests/train_files/train_none_many_none_has_large_v02.simpl,5,4400.0000,0.331,59
5952,tests/train_files/train_none_many_none_has_large_v03.simpl,5,4187.5000,0.331,57
5953,tests/train_files/train_none_many_none_has_medium_v01.simpl,5,8750.0000,0.330,20
5954,tests/train_files/train_none_many_none_has_medium_v02.simpl,5,6416.6665,0.330,23
5955,tests/train_files/train_none_many_none_has_medium_v03.simpl,5,9749.9990,0.330,21
5956,tests/train_files/train_none_many_none_no_large_v01.simpl,5,4142.8569,0.330,55
5957,tests/train_files/train_none_many_none_no_large_v02.simpl,5,4642.8569,0.330,58
5958,tests/train_files/train_none_many_none_no_large_v03.simpl,5,4756.4102,0.330,56
5959,tests/train_files/train_none_many_none_no_medium_v01.simpl,5,9000.0000,0.330,19
5960,tests/train_files/train_none_many_none_no_medium_v02.simpl,5,7249.9995,0.330,22
5961,tests/train_files/train_none_many_none_no_medium_v03.simpl,5,5500.0000,0.330,20
5962,tests/train_files/train_none_none_dominated_no_large_v01.simpl,5,2882.3528,0.329,49
5963,tests/train_files/train_none_none_dominated_no_large_v02.simpl,5,3062.4998,0.329,49
5964,tests/train_files/train_none_none_dominated_no_large_v03.simpl,5,2882.3528,0.329,49
5965,tests/train_files/train_none_none_dominated_no_medium_v01.simpl,5,2666.6667,0.329,8
5966,tests/train_files/train_none_none_dominated_no_medium_v02.simpl,5,1142.8571,0.329,8
5967,tests/train_files/train_none_none_dominated_no_medium_v03.simpl,5,2666.6667,0.329,8
5968,tests/train_files/train_none_none_dominated_no_tiny_v01.simpl,5,999.9999,0.329,1
5969,tests/train_files/train_none_none_dominated_no_tiny_v02.simpl,5,333.3333,0.329,1
5970,tests/train_files/train_none_none_dominated_no_tiny_v03.simpl,5,500.0000,0.328,1
5971,tests/train_files/train_none_none_none_no_large_v01.simpl,5,3025.2100,0.328,50
5972,tests/train_files/train_none_none_none_no_large_v02.simpl,5,3391.6667,0.328,50
5973,tests/train_files/train_none_none_none_no_large_v03.simpl,5,3912.0879,0.328,50
5974,tests/train_files/train_none_none_none_no_medium_v01.simpl,5,2999.9998,0.328,9
5975,tests/train_files/train_none_none_none_no_medium_v02.simpl,5,3666.6667,0.328,9
5976,tests/train_files/train_none_none_none_no_medium_v03.simpl,5,3166.6667,0.328,9
5977,tests/train_files/train_none_none_none_no_tiny_v01.simpl,5,1333.3333,0.328,2
5978,tests/train_files/train_none_none_none_no_tiny_v02.simpl,5,1333.3333,0.328,2
5979,tests/train_files/train_none_none_none_no_tiny_v03.simpl,5,1499.9999,0.327,2
5980,tests/train_files/train_shallow_few_dominated_has_large_v01.simpl,5,2277.7778,0.327,39
5981,tests/train_files/train_shallow_few_dominated_has_large_v02.simpl,5,2367.6470,0.327,37
5982,tests/train_files/train_shallow_few_dominated_has_large_v03.simpl,5,1803.0303,0.327,37
5983,tests/train_files/train_shallow_few_dominated_has_medium_v01.simpl,5,1500.0000,0.327,6
5984,tests/train_files/train_shallow_few_dominated_has_medium_v02.simpl,5,1300.0000,0.327,4
5985,tests/train_files/train_shallow_few_dominated_has_medium_v03.simpl,5,772.7272,0.327,4
5986,tests/train_files/train_shallow_few_dominated_no_large_v01.simpl,5,1869.0476,0.327,35
5987,tests/train_files/train_shallow_few_dominated_no_large_v02.simpl,5,1650.0000,0.327,33
5988,tests/train_files/train_shallow_few_dominated_no_large_v03.simpl,5,1950.0000,0.326,35
5989,tests/train_files/train_shallow_few_dominated_no_medium_v01.simpl,5,600.0000,0.326,2
5990,tests/train_files/train_shallow_few_dominated_no_medium_v02.simpl,5,0.0000,0.326,0
5991,tests/train_files/train_shallow_few_dominated_no_medium_v03.simpl,5,590.9091,0.326,2
5992,tests/train_files/train_shallow_few_light_has_large_v01.simpl,5,2166.6667,0.326,41
5993,tests/train_files/train_shallow_few_light_has_large_v02.simpl,5,2575.0000,0.326,39
5994,tests/train_files/train_shallow_few_light_has_large_v03.simpl,5,2100.0000,0.326,39
5995,tests/train_files/train_shallow_few_light_has_medium_v01.simpl,5,1000.0000,0.326,6
5996,tests/train_files/train_shallow_few_light_has_medium_v02.simpl,5,833.3333,0.326,4
5997,tests/train_files/train_shallow_few_light_has_medium_v03.simpl,5,1300.0000,0.325,4
5998,tests/train_files/train_shallow_few_light_no_large_v01.simpl,5,2000.0000,0.325,37
5999,tests/train_files/train_shallow_few_light_no_large_v02.simpl,5,2058.8235,0.325,35
6000,tests/train_files/train_shallow_few_light_no_large_v03.simpl,5,1836.3636,0.325,37
6001,tests/train_files/train_shallow_few_light_no_medium_v01.simpl,5,1076.9230,0.325,2
6002,tests/train_files/train_shallow_few_light_no_medium_v02.simpl,5,0.0000,0.325,0
6003,tests/train_files/train_shallow_few_light_no_medium_v03.simpl,5,583.3333,0.325,2
6004,tests/train_files/train_shallow_few_none_has_large_v01.simpl,5,2075.7576,0.325,43
6005,tests/train_files/train_shallow_few_none_has_large_v02.simpl,5,2422.2224,0.325,41
6006,tests/train_files/train_shallow_few_none_has_large_v03.simpl,5,1984.8485,0.324,41
6007,tests/train_files/train_shallow_few_none_has_medium_v01.simpl,5,1555.5555,0.324,6
6008,tests/train_files/train_shallow_few_none_has_medium_v02.simpl,5,1333.3333,0.324,4
6009,tests/train_files/train_shallow_few_none_has_medium_v03.simpl,5,606.0606,0.324,4
6010,tests/train_files/train_shallow_few_none_no_large_v01.simpl,5,2059.5237,0.324,39
6011,tests/train_files/train_shallow_few_none_no_large_v02.simpl,5,1947.3685,0.324,37
6012,tests/train_files/train_shallow_few_none_no_large_v03.simpl,5,2150.0000,0.324,39
6013,tests/train_files/train_shallow_few_none_no_medium_v01.simpl,5,1100.0000,0.324,2
6014,tests/train_files/train_shallow_few_none_no_medium_v02.simpl,5,0.0000,0.324,0
6015,tests/train_files/train_shallow_few_none_no_medium_v03.simpl,5,600.0000,0.323,2
6016,tests/train_files/train_shallow_many_dominated_has_large_v01.simpl,5,3100.0000,0.323,32
6017,tests/train_files/train_shallow_many_dominated_has_large_v02.simpl,5,2611.1111,0.323,29
6018,tests/train_files/train_shallow_many_dominated_has_large_v03.simpl,5,2600.0000,0.323,30
6019,tests/train_files/train_shallow_many_dominated_has_medium_v01.simpl,5,2130.7693,0.323,11
6020,tests/train_files/train_shallow_many_dominated_has_medium_v02.simpl,5,1892.8572,0.323,8
6021,tests/train_files/train_shallow_many_dominated_has_medium_v03.simpl,5,2166.6665,0.323,9
6022,tests/train_files/train_shallow_many_dominated_no_large_v01.simpl,5,3022.2222,0.323,31
6023,tests/train_files/train_shallow_many_dominated_no_large_v02.simpl,5,2712.5000,0.323,28
6024,tests/train_files/train_shallow_many_dominated_no_large_v03.simpl,5,2766.6667,0.322,29
6025,tests/train_files/train_shallow_many_dominated_no_medium_v01.simpl,5,2333.3333,0.322,10
6026,tests/train_files/train_shallow_many_dominated_no_medium_v02.simpl,5,1749.9999,0.322,7
6027,tests/train_files/train_shallow_many_dominated_no_medium_v03.simpl,5,1999.9999,0.322,8
6028,tests/train_files/train_shallow_many_light_has_large_v01.simpl,5,3364.7058,0.322,38
6029,tests/train_files/train_shallow_many_light_has_large_v02.simpl,5,2905.8823,0.322,35
6030,tests/train_files/train_shallow_many_light_has_large_v03.simpl,5,2710.8696,0.322,36
6031,tests/train_files/train_shallow_many_light_has_medium_v01.simpl,5,2499.9998,0.322,11
6032,tests/train_files/train_shallow_many_light_has_medium_v02.simpl,5,2392.8572,0.322,8
6033,tests/train_files/train_shallow_many_light_has_medium_v03.simpl,5,2487.1794,0.321,9
6034,tests/train_files/train_shallow_many_light_no_large_v01.simpl,5,3447.0586,0.321,37
6035,tests/train_files/train_shallow_many_light_no_large_v02.simpl,5,2900.0000,0.321,34
6036,tests/train_files/train_shallow_many_light_no_large_v03.simpl,5,3021.0527,0.321,35
6037,tests/train_files/train_shallow_many_light_no_medium_v01.simpl,5,3083.3333,0.321,10
6038,tests/train_files/train_shallow_many_light_no_medium_v02.simpl,5,2333.3333,0.321,7
6039,tests/train_files/train_shallow_many_light_no_medium_v03.simpl,5,1600.0000,0.321,8
6040,tests/train_files/train_shallow_many_none_has_large_v01.simpl,5,3144.4443,0.321,40
6041,tests/train_files/train_shallow_many_none_has_large_v02.simpl,5,3222.2222,0.321,37
6042,tests/train_files/train_shallow_many_none_has_large_v03.simpl,5,2950.0000,0.320,38
6043,tests/train_files/train_shallow_many_none_has_medium_v01.simpl,5,3583.3333,0.320,11
6044,tests/train_files/train_shallow_many_none_has_medium_v02.simpl,5,2320.5127,0.320,8
6045,tests/train_files/train_shallow_many_none_has_medium_v03.simpl,5,3153.8462,0.320,9
6046,tests/train_files/train_shallow_many_none_no_large_v01.simpl,5,3466.6667,0.320,39
6047,tests/train_files/train_shallow_many_none_no_large_v02.simpl,5,2547.6191,0.320,36
6048,tests/train_files/train_shallow_many_none_no_large_v03.simpl,5,2980.9524,0.320,37
6049,tests/train_files/train_shallow_many_none_no_medium_v01.simpl,5,2340.9092,0.320,10
6050,tests/train_files/train_shallow_many_none_no_medium_v02.simpl,5,2333.3333,0.319,7
6051,tests/train_files/train_shallow_many_none_no_medium_v03.simpl,5,2666.6667,0.319,8
6052,tests/train_files/train_shallow_none_dominated_no_large_v01.simpl,5,2333.3335,0.319,42
6053,tests/train_files/train_shallow_none_dominated_no_large_v02.simpl,5,2333.3335,0.319,42
6054,tests/train_files/train_shallow_none_dominated_no_large_v03.simpl,5,2100.0000,0.319,42
6055,tests/train_files/train_shallow_none_dominated_no_medium_v01.simpl,5,166.6667,0.319,1
6056,tests/train_files/train_shallow_none_dominated_no_medium_v02.simpl,5,100.0000,0.319,1
6057,tests/train_files/train_shallow_none_dominated_no_medium_v03.simpl,5,142.8571,0.319,1
6058,tests/train_files/train_shallow_none_none_no_large_v01.simpl,5,2000.0000,0.319,42
6059,tests/train_files/train_shallow_none_none_no_large_v02.simpl,5,2470.5881,0.318,42
6060,tests/train_files/train_shallow_none_none_no_large_v03.simpl,5,2000.0000,0.318,42
6061,tests/train_files/train_shallow_none_none_no_medium_v01.simpl,5,111.1111,0.318,1
6062,tests/train_files/train_shallow_none_none_no_medium_v02.simpl,5,111.1111,0.318,1
6063,tests/train_files/train_shallow_none_none_no_medium_v03.simpl,5,125.0000,0.318,1
6064,tests/train_files/train_shallow_none_none_no_tiny_v01.simpl,5,0.0000,0.318,0
6065,tests/train_files/train_shallow_none_none_no_tiny_v02.simpl,5,0.0000,0.318,0
6066,tests/train_files/train_shallow_none_none_no_tiny_v03.simpl,5,0.0000,0.318,0
6067,tests/train_files/train_deep_few_dominated_has_large_v01.simpl,5,1609.0909,0.318,32
6068,tests/train_files/train_deep_few_dominated_has_large_v02.simpl,5,1700.0000,0.317,30
6069,tests/train_files/train_deep_few_dominated_has_large_v03.simpl,5,1460.8695,0.317,30
6070,tests/train_files/train_deep_few_dominated_has_medium_v01.simpl,5,833.3333,0.317,6
6071,tests/train_files/train_deep_few_dominated_has_medium_v02.simpl,5,1187.4999,0.317,4
6072,tests/train_files/train_deep_few_dominated_has_medium_v03.simpl,5,714.2856,0.317,4
6073,tests/train_files/train_deep_few_dominated_no_large_v01.simpl,5,1535.7144,0.317,28
6074,tests/train_files/train_deep_few_dominated_no_large_v02.simpl,5,1040.0000,0.317,26
6075,tests/train_files/train_deep_few_dominated_no_large_v03.simpl,5,1330.0000,0.317,28
6076,tests/train_files/train_deep_few_dominated_no_medium_v01.simpl,5,562.4999,0.317,2
6077,tests/train_files/train_deep_few_dominated_no_medium_v02.simpl,5,0.0000,0.316,0
6078,tests/train_files/train_deep_few_dominated_no_medium_v03.simpl,5,562.4999,0.316,2
6079,tests/train_files/train_deep_few_light_has_large_v01.simpl,5,1771.4286,0.316,34
6080,tests/train_files/train_deep_few_light_has_large_v02.simpl,5,1676.1906,0.316,32
6081,tests/train_files/train_deep_few_light_has_large_v03.simpl,5,1609.0909,0.316,32
6082,tests/train_files/train_deep_few_light_has_medium_v01.simpl,5,794.1176,0.316,6
6083,tests/train_files/train_deep_few_light_has_medium_v02.simpl,5,1166.6666,0.316,4
6084,tests/train_files/train_deep_few_light_has_medium_v03.simpl,5,700.0000,0.316,4
6085,tests/train_files/train_deep_few_light_no_large_v01.simpl,5,1458.3334,0.316,30
6086,tests/train_files/train_deep_few_light_no_large_v02.simpl,5,1272.7273,0.315,28
6087,tests/train_files/train_deep_few_light_no_large_v03.simpl,5,1510.8695,0.315,30
6088,tests/train_files/train_deep_few_light_no_medium_v01.simpl,5,566.6666,0.315,2
6089,tests/train_files/train_deep_few_light_no_medium_v02.simpl,5,0.0000,0.315,0
6090,tests/train_files/train_deep_few_light_no_medium_v03.simpl,5,571.4285,0.315,2
6091,tests/train_files/train_deep_few_none_has_large_v01.simpl,5,1688.4058,0.315,36
6092,tests/train_files/train_deep_few_none_has_large_v02.simpl,5,1850.0000,0.315,34
6093,tests/train_files/train_deep_few_none_has_large_v03.simpl,5,1634.7826,0.315,34
6094,tests/train_files/train_deep_few_none_has_medium_v01.simpl,5,857.1428,0.315,6
6095,tests/train_files/train_deep_few_none_has_medium_v02.simpl,5,700.0000,0.314,4
6096,tests/train_files/train_deep_few_none_has_medium_v03.simpl,5,533.3334,0.314,4
6097,tests/train_files/train_deep_few_none_no_large_v01.simpl,5,1800.0000,0.314,32
6098,tests/train_files/train_deep_few_none_no_large_v02.simpl,5,1304.3478,0.314,30
6099,tests/train_files/train_deep_few_none_no_large_v03.simpl,5,1541.6666,0.314,32
6100,tests/train_files/train_deep_few_none_no_medium_v01.simpl,5,566.6666,0.314,2
6101,tests/train_files/train_deep_few_none_no_medium_v02.simpl,5,0.0000,0.314,0
6102,tests/train_files/train_deep_few_none_no_medium_v03.simpl,5,552.6315,0.314,2
6103,tests/train_files/train_deep_many_dominated_has_large_v01.simpl,5,2441.6665,0.314,25
6104,tests/train_files/train_deep_many_dominated_has_large_v02.simpl,5,1945.6521,0.313,22
6105,tests/train_files/train_deep_many_dominated_has_large_v03.simpl,5,2177.2727,0.313,23
6106,tests/train_files/train_deep_many_dominated_has_medium_v01.simpl,5,2583.3330,0.313,14
6107,tests/train_files/train_deep_many_dominated_has_medium_v02.simpl,5,1722.2222,0.313,10
6108,tests/train_files/train_deep_many_dominated_has_medium_v03.simpl,5,1910.5264,0.313,11
6109,tests/train_files/train_deep_many_dominated_no_large_v01.simpl,5,2250.0000,0.313,24
6110,tests/train_files/train_deep_many_dominated_no_large_v02.simpl,5,1803.0303,0.313,21
6111,tests/train_files/train_deep_many_dominated_no_large_v03.simpl,5,1942.0291,0.313,22
6112,tests/train_files/train_deep_many_dominated_no_medium_v01.simpl,5,2305.5557,0.313,10
6113,tests/train_files/train_deep_many_dominated_no_medium_v02.simpl,5,1400.0000,0.312,7
6114,tests/train_files/train_deep_many_dominated_no_medium_v03.simpl,5,1333.3334,0.312,8
6115,tests/train_files/train_deep_many_light_has_large_v01.simpl,5,2416.6665,0.312,31
6116,tests/train_files/train_deep_many_light_has_large_v02.simpl,5,2250.0000,0.312,28
6117,tests/train_files/train_deep_many_light_has_large_v03.simpl,5,2330.0000,0.312,29
6118,tests/train_files/train_deep_many_light_has_medium_v01.simpl,5,2602.9409,0.312,14
6119,tests/train_files/train_deep_many_light_has_medium_v02.simpl,5,1960.5264,0.312,10
6120,tests/train_files/train_deep_many_light_has_medium_v03.simpl,5,1922.2222,0.312,11
6121,tests/train_files/train_deep_many_light_no_large_v01.simpl,5,2800.0000,0.312,30
6122,tests/train_files/train_deep_many_light_no_large_v02.simpl,5,2309.0908,0.311,27
6123,tests/train_files/train_deep_many_light_no_large_v03.simpl,5,2242.4243,0.311,28
6124,tests/train_files/train_deep_many_light_no_medium_v01.simpl,5,2312.5000,0.311,10
6125,tests/train_files/train_deep_many_light_no_medium_v02.simpl,5,1749.9999,0.311,7
6126,tests/train_files/train_deep_many_light_no_medium_v03.simpl,5,1600.0000,0.311,8
6127,tests/train_files/train_deep_many_none_has_large_v01.simpl,5,2736.9565,0.311,33
6128,tests/train_files/train_deep_many_none_has_large_v02.simpl,5,2340.9092,0.311,30
6129,tests/train_files/train_deep_many_none_has_large_v03.simpl,5,2493.4783,0.311,31
6130,tests/train_files/train_deep_many_none_has_medium_v01.simpl,5,2602.9409,0.310,14
6131,tests/train_files/train_deep_many_none_has_medium_v02.simpl,5,1985.2941,0.310,10
6132,tests/train_files/train_deep_many_none_has_medium_v03.simpl,5,2210.5261,0.310,11
6133,tests/train_files/train_deep_many_none_no_large_v01.simpl,5,2458.3333,0.310,32
6134,tests/train_files/train_deep_many_none_no_large_v02.simpl,5,2000.0000,0.310,29
6135,tests/train_files/train_deep_many_none_no_large_v03.simpl,5,2142.8569,0.310,30
6136,tests/train_files/train_deep_many_none_no_medium_v01.simpl,5,3058.8235,0.310,10
6137,tests/train_files/train_deep_many_none_no_medium_v02.simpl,5,1749.9999,0.310,7
6138,tests/train_files/train_deep_many_none_no_medium_v03.simpl,5,1999.9999,0.310,8
6139,tests/train_files/train_deep_none_dominated_no_large_v01.simpl,5,2058.8235,0.309,35
6140,tests/train_files/train_deep_none_dominated_no_large_v02.simpl,5,1944.4446,0.309,35
6141,tests/train_files/train_deep_none_dominated_no_large_v03.simpl,5,1750.0000,0.309,35
6142,tests/train_files/train_deep_none_dominated_no_medium_v01.simpl,5,76.9231,0.309,1
6143,tests/train_files/train_deep_none_dominated_no_medium_v02.simpl,5,100.0000,0.309,1
6144,tests/train_files/train_deep_none_dominated_no_medium_v03.simpl,5,90.9091,0.309,1
6145,tests/train_files/train_deep_none_none_no_large_v01.simpl,5,1590.9091,0.309,35
6146,tests/train_files/train_deep_none_none_no_large_v02.simpl,5,1750.0000,0.309,35
6147,tests/train_files/train_deep_none_none_no_large_v03.simpl,5,1250.0000,0.309,35
6148,tests/train_files/train_deep_none_none_no_medium_v01.simpl,5,0.0000,0.308,0
6149,tests/train_files/train_deep_none_none_no_medium_v02.simpl,5,0.0000,0.308,0
6150,tests/train_files/train_deep_none_none_no_medium_v03.simpl,5,0.0000,0.308,0
6151,tests/train_files/train_none_few_dominated_has_large_v01.simpl,5,3857.1428,0.308,51
6152,tests/train_files/train_none_few_dominated_has_large_v02.simpl,5,3928.5713,0.308,51
6153,tests/train_files/train_none_few_dominated_has_large_v03.simpl,5,4488.0952,0.308,51
6154,tests/train_files/train_none_few_dominated_has_medium_v01.simpl,5,6333.3330,0.308,11
6155,tests/train_files/train_none_few_dominated_has_medium_v02.simpl,5,3749.9998,0.308,11
6156,tests/train_files/train_none_few_dominated_has_medium_v03.simpl,5,3749.9998,0.308,11
6157,tests/train_files/train_none_few_dominated_no_large_v01.simpl,5,4115.3843,0.307,51
6158,tests/train_files/train_none_few_dominated_no_large_v02.simpl,5,4472.5273,0.307,53
6159,tests/train_files/train_none_few_dominated_no_large_v03.simpl,5,4115.3843,0.307,51
6160,tests/train_files/train_none_few_dominated_no_medium_v01.simpl,5,6333.3330,0.307,11
6161,tests/train_files/train_none_few_dominated_no_medium_v02.simpl,5,4749.9995,0.307,13
6162,tests/train_files/train_none_few_dominated_no_medium_v03.simpl,5,3083.3333,0.307,11
6163,tests/train_files/train_none_few_light_has_large_v01.simpl,5,3021.4285,0.307,53
6164,tests/train_files/train_none_few_light_has_large_v02.simpl,5,4269.2305,0.307,53
6165,tests/train_files/train_none_few_light_has_large_v03.simpl,5,4340.6592,0.307,53
6166,tests/train_files/train_none_few_light_has_medium_v01.simpl,5,6666.6665,0.306,12
6167,tests/train_files/train_none_few_light_has_medium_v02.simpl,5,4666.6665,0.306,12
6168,tests/train_files/train_none_few_light_has_medium_v03.simpl,5,5999.9995,0.306,12
6169,tests/train_files/train_none_few_light_has_tiny_v01.simpl,5,6333.3330,0.306,11
6170,tests/train_files/train_none_few_light_has_tiny_v02.simpl,5,5749.9995,0.306,11
6171,tests/train_files/train_none_few_light_has_tiny_v03.simpl,5,6333.3330,0.306,11
6172,tests/train_files/train_none_few_light_no_large_v01.simpl,5,3293.6509,0.306,53
6173,tests/train_files/train_none_few_light_no_large_v02.simpl,5,4519.2305,0.306,55
6174,tests/train_files/train_none_few_light_no_large_v03.simpl,5,4435.8975,0.306,53
6175,tests/train_files/train_none_few_light_no_medium_v01.simpl,5,6666.6665,0.305,12
6176,tests/train_files/train_none_few_light_no_medium_v02.simpl,5,4999.9995,0.305,14
6177,tests/train_files/train_none_few_light_no_medium_v03.simpl,5,6666.6665,0.305,12
6178,tests/train_files/train_none_few_light_no_tiny_v01.simpl,5,4999.9995,0.305,11
6179,tests/train_files/train_none_few_light_no_tiny_v02.simpl,5,4749.9995,0.305,13
6180,tests/train_files/train_none_few_light_no_tiny_v03.simpl,5,3749.9998,0.305,11
6181,tests/train_files/train_none_few_none_has_large_v01.simpl,5,3687.4998,0.305,55
6182,tests/train_files/train_none_few_none_has_large_v02.simpl,5,3687.4998,0.305,55
6183,tests/train_files/train_none_few_none_has_large_v03.simpl,5,3758.9282,0.305,55
6184,tests/train_files/train_none_few_none_has_medium_v01.simpl,5,3833.3335,0.304,14
6185,tests/train_files/train_none_few_none_has_medium_v02.simpl,5,4500.0000,0.304,14
6186,tests/train_files/train_none_few_none_has_medium_v03.simpl,5,5333.3330,0.304,14
6187,tests/train_files/train_none_few_none_has_tiny_v01.simpl,5,5749.9995,0.304,11
6188,tests/train_files/train_none_few_none_has_tiny_v02.simpl,5,4333.3330,0.304,11
6189,tests/train_files/train_none_few_none_has_tiny_v03.simpl,5,7499.9995,0.304,11
6190,tests/train_files/train_none_few_none_no_large_v01.simpl,5,4142.8569,0.304,55
6191,tests/train_files/train_none_few_none_no_large_v02.simpl,5,3854.1665,0.304,57
6192,tests/train_files/train_none_few_none_no_large_v03.simpl,5,3687.4998,0.304,55
6193,tests/train_files/train_none_few_none_no_medium_v01.simpl,5,7333.3330,0.303,14
6194,tests/train_files/train_none_few_none_no_medium_v02.simpl,5,8500.0000,0.303,16
6195,tests/train_files/train_none_few_none_no_medium_v03.simpl,5,5333.3330,0.303,14
6196,tests/train_files/train_none_few_none_no_tiny_v01.simpl,5,5749.9995,0.303,11
6197,tests/train_files/train_none_few_none_no_tiny_v02.simpl,5,8333.3330,0.303,13
6198,tests/train_files/train_none_few_none_no_tiny_v03.simpl,5,6333.3330,0.303,11
6199,tests/train_files/train_none_many_dominated_has_large_v01.simpl,5,4416.6665,0.303,48
6200,tests/train_files/train_none_many_dominated_has_large_v02.simpl,5,5242.4243,0.303,51
6201,tests/train_files/train_none_many_dominated_has_large_v03.simpl,5,4307.6924,0.303,49
6202,tests/train_files/train_none_many_dominated_has_medium_v01.simpl,5,8000.0000,0.302,20
6203,tests/train_files/train_none_many_dominated_has_medium_v02.simpl,5,7749.9995,0.302,23
6204,tests/train_files/train_none_many_dominated_has_medium_v03.simpl,5,6000.0000,0.302,21
6205,tests/train_files/train_none_many_dominated_no_large_v01.simpl,5,4154.7617,0.302,47
6206,tests/train_files/train_none_many_dominated_no_large_v02.simpl,5,4750.0000,0.302,50
6207,tests/train_files/train_none_many_dominated_no_large_v03.simpl,5,4909.0908,0.302,48
6208,tests/train_files/train_none_many_dominated_no_medium_v01.simpl,5,4333.3335,0.302,19
6209,tests/train_files/train_none_many_dominated_no_medium_v02.simpl,5,7249.9995,0.302,22
6210,tests/train_files/train_none_many_dominated_no_medium_v03.simpl,5,5500.0000,0.301,20
6211,tests/train_files/train_none_many_light_has_large_v01.simpl,5,4214.2856,0.301,54
6212,tests/train_files/train_none_many_light_has_large_v02.simpl,5,4912.0879,0.301,57
6213,tests/train_files/train_none_many_light_has_large_v03.simpl,5,5083.3330,0.301,55
6214,tests/train_files/train_none_many_light_has_medium_v01.simpl,5,5500.0000,0.301,20
6215,tests/train_files/train_none_many_light_has_medium_v02.simpl,5,7000.0000,0.301,23
6216,tests/train_files/train_none_many_light_has_medium_v03.simpl,5,9749.9990,0.301,21
6217,tests/train_files/train_none_many_light_no_large_v01.simpl,5,4269.2305,0.301,53
6218,tests/train_files/train_none_many_light_no_large_v02.simpl,5,3757.3528,0.301,56
6219,tests/train_files/train_none_many_light_no_large_v03.simpl,5,4602.5640,0.300,54
6220,tests/train_files/train_none_many_light_no_medium_v01.simpl,5,5000.0000,0.300,19
6221,tests/train_files/train_none_many_light_no_medium_v02.simpl,5,7249.9995,0.300,22
6222,tests/train_files/train_none_many_light_no_medium_v03.simpl,5,6250.0000,0.300,20
6223,tests/train_files/train_none_many_none_has_large_v01.simpl,5,3547.6191,0.300,56
6224,tests/train_files/train_none_many_none_has_large_v02.simpl,5,4923.0767,0.300,59
6225,tests/train_files/train_none_many_none_has_large_v03.simpl,5,4673.0767,0.300,57
6226,tests/train_files/train_none_many_none_has_medium_v01.simpl,5,5500.0000,0.300,20
6227,tests/train_files/train_none_many_none_has_medium_v02.simpl,5,13000.0000,0.300,23
6228,tests/train_files/train_none_many_none_has_medium_v03.simpl,5,8000.0000,0.299,21
6229,tests/train_files/train_none_many_none_no_large_v01.simpl,5,3499.9998,0.299,55
6230,tests/train_files/train_none_many_none_no_large_v02.simpl,5,4517.8569,0.299,58
6231,tests/train_files/train_none_many_none_no_large_v03.simpl,5,4756.4102,0.299,56
6232,tests/train_files/train_none_many_none_no_medium_v01.simpl,5,3874.9998,0.299,19
6233,tests/train_files/train_none_many_none_no_medium_v02.simpl,5,6500.0000,0.299,22
6234,tests/train_files/train_none_many_none_no_medium_v03.simpl,5,6250.0000,0.299,20
6235,tests/train_files/train_none_none_dominated_no_large_v01.simpl,5,3266.6667,0.299,49
6236,tests/train_files/train_none_none_dominated_no_large_v02.simpl,5,3500.0000,0.299,49
6237,tests/train_files/train_none_none_dominated_no_large_v03.simpl,5,3500.0000,0.298,49
6238,tests/train_files/train_none_none_dominated_no_medium_v01.simpl,5,1999.9999,0.298,8
6239,tests/train_files/train_none_none_dominated_no_medium_v02.simpl,5,2666.6667,0.298,8
6240,tests/train_files/train_none_none_dominated_no_medium_v03.simpl,5,2666.6667,0.298,8
6241,tests/train_files/train_none_none_dominated_no_tiny_v01.simpl,5,500.0000,0.298,1
6242,tests/train_files/train_none_none_dominated_no_tiny_v02.simpl,5,500.0000,0.298,1
6243,tests/train_files/train_none_none_dominated_no_tiny_v03.simpl,5,333.3333,0.298,1
6244,tests/train_files/train_none_none_none_no_large_v01.simpl,5,2721.8047,0.298,50
6245,tests/train_files/train_none_none_none_no_large_v02.simpl,5,3625.0000,0.298,50
6246,tests/train_files/train_none_none_none_no_large_v03.simpl,5,2865.0796,0.297,50
6247,tests/train_files/train_none_none_none_no_medium_v01.simpl,5,2142.8569,0.297,9
6248,tests/train_files/train_none_none_none_no_medium_v02.simpl,5,2999.9998,0.297,9
6249,tests/train_files/train_none_none_none_no_medium_v03.simpl,5,3666.6667,0.297,9
6250,tests/train_files/train_none_none_none_no_tiny_v01.simpl,5,999.9999,0.297,1
6251,tests/train_files/train_none_none_none_no_tiny_v02.simpl,5,999.9999,0.297,1
6252,tests/train_files/train_none_none_none_no_tiny_v03.simpl,5,999.9999,0.297,1
6253,tests/train_files/train_shallow_few_dominated_has_large_v01.simpl,5,1976.1904,0.297,39
6254,tests/train_files/train_shallow_few_dominated_has_large_v02.simpl,5,2166.6667,0.297,37
6255,tests/train_files/train_shallow_few_dominated_has_large_v03.simpl,5,2094.7368,0.296,37
6256,tests/train_files/train_shallow_few_dominated_has_medium_v01.simpl,5,1500.0000,0.296,6
6257,tests/train_files/train_shallow_few_dominated_has_medium_v02.simpl,5,1333.3333,0.296,4
6258,tests/train_files/train_shallow_few_dominated_has_medium_v03.simpl,5,800.0000,0.296,4
6259,tests/train_files/train_shallow_few_dominated_no_large_v01.simpl,5,1795.4546,0.296,35
6260,tests/train_files/train_shallow_few_dominated_no_large_v02.simpl,5,1941.1764,0.296,33
6261,tests/train_files/train_shallow_few_dominated_no_large_v03.simpl,5,2039.4738,0.296,35
6262,tests/train_files/train_shallow_few_dominated_no_medium_v01.simpl,5,611.1111,0.296,2
6263,tests/train_files/train_shallow_few_dominated_no_medium_v02.simpl,5,0.0000,0.296,0
6264,tests/train_files/train_shallow_few_dominated_no_medium_v03.simpl,5,1111.1111,0.295,2
6265,tests/train_files/train_shallow_few_light_has_large_v01.simpl,5,2104.7620,0.295,41
6266,tests/train_files/train_shallow_few_light_has_large_v02.simpl,5,2435.2939,0.295,39
6267,tests/train_files/train_shallow_few_light_has_large_v03.simpl,5,1870.1299,0.295,39
6268,tests/train_files/train_shallow_few_light_has_medium_v01.simpl,5,1500.0000,0.295,6
6269,tests/train_files/train_shallow_few_light_has_medium_v02.simpl,5,1272.7272,0.295,4
6270,tests/train_files/train_shallow_few_light_has_medium_v03.simpl,5,833.3333,0.295,4
6271,tests/train_files/train_shallow_few_light_no_large_v01.simpl,5,1886.3636,0.295,37
6272,tests/train_files/train_shallow_few_light_no_large_v02.simpl,5,1944.4446,0.295,35
6273,tests/train_files/train_shallow_few_light_no_large_v03.simpl,5,1765.2174,0.294,37
6274,tests/train_files/train_shallow_few_light_no_medium_v01.simpl,5,1100.0000,0.294,2
6275,tests/train_files/train_shallow_few_light_no_medium_v02.simpl,5,0.0000,0.294,0
6276,tests/train_files/train_shallow_few_light_no_medium_v03.simpl,5,600.0000,0.294,2
6277,tests/train_files/train_shallow_few_none_has_large_v01.simpl,5,2242.8572,0.294,43
6278,tests/train_files/train_shallow_few_none_has_large_v02.simpl,5,2422.2224,0.294,41
6279,tests/train_files/train_shallow_few_none_has_large_v03.simpl,5,2142.8572,0.294,41
6280,tests/train_files/train_shallow_few_none_has_medium_v01.simpl,5,1555.5555,0.294,6
6281,tests/train_files/train_shallow_few_none_has_medium_v02.simpl,5,1230.7692,0.294,4
6282,tests/train_files/train_shallow_few_none_has_medium_v03.simpl,5,1333.3333,0.293,4
6283,tests/train_files/train_shallow_few_none_no_large_v01.simpl,5,2361.1111,0.293,39
6284,tests/train_files/train_shallow_few_none_no_large_v02.simpl,5,1947.3685,0.293,37
6285,tests/train_files/train_shallow_few_none_no_large_v03.simpl,5,1977.2727,0.293,39
6286,tests/train_files/train_shallow_few_none_no_medium_v01.simpl,5,1111.1111,0.293,2
6287,tests/train_files/train_shallow_few_none_no_medium_v02.simpl,5,0.0000,0.293,0
6288,tests/train_files/train_shallow_few_none_no_medium_v03.simpl,5,611.1111,0.293,2
6289,tests/train_files/train_shallow_many_dominated_has_large_v01.simpl,5,2983.3335,0.293,32
6290,tests/train_files/train_shallow_many_dominated_has_large_v02.simpl,5,2293.8596,0.292,29
6291,tests/train_files/train_shallow_many_dominated_has_large_v03.simpl,5,2460.5264,0.292,30
6292,tests/train_files/train_shallow_many_dominated_has_medium_v01.simpl,5,2500.0000,0.292,11
6293,tests/train_files/train_shallow_many_dominated_has_medium_v02.simpl,5,1726.1904,0.292,8
6294,tests/train_files/train_shallow_many_dominated_has_medium_v03.simpl,5,1842.8572,0.292,9
6295,tests/train_files/train_shallow_many_dominated_no_large_v01.simpl,5,2900.0000,0.292,31
6296,tests/train_files/train_shallow_many_dominated_no_large_v02.simpl,5,2566.6667,0.292,28
6297,tests/train_files/train_shallow_many_dominated_no_large_v03.simpl,5,2438.5967,0.292,29
6298,tests/train_files/train_shallow_many_dominated_no_medium_v01.simpl,5,2316.6667,0.292,10
6299,tests/train_files/train_shallow_many_dominated_no_medium_v02.simpl,5,1749.9999,0.291,7
6300,tests/train_files/train_shallow_many_dominated_no_medium_v03.simpl,5,1999.9999,0.291,8
6301,tests/train_files/train_shallow_many_light_has_large_v01.simpl,5,2866.6665,0.291,38
6302,tests/train_files/train_shallow_many_light_has_large_v02.simpl,5,2644.4446,0.291,35
6303,tests/train_files/train_shallow_many_light_has_large_v03.simpl,5,2780.9524,0.291,36
6304,tests/train_files/train_shallow_many_light_has_medium_v01.simpl,5,1491.6666,0.291,11
6305,tests/train_files/train_shallow_many_light_has_medium_v02.simpl,5,2133.3333,0.291,8
6306,tests/train_files/train_shallow_many_light_has_medium_v03.simpl,5,1184.0659,0.291,9
6307,tests/train_files/train_shallow_many_light_no_large_v01.simpl,5,2900.0000,0.291,37
6308,tests/train_files/train_shallow_many_light_no_large_v02.simpl,5,2821.0527,0.290,34
6309,tests/train_files/train_shallow_many_light_no_large_v03.simpl,5,2754.3862,0.290,35
6310,tests/train_files/train_shallow_many_light_no_medium_v01.simpl,5,2333.3333,0.290,10
6311,tests/train_files/train_shallow_many_light_no_medium_v02.simpl,5,1749.9999,0.290,7
6312,tests/train_files/train_shallow_many_light_no_medium_v03.simpl,5,2666.6667,0.290,8
6313,tests/train_files/train_shallow_many_none_has_large_v01.simpl,5,3200.0000,0.290,40
6314,tests/train_files/train_shallow_many_none_has_large_v02.simpl,5,2831.5791,0.290,37
6315,tests/train_files/train_shallow_many_none_has_large_v03.simpl,5,2691.6665,0.290,38
6316,tests/train_files/train_shallow_many_none_has_medium_v01.simpl,5,3106.0605,0.290,11
6317,tests/train_files/train_shallow_many_none_has_medium_v02.simpl,5,2403.8462,0.289,8
6318,tests/train_files/train_shallow_many_none_has_medium_v03.simpl,5,3153.8462,0.289,9
6319,tests/train_files/train_shallow_many_none_no_large_v01.simpl,5,3166.6667,0.289,39
6320,tests/train_files/train_shallow_many_none_no_large_v02.simpl,5,2692.9824,0.289,36
6321,tests/train_files/train_shallow_many_none_no_large_v03.simpl,5,2918.1819,0.289,37
6322,tests/train_files/train_shallow_many_none_no_medium_v01.simpl,5,3083.3333,0.289,10
6323,tests/train_files/train_shallow_many_none_no_medium_v02.simpl,5,1749.9999,0.289,7
6324,tests/train_files/train_shallow_many_none_no_medium_v03.simpl,5,1999.9999,0.289,8
6325,tests/train_files/train_shallow_none_dominated_no_large_v01.simpl,5,2470.5881,0.289,42
6326,tests/train_files/train_shallow_none_dominated_no_large_v02.simpl,5,2470.5881,0.288,42
6327,tests/train_files/train_shallow_none_dominated_no_large_v03.simpl,5,2333.3335,0.288,42
6328,tests/train_files/train_shallow_none_dominated_no_medium_v01.simpl,5,142.8571,0.288,1
6329,tests/train_files/train_shallow_none_dominated_no_medium_v02.simpl,5,125.0000,0.288,1
6330,tests/train_files/train_shallow_none_dominated_no_medium_v03.simpl,5,142.8571,0.288,1
6331,tests/train_files/train_shallow_none_none_no_large_v01.simpl,5,2210.5264,0.288,42
6332,tests/train_files/train_shallow_none_none_no_large_v02.simpl,5,2333.3335,0.288,42
6333,tests/train_files/train_shallow_none_none_no_large_v03.simpl,5,2210.5264,0.288,42
6334,tests/train_files/train_shallow_none_none_no_medium_v01.simpl,5,125.0000,0.288,1
6335,tests/train_files/train_shallow_none_none_no_medium_v02.simpl,5,111.1111,0.287,1
6336,tests/train_files/train_shallow_none_none_no_medium_v03.simpl,5,125.0000,0.287,1
6337,tests/train_files/train_shallow_none_none_no_tiny_v01.simpl,5,0.0000,0.287,0
6338,tests/train_files/train_shallow_none_none_no_tiny_v02.simpl,5,0.0000,0.287,0
6339,tests/train_files/train_shallow_none_none_no_tiny_v03.simpl,5,0.0000,0.287,0
6340,tests/train_files/train_deep_few_dominated_has_large_v01.simpl,5,1676.1906,0.287,32
6341,tests/train_files/train_deep_few_dominated_has_large_v02.simpl,5,1568.1819,0.287,30
6342,tests/train_files/train_deep_few_dominated_has_large_v03.simpl,5,1518.1819,0.287,30
6343,tests/train_files/train_deep_few_dominated_has_medium_v01.simpl,5,857.1428,0.287,6
6344,tests/train_files/train_deep_few_dominated_has_medium_v02.simpl,5,1187.4999,0.286,4
6345,tests/train_files/train_deep_few_dominated_has_medium_v03.simpl,5,1187.4999,0.286,4
6346,tests/train_files/train_deep_few_dominated_no_large_v01.simpl,5,1423.9131,0.286,28
6347,tests/train_files/train_deep_few_dominated_no_large_v02.simpl,5,1238.0952,0.286,26
6348,tests/train_files/train_deep_few_dominated_no_large_v03.simpl,5,1485.7144,0.286,28
6349,tests/train_files/train_deep_few_dominated_no_medium_v01.simpl,5,566.6666,0.286,2
6350,tests/train_files/train_deep_few_dominated_no_medium_v02.simpl,5,0.0000,0.286,0
6351,tests/train_files/train_deep_few_dominated_no_medium_v03.simpl,5,395.8333,0.286,2
6352,tests/train_files/train_deep_few_light_has_large_v01.simpl,5,1771.4286,0.286,34
6353,tests/train_files/train_deep_few_light_has_large_v02.simpl,5,1442.3076,0.285,32
6354,tests/train_files/train_deep_few_light_has_large_v03.simpl,5,1609.0909,0.285,32
6355,tests/train_files/train_deep_few_light_has_medium_v01.simpl,5,794.1176,0.285,6
6356,tests/train_files/train_deep_few_light_has_medium_v02.simpl,5,1187.4999,0.285,4
6357,tests/train_files/train_deep_few_light_has_medium_v03.simpl,5,687.4999,0.285,4
6358,tests/train_files/train_deep_few_light_no_large_v01.simpl,5,1700.0000,0.285,30
6359,tests/train_files/train_deep_few_light_no_large_v02.simpl,5,1166.6666,0.285,28
6360,tests/train_files/train_deep_few_light_no_large_v03.simpl,5,1568.1819,0.285,30
6361,tests/train_files/train_deep_few_light_no_medium_v01.simpl,5,395.8333,0.285,2
6362,tests/train_files/train_deep_few_light_no_medium_v02.simpl,5,0.0000,0.284,0
6363,tests/train_files/train_deep_few_light_no_medium_v03.simpl,5,571.4285,0.284,2
6364,tests/train_files/train_deep_few_none_has_large_v01.simpl,5,1950.0000,0.284,36
6365,tests/train_files/train_deep_few_none_has_large_v02.simpl,5,1700.0000,0.284,34
6366,tests/train_files/train_deep_few_none_has_large_v03.simpl,5,1541.6666,0.284,34
6367,tests/train_files/train_deep_few_none_has_medium_v01.simpl,5,763.1578,0.284,6
6368,tests/train_files/train_deep_few_none_has_medium_v02.simpl,5,714.2856,0.284,4
6369,tests/train_files/train_deep_few_none_has_medium_v03.simpl,5,1200.0000,0.284,4
6370,tests/train_files/train_deep_few_none_no_large_v01.simpl,5,1541.6666,0.283,32
6371,tests/train_files/train_deep_few_none_no_large_v02.simpl,5,1304.3478,0.283,30
6372,tests/train_files/train_deep_few_none_no_large_v03.simpl,5,1659.0909,0.283,32
6373,tests/train_files/train_deep_few_none_no_medium_v01.simpl,5,1052.6315,0.283,2
6374,tests/train_files/train_deep_few_none_no_medium_v02.simpl,5,0.0000,0.283,0
6375,tests/train_files/train_deep_few_none_no_medium_v03.simpl,5,571.4285,0.283,2
6376,tests/train_files/train_deep_many_dominated_has_large_v01.simpl,5,2266.6665,0.283,25
6377,tests/train_files/train_deep_many_dominated_has_large_v02.simpl,5,1928.5715,0.283,22
6378,tests/train_files/train_deep_many_dominated_has_large_v03.simpl,5,2200.0000,0.283,23
6379,tests/train_files/train_deep_many_dominated_has_medium_v01.simpl,5,2076.4707,0.282,11
6380,tests/train_files/train_deep_many_dominated_has_medium_v02.simpl,5,1850.0000,0.282,8
6381,tests/train_files/train_deep_many_dominated_has_medium_v03.simpl,5,1638.5964,0.282,9
6382,tests/train_files/train_deep_many_dominated_no_large_v01.simpl,5,2289.4736,0.282,24
6383,tests/train_files/train_deep_many_dominated_no_large_v02.simpl,5,2036.3636,0.282,21
6384,tests/train_files/train_deep_many_dominated_no_large_v03.simpl,5,1893.3334,0.282,22
6385,tests/train_files/train_deep_many_dominated_no_medium_v01.simpl,5,1862.5000,0.282,10
6386,tests/train_files/train_deep_many_dominated_no_medium_v02.simpl,5,1749.9999,0.282,7
6387,tests/train_files/train_deep_many_dominated_no_medium_v03.simpl,5,1999.9999,0.282,8
6388,tests/train_files/train_deep_many_light_has_large_v01.simpl,5,2695.4546,0.281,31
6389,tests/train_files/train_deep_many_light_has_large_v02.simpl,5,2166.6667,0.281,28
6390,tests/train_files/train_deep_many_light_has_large_v03.simpl,5,2250.0000,0.281,29
6391,tests/train_files/train_deep_many_light_has_medium_v01.simpl,5,2259.8037,0.281,11
6392,tests/train_files/train_deep_many_light_has_medium_v02.simpl,5,1855.2632,0.281,8
6393,tests/train_files/train_deep_many_light_has_medium_v03.simpl,5,2117.6470,0.281,9
6394,tests/train_files/train_deep_many_light_no_large_v01.simpl,5,2850.0000,0.281,30
6395,tests/train_files/train_deep_many_light_no_large_v02.simpl,5,2075.7576,0.281,27
6396,tests/train_files/train_deep_many_light_no_large_v03.simpl,5,2509.0908,0.281,28
6397,tests/train_files/train_deep_many_light_no_medium_v01.simpl,5,3058.8235,0.280,10
6398,tests/train_files/train_deep_many_light_no_medium_v02.simpl,5,1749.9999,0.280,7
6399,tests/train_files/train_deep_many_light_no_medium_v03.simpl,5,1999.9999,0.280,8
6400,tests/train_files/train_deep_many_none_has_large_v01.simpl,5,2790.4761,0.280,33
6401,tests/train_files/train_deep_many_none_has_large_v02.simpl,5,2340.9092,0.280,30
6402,tests/train_files/train_deep_many_none_has_large_v03.simpl,5,2200.0000,0.280,31
6403,tests/train_files/train_deep_many_none_has_medium_v01.simpl,5,2437.4998,0.280,11
6404,tests/train_files/train_deep_many_none_has_medium_v02.simpl,5,1611.1111,0.280,8
6405,tests/train_files/train_deep_many_none_has_medium_v03.simpl,5,2311.1111,0.280,9
6406,tests/train_files/train_deep_many_none_no_large_v01.simpl,5,2845.4546,0.279,32
6407,tests/train_files/train_deep_many_none_no_large_v02.simpl,5,2400.0000,0.279,29
6408,tests/train_files/train_deep_many_none_no_large_v03.simpl,5,2333.3335,0.279,30
6409,tests/train_files/train_deep_many_none_no_medium_v01.simpl,5,2297.6191,0.279,10
6410,tests/train_files/train_deep_many_none_no_medium_v02.simpl,5,2333.3333,0.279,7
6411,tests/train_files/train_deep_many_none_no_medium_v03.simpl,5,1999.9999,0.279,8
6412,tests/train_files/train_deep_none_dominated_no_large_v01.simpl,5,1842.1053,0.279,35
6413,tests/train_files/train_deep_none_dominated_no_large_v02.simpl,5,1666.6667,0.279,35
6414,tests/train_files/train_deep_none_dominated_no_large_v03.simpl,5,1458.3334,0.279,35
6415,tests/train_files/train_deep_none_dominated_no_medium_v01.simpl,5,100.0000,0.278,1
6416,tests/train_files/train_deep_none_dominated_no_medium_v02.simpl,5,100.0000,0.278,1
6417,tests/train_files/train_deep_none_dominated_no_medium_v03.simpl,5,90.9091,0.278,1
6418,tests/train_files/train_deep_none_none_no_large_v01.simpl,5,1521.7391,0.278,35
6419,tests/train_files/train_deep_none_none_no_large_v02.simpl,5,1666.6667,0.278,35
6420,tests/train_files/train_deep_none_none_no_large_v03.simpl,5,1590.9091,0.278,35
6421,tests/train_files/train_deep_none_none_no_medium_v01.simpl,5,0.0000,0.278,0
6422,tests/train_files/train_deep_none_none_no_medium_v02.simpl,5,0.0000,0.278,0
6423,tests/train_files/train_deep_none_none_no_medium_v03.simpl,5,0.0000,0.278,0
6424,tests/train_files/train_none_few_dominated_has_large_v01.simpl,5,3857.1428,0.277,51
6425,tests/train_files/train_none_few_dominated_has_large_v02.simpl,5,4186.8130,0.277,51
6426,tests/train_files/train_none_few_dominated_has_large_v03.simpl,5,3704.7620,0.277,51
6427,tests/train_files/train_none_few_dominated_has_medium_v01.simpl,5,3749.9998,0.277,11
6428,tests/train_files/train_none_few_dominated_has_medium_v02.simpl,5,7499.9995,0.277,11
6429,tests/train_files/train_none_few_dominated_has_medium_v03.simpl,5,6333.3330,0.277,11
6430,tests/train_files/train_none_few_dominated_no_large_v01.simpl,5,3604.1665,0.277,51
6431,tests/train_files/train_none_few_dominated_no_large_v02.simpl,5,4916.6670,0.277,53
6432,tests/train_files/train_none_few_dominated_no_large_v03.simpl,5,3928.5713,0.277,51
6433,tests/train_files/train_none_few_dominated_no_medium_v01.simpl,5,5749.9995,0.276,11
6434,tests/train_files/train_none_few_dominated_no_medium_v02.simpl,5,8333.3330,0.276,13
6435,tests/train_files/train_none_few_dominated_no_medium_v03.simpl,5,6333.3330,0.276,11
6436,tests/train_files/train_none_few_light_has_large_v01.simpl,5,3838.0952,0.276,53
6437,tests/train_files/train_none_few_light_has_large_v02.simpl,5,4000.0000,0.276,53
6438,tests/train_files/train_none_few_light_has_large_v03.simpl,5,4071.4285,0.276,53
6439,tests/train_files/train_none_few_light_has_medium_v01.simpl,5,6666.6665,0.276,12
6440,tests/train_files/train_none_few_light_has_medium_v02.simpl,5,6666.6665,0.276,12
6441,tests/train_files/train_none_few_light_has_medium_v03.simpl,5,3999.9998,0.275,12
6442,tests/train_files/train_none_few_light_has_tiny_v01.simpl,5,7499.9995,0.275,11
6443,tests/train_files/train_none_few_light_has_tiny_v02.simpl,5,3749.9998,0.275,11
6444,tests/train_files/train_none_few_light_has_tiny_v03.simpl,5,6333.3330,0.275,11
6445,tests/train_files/train_none_few_light_no_large_v01.simpl,5,3633.9282,0.275,53
6446,tests/train_files/train_none_few_light_no_large_v02.simpl,5,4250.0000,0.275,55
6447,tests/train_files/train_none_few_light_no_large_v03.simpl,5,4000.0000,0.275,53
6448,tests/train_files/train_none_few_light_no_medium_v01.simpl,5,5600.0000,0.275,12
6449,tests/train_files/train_none_few_light_no_medium_v02.simpl,5,8666.6660,0.275,14
6450,tests/train_files/train_none_few_light_no_medium_v03.simpl,5,6666.6665,0.274,12
6451,tests/train_files/train_none_few_light_no_tiny_v01.simpl,5,3749.9998,0.274,11
6452,tests/train_files/train_none_few_light_no_tiny_v02.simpl,5,4749.9995,0.274,13
6453,tests/train_files/train_none_few_light_no_tiny_v03.simpl,5,5400.0000,0.274,11
6454,tests/train_files/train_none_few_none_has_large_v01.simpl,5,4142.8569,0.274,55
6455,tests/train_files/train_none_few_none_has_large_v02.simpl,5,3971.4285,0.274,55
6456,tests/train_files/train_none_few_none_has_large_v03.simpl,5,4142.8569,0.274,55
6457,tests/train_files/train_none_few_none_has_medium_v01.simpl,5,4500.0000,0.274,14
6458,tests/train_files/train_none_few_none_has_medium_v02.simpl,5,7333.3330,0.274,14
6459,tests/train_files/train_none_few_none_has_medium_v03.simpl,5,6500.0000,0.273,14
6460,tests/train_files/train_none_few_none_has_tiny_v01.simpl,5,4333.3330,0.273,11
6461,tests/train_files/train_none_few_none_has_tiny_v02.simpl,5,5400.0000,0.273,11
6462,tests/train_files/train_none_few_none_has_tiny_v03.simpl,5,4333.3330,0.273,11
6463,tests/train_files/train_none_few_none_no_large_v01.simpl,5,3687.4998,0.273,55
6464,tests/train_files/train_none_few_none_no_large_v02.simpl,5,4066.6667,0.273,57
6465,tests/train_files/train_none_few_none_no_large_v03.simpl,5,4142.8569,0.273,55
6466,tests/train_files/train_none_few_none_no_medium_v01.simpl,5,4500.0000,0.273,14
6467,tests/train_files/train_none_few_none_no_medium_v02.simpl,5,4500.0000,0.273,16
6468,tests/train_files/train_none_few_none_no_medium_v03.simpl,5,6500.0000,0.272,14
6469,tests/train_files/train_none_few_none_no_tiny_v01.simpl,5,4333.3330,0.272,11
6470,tests/train_files/train_none_few_none_no_tiny_v02.simpl,5,8333.3330,0.272,13
6471,tests/train_files/train_none_few_none_no_tiny_v03.simpl,5,7499.9995,0.272,11
6472,tests/train_files/train_none_many_dominated_has_large_v01.simpl,5,3700.0000,0.272,48
6473,tests/train_files/train_none_many_dominated_has_large_v02.simpl,5,4726.1904,0.272,51
6474,tests/train_files/train_none_many_dominated_has_large_v03.simpl,5,4583.3330,0.272,49
6475,tests/train_files/train_none_many_dominated_has_medium_v01.simpl,5,5500.0000,0.272,20
6476,tests/train_files/train_none_many_dominated_has_medium_v02.simpl,5,4541.6665,0.272,23
6477,tests/train_files/train_none_many_dominated_has_medium_v03.simpl,5,5500.0000,0.271,21
6478,tests/train_files/train_none_many_dominated_no_large_v01.simpl,5,4154.7617,0.271,47
6479,tests/train_files/train_none_many_dominated_no_large_v02.simpl,5,5075.7573,0.271,50
6480,tests/train_files/train_none_many_dominated_no_large_v03.simpl,5,4583.3330,0.271,48
6481,tests/train_files/train_none_many_dominated_no_medium_v01.simpl,5,4500.0000,0.271,19
6482,tests/train_files/train_none_many_dominated_no_medium_v02.simpl,5,6500.0000,0.271,22
6483,tests/train_files/train_none_many_dominated_no_medium_v03.simpl,5,5500.0000,0.271,20
6484,tests/train_files/train_none_many_light_has_large_v01.simpl,5,3687.4998,0.271,54
6485,tests/train_files/train_none_many_light_has_large_v02.simpl,5,5226.1904,0.271,57
6486,tests/train_files/train_none_many_light_has_large_v03.simpl,5,4062.4998,0.270,55
6487,tests/train_files/train_none_many_light_has_medium_v01.simpl,5,5500.0000,0.270,20
6488,tests/train_files/train_none_many_light_has_medium_v02.simpl,5,4333.3335,0.270,23
6489,tests/train_files/train_none_many_light_has_medium_v03.simpl,5,6000.0000,0.270,21
6490,tests/train_files/train_none_many_light_no_large_v01.simpl,5,3944.4443,0.270,53
6491,tests/train_files/train_none_many_light_no_large_v02.simpl,5,4769.2305,0.270,56
6492,tests/train_files/train_none_many_light_no_large_v03.simpl,5,4602.5640,0.270,54
6493,tests/train_files/train_none_many_light_no_medium_v01.simpl,5,5749.9995,0.270,19
6494,tests/train_files/train_none_many_light_no_medium_v02.simpl,5,7249.9995,0.270,22
6495,tests/train_files/train_none_many_light_no_medium_v03.simpl,5,4666.6665,0.269,20
6496,tests/train_files/train_none_many_none_has_large_v01.simpl,5,4025.0000,0.269,56
6497,tests/train_files/train_none_many_none_has_large_v02.simpl,5,4542.8569,0.269,59
6498,tests/train_files/train_none_many_none_has_large_v03.simpl,5,4780.2197,0.269,57
6499,tests/train_files/train_none_many_none_has_medium_v01.simpl,5,6250.0000,0.269,20
6500,tests/train_files/train_none_many_none_has_medium_v02.simpl,5,5666.6670,0.269,23
6501,tests/train_files/train_none_many_none_has_medium_v03.simpl,5,5000.0000,0.269,21
6502,tests/train_files/train_none_many_none_no_large_v01.simpl,5,4494.5054,0.269,55
6503,tests/train_files/train_none_many_none_no_large_v02.simpl,5,4062.4998,0.269,58
6504,tests/train_files/train_none_many_none_no_large_v03.simpl,5,4476.1904,0.268,56
6505,tests/train_files/train_none_many_none_no_medium_v01.simpl,5,7000.0000,0.268,19
6506,tests/train_files/train_none_many_none_no_medium_v02.simpl,5,7249.9995,0.268,22
6507,tests/train_files/train_none_many_none_no_medium_v03.simpl,5,8750.0000,0.268,20
6508,tests/train_files/train_none_none_dominated_no_large_v01.simpl,5,3500.0000,0.268,49
6509,tests/train_files/train_none_none_dominated_no_large_v02.simpl,5,3500.0000,0.268,49
6510,tests/train_files/train_none_none_dominated_no_large_v03.simpl,5,2722.2224,0.268,49
6511,tests/train_files/train_none_none_dominated_no_medium_v01.simpl,5,2666.6667,0.268,8
6512,tests/train_files/train_none_none_dominated_no_medium_v02.simpl,5,1999.9999,0.268,8
6513,tests/train_files/train_none_none_dominated_no_medium_v03.simpl,5,2666.6667,0.267,8
6514,tests/train_files/train_none_none_dominated_no_tiny_v01.simpl,5,333.3333,0.267,1
6515,tests/train_files/train_none_none_dominated_no_tiny_v02.simpl,5,333.3333,0.267,1
6516,tests/train_files/train_none_none_dominated_no_tiny_v03.simpl,5,500.0000,0.267,1
6517,tests/train_files/train_none_none_none_no_large_v01.simpl,5,3391.6667,0.267,50
6518,tests/train_files/train_none_none_none_no_large_v02.simpl,5,3625.0000,0.267,50
6519,tests/train_files/train_none_none_none_no_large_v03.simpl,5,3409.5239,0.267,50
6520,tests/train_files/train_none_none_none_no_medium_v01.simpl,5,3666.6667,0.267,9
6521,tests/train_files/train_none_none_none_no_medium_v02.simpl,5,3666.6667,0.267,9
6522,tests/train_files/train_none_none_none_no_medium_v03.simpl,5,3666.6667,0.266,9
6523,tests/train_files/train_none_none_none_no_tiny_v01.simpl,5,999.9999,0.266,1
6524,tests/train_files/train_none_none_none_no_tiny_v02.simpl,5,999.9999,0.266,1
6525,tests/train_files/train_none_none_none_no_tiny_v03.simpl,5,999.9999,0.266,1
6526,tests/train_files/train_shallow_few_dominated_has_large_v01.simpl,5,2142.8572,0.266,39
6527,tests/train_files/train_shallow_few_dominated_has_large_v02.simpl,5,2200.0000,0.266,37
6528,tests/train_files/train_shallow_few_dominated_has_large_v03.simpl,5,2000.0000,0.266,37
6529,tests/train_files/train_shallow_few_dominated_has_medium_v01.simpl,5,954.5454,0.266,6
6530,tests/train_files/train_shallow_few_dominated_has_medium_v02.simpl,5,1300.0000,0.265,4
6531,tests/train_files/train_shallow_few_dominated_has_medium_v03.simpl,5,800.0000,0.265,4
6532,tests/train_files/train_shallow_few_dominated_no_large_v01.simpl,5,1950.0000,0.265,35
6533,tests/train_files/train_shallow_few_dominated_no_large_v02.simpl,5,1833.3334,0.265,33
6534,tests/train_files/train_shallow_few_dominated_no_large_v03.simpl,5,1728.2609,0.265,35
6535,tests/train_files/train_shallow_few_dominated_no_medium_v01.simpl,5,1100.0000,0.265,2
6536,tests/train_files/train_shallow_few_dominated_no_medium_v02.simpl,5,0.0000,0.265,0
6537,tests/train_files/train_shallow_few_dominated_no_medium_v03.simpl,5,600.0000,0.265,2
6538,tests/train_files/train_shallow_few_light_has_large_v01.simpl,5,2388.8892,0.265,41
6539,tests/train_files/train_shallow_few_light_has_large_v02.simpl,5,2009.5238,0.264,39
6540,tests/train_files/train_shallow_few_light_has_large_v03.simpl,5,1893.9393,0.264,39
6541,tests/train_files/train_shallow_few_light_has_medium_v01.simpl,5,1055.5555,0.264,6
6542,tests/train_files/train_shallow_few_light_has_medium_v02.simpl,5,800.0000,0.264,4
6543,tests/train_files/train_shallow_few_light_has_medium_v03.simpl,5,1300.0000,0.264,4
6544,tests/train_files/train_shallow_few_light_no_large_v01.simpl,5,2250.0000,0.264,37
6545,tests/train_files/train_shallow_few_light_no_large_v02.simpl,5,1666.6667,0.264,35
6546,tests/train_files/train_shallow_few_light_no_large_v03.simpl,5,2094.7368,0.264,37
6547,tests/train_files/train_shallow_few_light_no_medium_v01.simpl,5,1100.0000,0.264,2
6548,tests/train_files/train_shallow_few_light_no_medium_v02.simpl,5,0.0000,0.263,0
6549,tests/train_files/train_shallow_few_light_no_medium_v03.simpl,5,1111.1111,0.263,2
6550,tests/train_files/train_shallow_few_none_has_large_v01.simpl,5,2166.6667,0.263,43
6551,tests/train_files/train_shallow_few_none_has_large_v02.simpl,5,2422.2224,0.263,41
6552,tests/train_files/train_shallow_few_none_has_large_v03.simpl,5,2166.6667,0.263,41
6553,tests/train_files/train_shallow_few_none_has_medium_v01.simpl,5,1555.5555,0.263,6
6554,tests/train_files/train_shallow_few_none_has_medium_v02.simpl,5,1300.0000,0.263,4
6555,tests/train_files/train_shallow_few_none_has_medium_v03.simpl,5,1300.0000,0.263,4
6556,tests/train_files/train_shallow_few_none_no_large_v01.simpl,5,2059.5237,0.263,39
6557,tests/train_files/train_shallow_few_none_no_large_v02.simpl,5,1947.3685,0.262,37
6558,tests/train_files/train_shallow_few_none_no_large_v03.simpl,5,2150.0000,0.262,39
6559,tests/train_files/train_shallow_few_none_no_medium_v01.simpl,5,611.1111,0.262,2
6560,tests/train_files/train_shallow_few_none_no_medium_v02.simpl,5,0.0000,0.262,0
6561,tests/train_files/train_shallow_few_none_no_medium_v03.simpl,5,433.3333,0.262,2
6562,tests/train_files/train_shallow_many_dominated_has_large_v01.simpl,5,3061.7646,0.262,32
6563,tests/train_files/train_shallow_many_dominated_has_large_v02.simpl,5,2436.2744,0.262,29
6564,tests/train_files/train_shallow_many_dominated_has_large_v03.simpl,5,2527.7778,0.262,30
6565,tests/train_files/train_shallow_many_dominated_has_medium_v01.simpl,5,2500.0000,0.262,11
6566,tests/train_files/train_shallow_many_dominated_has_medium_v02.simpl,5,1892.8572,0.261,8
6567,tests/train_files/train_shallow_many_dominated_has_medium_v03.simpl,5,2642.8572,0.261,9
6568,tests/train_files/train_shallow_many_dominated_no_large_v01.simpl,5,3175.0000,0.261,31
6569,tests/train_files/train_shallow_many_dominated_no_large_v02.simpl,5,2635.2939,0.261,28
6570,tests/train_files/train_shallow_many_dominated_no_large_v03.simpl,5,2650.0000,0.261,29
6571,tests/train_files/train_shallow_many_dominated_no_medium_v01.simpl,5,1876.9231,0.261,10
6572,tests/train_files/train_shallow_many_dominated_no_medium_v02.simpl,5,1749.9999,0.261,7
6573,tests/train_files/train_shallow_many_dominated_no_medium_v03.simpl,5,1999.9999,0.261,8
6574,tests/train_files/train_shallow_many_light_has_large_v01.simpl,5,3364.7058,0.261,38
6575,tests/train_files/train_shallow_many_light_has_large_v02.simpl,5,2861.1113,0.260,35
6576,tests/train_files/train_shallow_many_light_has_large_v03.simpl,5,3011.1113,0.260,36
6577,tests/train_files/train_shallow_many_light_has_medium_v01.simpl,5,4272.7271,0.260,11
6578,tests/train_files/train_shallow_many_light_has_medium_v02.simpl,5,2320.5127,0.260,8
6579,tests/train_files/train_shallow_many_light_has_medium_v03.simpl,5,2666.6665,0.260,9
6580,tests/train_files/train_shallow_many_light_no_large_v01.simpl,5,3273.6841,0.260,37
6581,tests/train_files/train_shallow_many_light_no_large_v02.simpl,5,2900.0000,0.260,34
6582,tests/train_files/train_shallow_many_light_no_large_v03.simpl,5,2950.0000,0.260,35
6583,tests/train_files/train_shallow_many_light_no_medium_v01.simpl,5,3076.9231,0.260,10
6584,tests/train_files/train_shallow_many_light_no_medium_v02.simpl,5,1749.9999,0.259,7
6585,tests/train_files/train_shallow_many_light_no_medium_v03.simpl,5,1999.9999,0.259,8
6586,tests/train_files/train_shallow_many_none_has_large_v01.simpl,5,3249.0195,0.259,40
6587,tests/train_files/train_shallow_many_none_has_large_v02.simpl,5,2972.2222,0.259,37
6588,tests/train_files/train_shallow_many_none_has_large_v03.simpl,5,2876.1904,0.259,38
6589,tests/train_files/train_shallow_many_none_has_medium_v01.simpl,5,3583.3333,0.259,11
6590,tests/train_files/train_shallow_many_none_has_medium_v02.simpl,5,2153.8462,0.259,8
6591,tests/train_files/train_shallow_many_none_has_medium_v03.simpl,5,2666.6665,0.259,9
6592,tests/train_files/train_shallow_many_none_no_large_v01.simpl,5,3300.0000,0.259,39
6593,tests/train_files/train_shallow_many_none_no_large_v02.simpl,5,2780.9524,0.258,36
6594,tests/train_files/train_shallow_many_none_no_large_v03.simpl,5,2980.9524,0.258,37
6595,tests/train_files/train_shallow_many_none_no_medium_v01.simpl,5,3083.3333,0.258,10
6596,tests/train_files/train_shallow_many_none_no_medium_v02.simpl,5,2333.3333,0.258,7
6597,tests/train_files/train_shallow_many_none_no_medium_v03.simpl,5,2666.6667,0.258,8
6598,tests/train_files/train_shallow_none_dominated_no_large_v01.simpl,5,2100.0000,0.258,42
6599,tests/train_files/train_shallow_none_dominated_no_large_v02.simpl,5,2210.5264,0.258,42
6600,tests/train_files/train_shallow_none_dominated_no_large_v03.simpl,5,2333.3335,0.258,42
6601,tests/train_files/train_shallow_none_dominated_no_medium_v01.simpl,5,142.8571,0.258,1
6602,tests/train_files/train_shallow_none_dominated_no_medium_v02.simpl,5,125.0000,0.257,1
6603,tests/train_files/train_shallow_none_dominated_no_medium_v03.simpl,5,142.8571,0.257,1
6604,tests/train_files/train_shallow_none_none_no_large_v01.simpl,5,2333.3335,0.257,42
6605,tests/train_files/train_shallow_none_none_no_large_v02.simpl,5,2470.5881,0.257,42
6606,tests/train_files/train_shallow_none_none_no_large_v03.simpl,5,1750.0000,0.257,42
6607,tests/train_files/train_shallow_none_none_no_medium_v01.simpl,5,125.0000,0.257,1
6608,tests/train_files/train_shallow_none_none_no_medium_v02.simpl,5,125.0000,0.257,1
6609,tests/train_files/train_shallow_none_none_no_medium_v03.simpl,5,125.0000,0.257,1
6610,tests/train_files/train_shallow_none_none_no_tiny_v01.simpl,5,0.0000,0.256,0
6611,tests/train_files/train_shallow_none_none_no_tiny_v02.simpl,5,0.0000,0.256,0
6612,tests/train_files/train_shallow_none_none_no_tiny_v03.simpl,5,0.0000,0.256,0
6613,tests/train_files/train_deep_few_dominated_has_large_v01.simpl,5,1676.1906,0.256,32
6614,tests/train_files/train_deep_few_dominated_has_large_v02.simpl,5,1360.0000,0.256,30
6615,tests/train_files/train_deep_few_dominated_has_large_v03.simpl,5,1326.6666,0.256,30
6616,tests/train_files/train_deep_few_dominated_has_medium_v01.simpl,5,812.5000,0.256,6
6617,tests/train_files/train_deep_few_dominated_has_medium_v02.simpl,5,714.2856,0.256,4
6618,tests/train_files/train_deep_few_dominated_has_medium_v03.simpl,5,666.6666,0.256,4
6619,tests/train_files/train_deep_few_dominated_no_large_v01.simpl,5,1423.9131,0.255,28
6620,tests/train_files/train_deep_few_dominated_no_large_v02.simpl,5,1238.0952,0.255,26
6621,tests/train_files/train_deep_few_dominated_no_large_v03.simpl,5,1330.0000,0.255,28
6622,tests/train_files/train_deep_few_dominated_no_medium_v01.simpl,5,571.4285,0.255,2
6623,tests/train_files/train_deep_few_dominated_no_medium_v02.simpl,5,0.0000,0.255,0
6624,tests/train_files/train_deep_few_dominated_no_medium_v03.simpl,5,404.7619,0.255,2
6625,tests/train_files/train_deep_few_light_has_large_v01.simpl,5,1771.4286,0.255,34
6626,tests/train_files/train_deep_few_light_has_large_v02.simpl,5,1597.8260,0.255,32
6627,tests/train_files/train_deep_few_light_has_large_v03.simpl,5,1491.6666,0.255,32
6628,tests/train_files/train_deep_few_light_has_medium_v01.simpl,5,1333.3333,0.254,6
6629,tests/train_files/train_deep_few_light_has_medium_v02.simpl,5,714.2856,0.254,4
6630,tests/train_files/train_deep_few_light_has_medium_v03.simpl,5,700.0000,0.254,4
6631,tests/train_files/train_deep_few_light_no_large_v01.simpl,5,1580.9524,0.254,30
6632,tests/train_files/train_deep_few_light_no_large_v02.simpl,5,1272.7273,0.254,28
6633,tests/train_files/train_deep_few_light_no_large_v03.simpl,5,1630.9524,0.254,30
6634,tests/train_files/train_deep_few_light_no_medium_v01.simpl,5,562.4999,0.254,2
6635,tests/train_files/train_deep_few_light_no_medium_v02.simpl,5,0.0000,0.254,0
6636,tests/train_files/train_deep_few_light_no_medium_v03.simpl,5,571.4285,0.254,2
6637,tests/train_files/train_deep_few_none_has_large_v01.simpl,5,1833.3334,0.253,36
6638,tests/train_files/train_deep_few_none_has_large_v02.simpl,5,1634.7826,0.253,34
6639,tests/train_files/train_deep_few_none_has_large_v03.simpl,5,1541.6666,0.253,34
6640,tests/train_files/train_deep_few_none_has_medium_v01.simpl,5,1333.3333,0.253,6
6641,tests/train_files/train_deep_few_none_has_medium_v02.simpl,5,1200.0000,0.253,4
6642,tests/train_files/train_deep_few_none_has_medium_v03.simpl,5,700.0000,0.253,4
6643,tests/train_files/train_deep_few_none_no_large_v01.simpl,5,1726.1906,0.253,32
6644,tests/train_files/train_deep_few_none_no_large_v02.simpl,5,1428.5714,0.253,30
6645,tests/train_files/train_deep_few_none_no_large_v03.simpl,5,1659.0909,0.253,32
6646,tests/train_files/train_deep_few_none_no_medium_v01.simpl,5,566.6666,0.252,2
6647,tests/train_files/train_deep_few_none_no_medium_v02.simpl,5,0.0000,0.252,0
6648,tests/train_files/train_deep_few_none_no_medium_v03.simpl,5,571.4285,0.252,2
6649,tests/train_files/train_deep_many_dominated_has_large_v01.simpl,5,2459.5239,0.252,25
6650,tests/train_files/train_deep_many_dominated_has_large_v02.simpl,5,2095.2380,0.252,22
6651,tests/train_files/train_deep_many_dominated_has_large_v03.simpl,5,2211.9048,0.252,23
6652,tests/train_files/train_deep_many_dominated_has_medium_v01.simpl,5,2233.3333,0.252,14
6653,tests/train_files/train_deep_many_dominated_has_medium_v02.simpl,5,1710.5264,0.252,10
6654,tests/train_files/train_deep_many_dominated_has_medium_v03.simpl,5,1910.5264,0.252,11
6655,tests/train_files/train_deep_many_dominated_no_large_v01.simpl,5,2289.4736,0.251,24
6656,tests/train_files/train_deep_many_dominated_no_large_v02.simpl,5,1775.3623,0.251,21
6657,tests/train_files/train_deep_many_dominated_no_large_v03.simpl,5,1942.0291,0.251,22
6658,tests/train_files/train_deep_many_dominated_no_medium_v01.simpl,5,1858.8235,0.251,10
6659,tests/train_files/train_deep_many_dominated_no_medium_v02.simpl,5,1749.9999,0.251,7
6660,tests/train_files/train_deep_many_dominated_no_medium_v03.simpl,5,1600.0000,0.251,8
6661,tests/train_files/train_deep_many_light_has_large_v01.simpl,5,2345.2380,0.251,31
6662,tests/train_files/train_deep_many_light_has_large_v02.simpl,5,2213.3333,0.251,28
6663,tests/train_files/train_deep_many_light_has_large_v03.simpl,5,2096.1538,0.251,29
6664,tests/train_files/train_deep_many_light_has_medium_v01.simpl,5,2458.3333,0.250,14
6665,tests/train_files/train_deep_many_light_has_medium_v02.simpl,5,1972.2222,0.250,10
6666,tests/train_files/train_deep_many_light_has_medium_v03.simpl,5,2210.5261,0.250,11
6667,tests/train_files/train_deep_many_light_no_large_v01.simpl,5,2675.0000,0.250,30
6668,tests/train_files/train_deep_many_light_no_large_v02.simpl,5,2352.3809,0.250,27
6669,tests/train_files/train_deep_many_light_no_large_v03.simpl,5,2509.0908,0.250,28
6670,tests/train_files/train_deep_many_light_no_medium_v01.simpl,5,2308.8235,0.250,10
6671,tests/train_files/train_deep_many_light_no_medium_v02.simpl,5,1749.9999,0.250,7
6672,tests/train_files/train_deep_many_light_no_medium_v03.simpl,5,1999.9999,0.250,8
6673,tests/train_files/train_deep_many_none_has_large_v01.simpl,5,2557.1428,0.249,33
6674,tests/train_files/train_deep_many_none_has_large_v02.simpl,5,2250.0000,0.249,30
6675,tests/train_files/train_deep_many_none_has_large_v03.simpl,5,2200.0000,0.249,31
6676,tests/train_files/train_deep_many_none_has_medium_v01.simpl,5,2624.9998,0.249,14
6677,tests/train_files/train_deep_many_none_has_medium_v02.simpl,5,1735.2941,0.249,10
6678,tests/train_files/train_deep_many_none_has_medium_v03.simpl,5,2210.5261,0.249,11
6679,tests/train_files/train_deep_many_none_no_large_v01.simpl,5,2650.0000,0.249,32
6680,tests/train_files/train_deep_many_none_no_large_v02.simpl,5,2046.6666,0.249,29
6681,tests/train_files/train_deep_many_none_no_large_v03.simpl,5,2480.0000,0.249,30
6682,tests/train_files/train_deep_many_none_no_medium_v01.simpl,5,2312.5000,0.248,10
6683,tests/train_files/train_deep_many_none_no_medium_v02.simpl,5,1749.9999,0.248,7
6684,tests/train_files/train_deep_many_none_no_medium_v03.simpl,5,1999.9999,0.248,8
6685,tests/train_files/train_deep_none_dominated_no_large_v01.simpl,5,1842.1053,0.248,35
6686,tests/train_files/train_deep_none_dominated_no_large_v02.simpl,5,1842.1053,0.248,35
6687,tests/train_files/train_deep_none_dominated_no_large_v03.simpl,5,1750.0000,0.248,35
6688,tests/train_files/train_deep_none_dominated_no_medium_v01.simpl,5,90.9091,0.248,1
6689,tests/train_files/train_deep_none_dominated_no_medium_v02.simpl,5,90.9091,0.248,1
6690,tests/train_files/train_deep_none_dominated_no_medium_v03.simpl,5,83.3333,0.247,1
6691,tests/train_files/train_deep_none_none_no_large_v01.simpl,5,1400.0000,0.247,35
6692,tests/train_files/train_deep_none_none_no_large_v02.simpl,5,1750.0000,0.247,35
6693,tests/train_files/train_deep_none_none_no_large_v03.simpl,5,1458.3334,0.247,35
6694,tests/train_files/train_deep_none_none_no_medium_v01.simpl,5,0.0000,0.247,0
6695,tests/train_files/train_deep_none_none_no_medium_v02.simpl,5,0.0000,0.247,0
6696,tests/train_files/train_deep_none_none_no_medium_v03.simpl,5,0.0000,0.247,0
6697,tests/train_files/train_none_few_dominated_has_large_v01.simpl,5,3928.5713,0.247,51
6698,tests/train_files/train_none_few_dominated_has_large_v02.simpl,5,4186.8130,0.247,51
6699,tests/train_files/train_none_few_dominated_has_large_v03.simpl,5,4186.8130,0.246,51
6700,tests/train_files/train_none_few_dominated_has_medium_v01.simpl,5,4333.3330,0.246,11
6701,tests/train_files/train_none_few_dominated_has_medium_v02.simpl,5,4333.3330,0.246,11
6702,tests/train_files/train_none_few_dominated_has_medium_v03.simpl,5,3749.9998,0.246,11
6703,tests/train_files/train_none_few_dominated_no_large_v01.simpl,5,3704.7620,0.246,51
6704,tests/train_files/train_none_few_dominated_no_large_v02.simpl,5,4472.5273,0.246,53
6705,tests/train_files/train_none_few_dominated_no_large_v03.simpl,5,4488.0952,0.246,51
6706,tests/train_files/train_none_few_dominated_no_medium_v01.simpl,5,6333.3330,0.246,11
6707,tests/train_files/train_none_few_dominated_no_medium_v02.simpl,5,8333.3330,0.246,13
6708,tests/train_files/train_none_few_dominated_no_medium_v03.simpl,5,6333.3330,0.245,11
6709,tests/train_files/train_none_few_light_has_large_v01.simpl,5,4071.4285,0.245,53
6710,tests/train_files/train_none_few_light_has_large_v02.simpl,5,3453.7812,0.245,53
6711,tests/train_files/train_none_few_light_has_large_v03.simpl,5,4269.2305,0.245,53
6712,tests/train_files/train_none_few_light_has_medium_v01.simpl,5,6666.6665,0.245,12
6713,tests/train_files/train_none_few_light_has_medium_v02.simpl,5,5999.9995,0.245,12
6714,tests/train_files/train_none_few_light_has_medium_v03.simpl,5,4666.6665,0.245,12
6715,tests/train_files/train_none_few_light_has_tiny_v01.simpl,5,3749.9998,0.245,11
6716,tests/train_files/train_none_few_light_has_tiny_v02.simpl,5,6333.3330,0.245,11
6717,tests/train_files/train_none_few_light_has_tiny_v03.simpl,5,6333.3330,0.244,11
6718,tests/train_files/train_none_few_light_no_large_v01.simpl,5,3382.3528,0.244,53
6719,tests/train_files/train_none_few_light_no_large_v02.simpl,5,4250.0000,0.244,55
6720,tests/train_files/train_none_few_light_no_large_v03.simpl,5,4269.2305,0.244,53
6721,tests/train_files/train_none_few_light_no_medium_v01.simpl,5,5999.9995,0.244,12
6722,tests/train_files/train_none_few_light_no_medium_v02.simpl,5,7999.9995,0.244,14
6723,tests/train_files/train_none_few_light_no_medium_v03.simpl,5,5999.9995,0.244,12
6724,tests/train_files/train_none_few_light_no_tiny_v01.simpl,5,3400.0000,0.244,11
6725,tests/train_files/train_none_few_light_no_tiny_v02.simpl,5,5333.3330,0.244,13
6726,tests/train_files/train_none_few_light_no_tiny_v03.simpl,5,3749.9998,0.243,11
6727,tests/train_files/train_none_few_none_has_large_v01.simpl,5,3971.4285,0.243,55
6728,tests/train_files/train_none_few_none_has_large_v02.simpl,5,4142.8569,0.243,55
6729,tests/train_files/train_none_few_none_has_large_v03.simpl,5,4142.8569,0.243,55
6730,tests/train_files/train_none_few_none_has_medium_v01.simpl,5,4000.0000,0.243,14
6731,tests/train_files/train_none_few_none_has_medium_v02.simpl,5,4666.6665,0.243,14
6732,tests/train_files/train_none_few_none_has_medium_v03.simpl,5,4500.0000,0.243,14
6733,tests/train_files/train_none_few_none_has_tiny_v01.simpl,5,4333.3330,0.243,11
6734,tests/train_files/train_none_few_none_has_tiny_v02.simpl,5,6333.3330,0.243,11
6735,tests/train_files/train_none_few_none_has_tiny_v03.simpl,5,5749.9995,0.242,11
6736,tests/train_files/train_none_few_none_no_large_v01.simpl,5,3333.3335,0.242,55
6737,tests/train_files/train_none_few_none_no_large_v02.simpl,5,4392.8569,0.242,57
6738,tests/train_files/train_none_few_none_no_large_v03.simpl,5,4214.2856,0.242,55
6739,tests/train_files/train_none_few_none_no_medium_v01.simpl,5,6500.0000,0.242,14
6740,tests/train_files/train_none_few_none_no_medium_v02.simpl,5,5500.0000,0.242,16
6741,tests/train_files/train_none_few_none_no_medium_v03.simpl,5,3833.3335,0.242,14
6742,tests/train_files/train_none_few_none_no_tiny_v01.simpl,5,4333.3330,0.242,11
6743,tests/train_files/train_none_few_none_no_tiny_v02.simpl,5,8333.3330,0.242,13
6744,tests/train_files/train_none_few_none_no_tiny_v03.simpl,5,4999.9995,0.241,11
6745,tests/train_files/train_none_many_dominated_has_large_v01.simpl,5,4021.9778,0.241,48
6746,tests/train_files/train_none_many_dominated_has_large_v02.simpl,5,5242.4243,0.241,51
6747,tests/train_files/train_none_many_dominated_has_large_v03.simpl,5,4783.3330,0.241,49
6748,tests/train_files/train_none_many_dominated_has_medium_v01.simpl,5,8000.0000,0.241,20
6749,tests/train_files/train_none_many_dominated_has_medium_v02.simpl,5,5874.9995,0.241,23
6750,tests/train_files/train_none_many_dominated_has_medium_v03.simpl,5,6000.0000,0.241,21
6751,tests/train_files/train_none_many_dominated_no_large_v01.simpl,5,3738.0952,0.241,47
6752,tests/train_files/train_none_many_dominated_no_large_v02.simpl,5,4474.3589,0.241,50
6753,tests/train_files/train_none_many_dominated_no_large_v03.simpl,5,4833.3330,0.240,48
6754,tests/train_files/train_none_many_dominated_no_medium_v01.simpl,5,4142.8569,0.240,19
6755,tests/train_files/train_none_many_dominated_no_medium_v02.simpl,5,6500.0000,0.240,22
6756,tests/train_files/train_none_many_dominated_no_medium_v03.simpl,5,5500.0000,0.240,20
6757,tests/train_files/train_none_many_light_has_large_v01.simpl,5,3687.4998,0.240,54
6758,tests/train_files/train_none_many_light_has_large_v02.simpl,5,4409.5239,0.240,57
6759,tests/train_files/train_none_many_light_has_large_v03.simpl,5,5083.3330,0.240,55
6760,tests/train_files/train_none_many_light_has_medium_v01.simpl,5,5500.0000,0.240,20
6761,tests/train_files/train_none_many_light_has_medium_v02.simpl,5,5666.6670,0.240,23
6762,tests/train_files/train_none_many_light_has_medium_v03.simpl,5,4500.0000,0.239,21
6763,tests/train_files/train_none_many_light_no_large_v01.simpl,5,3453.7812,0.239,53
6764,tests/train_files/train_none_many_light_no_large_v02.simpl,5,5083.3330,0.239,56
6765,tests/train_files/train_none_many_light_no_large_v03.simpl,5,3776.7854,0.239,54
6766,tests/train_files/train_none_many_light_no_medium_v01.simpl,5,5749.9995,0.239,19
6767,tests/train_files/train_none_many_light_no_medium_v02.simpl,5,5333.3330,0.239,22
6768,tests/train_files/train_none_many_light_no_medium_v03.simpl,5,4642.8574,0.239,20
6769,tests/train_files/train_none_many_none_has_large_v01.simpl,5,4025.0000,0.239,56
6770,tests/train_files/train_none_many_none_has_large_v02.simpl,5,4542.8569,0.238,59
6771,tests/train_files/train_none_many_none_has_large_v03.simpl,5,4923.0771,0.238,57
6772,tests/train_files/train_none_many_none_has_medium_v01.simpl,5,4642.8574,0.238,20
6773,tests/train_files/train_none_many_none_has_medium_v02.simpl,5,7666.6670,0.238,23
6774,tests/train_files/train_none_many_none_has_medium_v03.simpl,5,6749.9995,0.238,21
6775,tests/train_files/train_none_many_none_no_large_v01.simpl,5,3687.4998,0.238,55
6776,tests/train_files/train_none_many_none_no_large_v02.simpl,5,3874.9998,0.238,58
6777,tests/train_files/train_none_many_none_no_large_v03.simpl,5,4637.3628,0.238,56
6778,tests/train_files/train_none_many_none_no_medium_v01.simpl,5,7000.0000,0.238,19
6779,tests/train_files/train_none_many_none_no_medium_v02.simpl,5,5642.8569,0.237,22
6780,tests/train_files/train_none_many_none_no_medium_v03.simpl,5,5416.6665,0.237,20
6781,tests/train_files/train_none_none_dominated_no_large_v01.simpl,5,3062.4998,0.237,49
6782,tests/train_files/train_none_none_dominated_no_large_v02.simpl,5,3062.4998,0.237,49
6783,tests/train_files/train_none_none_dominated_no_large_v03.simpl,5,3266.6667,0.237,49
6784,tests/train_files/train_none_none_dominated_no_medium_v01.simpl,5,1999.9999,0.237,8
6785,tests/train_files/train_none_none_dominated_no_medium_v02.simpl,5,2666.6667,0.237,8
6786,tests/train_files/train_none_none_dominated_no_medium_v03.simpl,5,2666.6667,0.237,8
6787,tests/train_files/train_none_none_dominated_no_tiny_v01.simpl,5,500.0000,0.237,1
6788,tests/train_files/train_none_none_dominated_no_tiny_v02.simpl,5,500.0000,0.236,1
6789,tests/train_files/train_none_none_dominated_no_tiny_v03.simpl,5,500.0000,0.236,1
6790,tests/train_files/train_none_none_none_no_large_v01.simpl,5,3187.4998,0.236,50
6791,tests/train_files/train_none_none_none_no_large_v02.simpl,5,3642.8572,0.236,50
6792,tests/train_files/train_none_none_none_no_large_v03.simpl,5,3187.4998,0.236,50
6793,tests/train_files/train_none_none_none_no_medium_v01.simpl,5,2999.9998,0.236,9
6794,tests/train_files/train_none_none_none_no_medium_v02.simpl,5,2999.9998,0.236,9
6795,tests/train_files/train_none_none_none_no_medium_v03.simpl,5,3166.6667,0.236,9
6796,tests/train_files/train_none_none_none_no_tiny_v01.simpl,5,1333.3333,0.236,2
6797,tests/train_files/train_none_none_none_no_tiny_v02.simpl,5,1999.9999,0.235,2
6798,tests/train_files/train_none_none_none_no_tiny_v03.simpl,5,1499.9999,0.235,2
6799,tests/train_files/train_shallow_few_dominated_has_large_v01.simpl,5,2277.7778,0.235,39
6800,tests/train_files/train_shallow_few_dominated_has_large_v02.simpl,5,2061.4036,0.235,37
6801,tests/train_files/train_shallow_few_dominated_has_large_v03.simpl,5,2061.4036,0.235,37
6802,tests/train_files/train_shallow_few_dominated_has_medium_v01.simpl,5,954.5454,0.235,6
6803,tests/train_files/train_shallow_few_dominated_has_medium_v02.simpl,5,772.7272,0.235,4
6804,tests/train_files/train_shallow_few_dominated_has_medium_v03.simpl,5,800.0000,0.235,4
6805,tests/train_files/train_shallow_few_dominated_no_large_v01.simpl,5,1795.4546,0.235,35
6806,tests/train_files/train_shallow_few_dominated_no_large_v02.simpl,5,1650.0000,0.234,33
6807,tests/train_files/train_shallow_few_dominated_no_large_v03.simpl,5,2039.4738,0.234,35
6808,tests/train_files/train_shallow_few_dominated_no_medium_v01.simpl,5,433.3333,0.234,2
6809,tests/train_files/train_shallow_few_dominated_no_medium_v02.simpl,5,0.0000,0.234,0
6810,tests/train_files/train_shallow_few_dominated_no_medium_v03.simpl,5,600.0000,0.234,2
6811,tests/train_files/train_shallow_few_light_has_large_v01.simpl,5,2519.6079,0.234,41
6812,tests/train_files/train_shallow_few_light_has_large_v02.simpl,5,2435.2939,0.234,39
6813,tests/train_files/train_shallow_few_light_has_large_v03.simpl,5,1927.2727,0.234,39
6814,tests/train_files/train_shallow_few_light_has_medium_v01.simpl,5,1500.0000,0.234,6
6815,tests/train_files/train_shallow_few_light_has_medium_v02.simpl,5,800.0000,0.233,4
6816,tests/train_files/train_shallow_few_light_has_medium_v03.simpl,5,633.3334,0.233,4
6817,tests/train_files/train_shallow_few_light_no_large_v01.simpl,5,2144.7368,0.233,37
6818,tests/train_files/train_shallow_few_light_no_large_v02.simpl,5,1842.1053,0.233,35
6819,tests/train_files/train_shallow_few_light_no_large_v03.simpl,5,2050.0000,0.233,37
6820,tests/train_files/train_shallow_few_light_no_medium_v01.simpl,5,600.0000,0.233,2
6821,tests/train_files/train_shallow_few_light_no_medium_v02.simpl,5,0.0000,0.233,0
6822,tests/train_files/train_shallow_few_light_no_medium_v03.simpl,5,600.0000,0.233,2
6823,tests/train_files/train_shallow_few_none_has_large_v01.simpl,5,2500.0002,0.233,43
6824,tests/train_files/train_shallow_few_none_has_large_v02.simpl,5,2104.7620,0.232,41
6825,tests/train_files/train_shallow_few_none_has_large_v03.simpl,5,2071.4287,0.232,41
6826,tests/train_files/train_shallow_few_none_has_medium_v01.simpl,5,954.5454,0.232,6
6827,tests/train_files/train_shallow_few_none_has_medium_v02.simpl,5,1300.0000,0.232,4
6828,tests/train_files/train_shallow_few_none_has_medium_v03.simpl,5,833.3333,0.232,4
6829,tests/train_files/train_shallow_few_none_no_large_v01.simpl,5,2059.5237,0.232,39
6830,tests/train_files/train_shallow_few_none_no_large_v02.simpl,5,1947.3685,0.232,37
6831,tests/train_files/train_shallow_few_none_no_large_v03.simpl,5,1833.3334,0.232,39
6832,tests/train_files/train_shallow_few_none_no_medium_v01.simpl,5,600.0000,0.232,2
6833,tests/train_files/train_shallow_few_none_no_medium_v02.simpl,5,0.0000,0.231,0
6834,tests/train_files/train_shallow_few_none_no_medium_v03.simpl,5,1100.0000,0.231,2
6835,tests/train_files/train_shallow_many_dominated_has_large_v01.simpl,5,2933.3335,0.231,32
6836,tests/train_files/train_shallow_many_dominated_has_large_v02.simpl,5,2686.2744,0.231,29
6837,tests/train_files/train_shallow_many_dominated_has_large_v03.simpl,5,2543.8596,0.231,30
6838,tests/train_files/train_shallow_many_dominated_has_medium_v01.simpl,5,3022.7271,0.231,11
6839,tests/train_files/train_shallow_many_dominated_has_medium_v02.simpl,5,2416.6665,0.231,8
6840,tests/train_files/train_shallow_many_dominated_has_medium_v03.simpl,5,2153.8459,0.231,9
6841,tests/train_files/train_shallow_many_dominated_no_large_v01.simpl,5,2875.0000,0.230,31
6842,tests/train_files/train_shallow_many_dominated_no_large_v02.simpl,5,2635.2939,0.230,28
6843,tests/train_files/train_shallow_many_dominated_no_large_v03.simpl,5,2438.5967,0.230,29
6844,tests/train_files/train_shallow_many_dominated_no_medium_v01.simpl,5,3076.9231,0.230,10
6845,tests/train_files/train_shallow_many_dominated_no_medium_v02.simpl,5,1749.9999,0.230,7
6846,tests/train_files/train_shallow_many_dominated_no_medium_v03.simpl,5,1999.9999,0.230,8
6847,tests/train_files/train_shallow_many_light_has_large_v01.simpl,5,2845.2380,0.230,38
6848,tests/train_files/train_shallow_many_light_has_large_v02.simpl,5,2776.3159,0.230,35
6849,tests/train_files/train_shallow_many_light_has_large_v03.simpl,5,2718.1819,0.230,36
6850,tests/train_files/train_shallow_many_light_has_medium_v01.simpl,5,3106.0605,0.229,11
6851,tests/train_files/train_shallow_many_light_has_medium_v02.simpl,5,2320.5127,0.229,8
6852,tests/train_files/train_shallow_many_light_has_medium_v03.simpl,5,2487.1794,0.229,9
6853,tests/train_files/train_shallow_many_light_no_large_v01.simpl,5,3055.5557,0.229,37
6854,tests/train_files/train_shallow_many_light_no_large_v02.simpl,5,2754.9019,0.229,34
6855,tests/train_files/train_shallow_many_light_no_large_v03.simpl,5,2683.3335,0.229,35
6856,tests/train_files/train_shallow_many_light_no_medium_v01.simpl,5,2340.9092,0.229,10
6857,tests/train_files/train_shallow_many_light_no_medium_v02.simpl,5,2333.3333,0.229,7
6858,tests/train_files/train_shallow_many_light_no_medium_v03.simpl,5,1600.0000,0.229,8
6859,tests/train_files/train_shallow_many_none_has_large_v01.simpl,5,3344.4446,0.228,40
6860,tests/train_files/train_shallow_many_none_has_large_v02.simpl,5,2972.2222,0.228,37
6861,tests/train_files/train_shallow_many_none_has_large_v03.simpl,5,2950.0000,0.228,38
6862,tests/train_files/train_shallow_many_none_has_medium_v01.simpl,5,3564.1025,0.228,11
6863,tests/train_files/train_shallow_many_none_has_medium_v02.simpl,5,2820.5127,0.228,8
6864,tests/train_files/train_shallow_many_none_has_medium_v03.simpl,5,1842.8572,0.228,9
6865,tests/train_files/train_shallow_many_none_no_large_v01.simpl,5,3564.7058,0.228,39
6866,tests/train_files/train_shallow_many_none_no_large_v02.simpl,5,2926.3159,0.228,36
6867,tests/train_files/train_shallow_many_none_no_large_v03.simpl,5,3050.0000,0.228,37
6868,tests/train_files/train_shallow_many_none_no_medium_v01.simpl,5,2333.3333,0.227,10
6869,tests/train_files/train_shallow_many_none_no_medium_v02.simpl,5,1749.9999,0.227,7
6870,tests/train_files/train_shallow_many_none_no_medium_v03.simpl,5,2666.6667,0.227,8
6871,tests/train_files/train_shallow_none_dominated_no_large_v01.simpl,5,2333.3335,0.227,42
6872,tests/train_files/train_shallow_none_dominated_no_large_v02.simpl,5,2624.9998,0.227,42
6873,tests/train_files/train_shallow_none_dominated_no_large_v03.simpl,5,2000.0000,0.227,42
6874,tests/train_files/train_shallow_none_dominated_no_medium_v01.simpl,5,142.8571,0.227,1
6875,tests/train_files/train_shallow_none_dominated_no_medium_v02.simpl,5,166.6667,0.227,1
6876,tests/train_files/train_shallow_none_dominated_no_medium_v03.simpl,5,142.8571,0.227,1
6877,tests/train_files/train_shallow_none_none_no_large_v01.simpl,5,2470.5881,0.226,42
6878,tests/train_files/train_shallow_none_none_no_large_v02.simpl,5,2470.5881,0.226,42
6879,tests/train_files/train_shallow_none_none_no_large_v03.simpl,5,2210.5264,0.226,42
6880,tests/train_files/train_shallow_none_none_no_medium_v01.simpl,5,111.1111,0.226,1
6881,tests/train_files/train_shallow_none_none_no_medium_v02.simpl,5,111.1111,0.226,1
6882,tests/train_files/train_shallow_none_none_no_medium_v03.simpl,5,90.9091,0.226,1
6883,tests/train_files/train_shallow_none_none_no_tiny_v01.simpl,5,0.0000,0.226,0
6884,tests/train_files/train_shallow_none_none_no_tiny_v02.simpl,5,0.0000,0.226,0
6885,tests/train_files/train_shallow_none_none_no_tiny_v03.simpl,5,0.0000,0.226,0
